Threshold,Precision,Recall,F1
1.8000603e-05,0.3173736066634452,1.0,0.48182778620884736
1.8119812e-05,0.3177327178360296,1.0,0.4822415215531723
1.8239021e-05,0.3184376823265484,1.0,0.48305306224160693
1.835823e-05,0.3339710939317941,1.0,0.5007171338980818
1.847744e-05,0.33584379116688623,1.0,0.5028189536434124
1.859665e-05,0.33815316415930746,1.0,0.5054027755406277
1.8715858e-05,0.33917130553513286,1.0,0.5065390836863916
1.8835068e-05,0.3583576085448745,1.0,0.5276336712106213
1.8954277e-05,0.36070258396008636,1.0,0.5301710830289883
1.9073486e-05,0.3611968122291094,1.0,0.5307047538321606
1.9192696e-05,0.3633133320832552,1.0,0.5329858087181667
1.9311905e-05,0.36856922740372267,1.0,0.5386197750622042
1.9431114e-05,0.3894220623260208,1.0,0.5605525780572815
1.9550323e-05,0.3953417194625532,1.0,0.5666593510606579
1.9669533e-05,0.3984350901725308,1.0,0.5698299336499408
1.9788742e-05,0.40753633552783797,1.0,0.5790775304988781
1.9907951e-05,0.4109898501384072,1.0,0.5825553559939719
2.002716e-05,0.4118634880482957,1.0,0.5834324474251789
2.014637e-05,0.4187939046795634,1.0,0.5903519888921268
2.026558e-05,0.42363783452859893,1.0,0.5951483183124788
2.0384789e-05,0.4243754996550327,1.0,0.595875872308155
2.0503998e-05,0.42552654118990624,1.0,0.5970096324543566
2.0623207e-05,0.4270223809051539,1.0,0.5984802812159037
2.0742416e-05,0.4290934458359632,1.0,0.6005113858490948
2.0861626e-05,0.4304662245476056,1.0,0.601854436198899
2.0980835e-05,0.4321560405491307,1.0,0.6035041228690539
2.1100044e-05,0.43245505373464127,1.0,0.6037956298708055
2.1219254e-05,0.4326530156532613,1.0,0.6039885553670333
2.1338463e-05,0.4331462934811768,1.0,0.6044690516649207
2.1457672e-05,0.43817632891210695,1.0,0.6093499344364972
2.1576881e-05,0.4393188749192241,1.0,0.6104538466385496
2.169609e-05,0.4398424553358607,1.0,0.6109591374404452
2.18153e-05,0.4401522035438437,1.0,0.6112578926094798
2.193451e-05,0.4405224745924562,1.0,0.6116148540605199
2.2053719e-05,0.4407629836893469,1.0,0.6118466196312965
2.2172928e-05,0.4408783207235906,1.0,0.6119577362263297
2.2292137e-05,0.4417578659370725,1.0,0.6128045122000133
2.2411346e-05,0.4432890627681115,1.0,0.6142761989016088
2.2530556e-05,0.4442495528958591,1.0,0.6151977667974448
2.2649765e-05,0.4450454796030871,1.0,0.615960511700332
2.2768974e-05,0.44554694506404213,1.0,0.616440639998862
2.2888184e-05,0.4462395928096823,1.0,0.6171032682865968
2.3007393e-05,0.4466768102911681,1.0,0.6175212100257015
2.3126602e-05,0.4473058454150891,1.0,0.6181220696945239
2.3245811e-05,0.44819051364198886,1.0,0.6189662289943105
2.336502e-05,0.448584823754124,1.0,0.6193421514590629
2.348423e-05,0.4490422610287727,1.0,0.6197780009688294
2.360344e-05,0.4493442641960134,1.0,0.6200656009701706
2.3722649e-05,0.4495632098564915,1.0,0.6202740297191023
2.3841858e-05,0.4504568386301816,1.0,0.6211240810860319
2.3961067e-05,0.45079221051162144,1.0,0.6214428284605079
2.4080276e-05,0.4515117972618701,1.0,0.6221262479615668
2.4199486e-05,0.45188035683050554,1.0,0.6224760209644169
2.4318695e-05,0.45237622722125587,1.0,0.6229463352922382
2.4437904e-05,0.45273033156529663,1.0,0.6232819933773615
2.4557114e-05,0.453122076707203,1.0,0.6236531408506557
2.4676323e-05,0.45372690443294383,1.0,0.6242257743572553
2.4795532e-05,0.454365312009005,1.0,0.6248296836194664
2.4914742e-05,0.45495744056354565,1.0,0.6253893409560918
2.503395e-05,0.4553691038567299,1.0,0.6257781610467206
2.515316e-05,0.4558029570556477,1.0,0.6261877017293163
2.527237e-05,0.4563665912945167,1.0,0.6267193862985698
2.5391579e-05,0.4568669755597213,1.0,0.6271910614876007
2.5510788e-05,0.4573144826283988,1.0,0.627612618884467
2.5629997e-05,0.4576709578363057,1.0,0.6279482378875251
2.5749207e-05,0.45825006208389013,1.0,0.6284931108270544
2.5868416e-05,0.4591513916371435,1.0,0.6293403016602436
2.5987625e-05,0.4598924769466301,1.0,0.6300360897239724
2.6106834e-05,0.460460805399432,1.0,0.630569201917954
2.6226044e-05,0.4609427969881883,1.0,0.6310210020314848
2.6345253e-05,0.46157419539271505,1.0,0.6316123994110764
2.6464462e-05,0.4621907874335059,1.0,0.6321894355302484
2.6583672e-05,0.46277034047075966,1.0,0.6327313652779842
2.670288e-05,0.46339013452914796,1.0,0.633310448702312
2.682209e-05,0.4638782814800627,1.0,0.6337661869567803
2.69413e-05,0.46452888995444735,1.0,0.6343731284085907
2.7060509e-05,0.46510874261846463,1.0,0.6349136086822432
2.7179718e-05,0.4656117078797491,1.0,0.6353820758929709
2.7298927e-05,0.46618305182618736,1.0,0.6359138418166398
2.7418137e-05,0.46685139449430757,1.0,0.6365353614741271
2.7537346e-05,0.4674934552605228,1.0,0.63713190733361
2.7656555e-05,0.46807508334541237,1.0,0.6376718540722256
2.7775764e-05,0.46870917799603273,1.0,0.6382600201957732
2.7894974e-05,0.4693165715946663,1.0,0.6388229432289011
2.8014183e-05,0.46992554146152166,1.0,0.639386860095442
2.8133392e-05,0.47047896558004004,1.0,0.6398989355076723
2.8252602e-05,0.47090204275072606,1.0,0.6402901428685815
2.8371811e-05,0.47162991090988754,1.0,0.6409626553641768
2.849102e-05,0.4722967043681747,1.0,0.6415781544019236
2.861023e-05,0.4729249807783839,1.0,0.6421575894757021
2.8729439e-05,0.47357808031676973,1.0,0.6427593941967017
2.8848648e-05,0.474320056794536,1.0,0.6434424484580228
2.8967857e-05,0.47494791028312294,1.0,0.6440199057224402
2.9087067e-05,0.47558326481020113,1.0,0.6446037616838313
2.9206276e-05,0.4762612917101948,1.0,0.6452262768907694
2.9325485e-05,0.47712329779113005,1.0,0.6460168833225084
2.9444695e-05,0.4779884298947836,1.0,0.6468094296174753
2.9563904e-05,0.4795263021123362,1.0,0.6482159839762649
2.9683113e-05,0.48029300215661486,1.0,0.6489161243244455
2.9802322e-05,0.48093080980452996,1.0,0.6494980094586845
2.9921532e-05,0.48146859663291297,1.0,0.6499882541921648
3.0040741e-05,0.4820555562466568,1.0,0.650522918607532
3.015995e-05,0.48260788342985245,1.0,0.6510256495578093
3.027916e-05,0.4836921924733196,1.0,0.652011504363241
3.0398369e-05,0.48478744964595794,1.0,0.6530058514389039
3.0517578e-05,0.4858145803297185,1.0,0.6539370167604976
3.0636787e-05,0.4867849157098711,1.0,0.654815511365847
3.0755997e-05,0.4876854730112385,1.0,0.6556298069456316
3.0875206e-05,0.4887064431917067,1.0,0.6565517898359966
3.0994415e-05,0.48938534786507204,1.0,0.6571641721610196
3.1113625e-05,0.4901715239829994,1.0,0.6578726177554155
3.1232834e-05,0.4909229112560968,1.0,0.6585490158572331
3.1352043e-05,0.49192002538876545,1.0,0.6594455650708929
3.1471252e-05,0.4931344727096881,1.0,0.6605359107570338
3.159046e-05,0.49400201420139467,1.0,0.6613137147059208
3.170967e-05,0.49506228042159056,1.0,0.6622630824057353
3.182888e-05,0.49607629776611406,1.0,0.6631697797645588
3.194809e-05,0.49694148424575846,1.0,0.6639424268162798
3.20673e-05,0.49778411499479747,1.0,0.6646940726475206
3.2186508e-05,0.4985911143706334,1.0,0.6654131420670569
3.2305717e-05,0.5001355170945135,1.0,0.666787110979478
3.2424927e-05,0.5013065976714101,1.0,0.6678270715786134
3.2544136e-05,0.5025287892934952,1.0,0.6689106918014344
3.2663345e-05,0.5032335982546361,1.0,0.6695347888595001
3.2782555e-05,0.5039534944208911,1.0,0.670171641529493
3.2901764e-05,0.5051293749592648,1.0,0.6712105683498244
3.3020973e-05,0.505867916400141,1.0,0.6718622629933366
3.3140182e-05,0.5066549866638774,1.0,0.6725560765878614
3.325939e-05,0.5076505882044698,1.0,0.673432675726132
3.33786e-05,0.5087502789848889,1.0,0.6743995778482126
3.349781e-05,0.5094927555286755,1.0,0.6750516029803347
3.361702e-05,0.5101433630415608,1.0,0.6756224238683874
3.373623e-05,0.511119025007914,1.0,0.6764775152279611
3.385544e-05,0.5117940725870358,1.0,0.6770684956131533
3.3974648e-05,0.5125319084211779,1.0,0.6777138415117516
3.4093857e-05,0.5130340381025512,1.0,0.678152667808013
3.4213066e-05,0.5137482102137138,1.0,0.6787763028929367
3.4332275e-05,0.5148334639758732,1.0,0.6797228511522487
3.4451485e-05,0.5155526581874301,1.0,0.6803493788230013
3.4570694e-05,0.5163013789887416,1.0,0.6810009972134572
3.4689903e-05,0.5185051380860629,1.0,0.6829152192728373
3.4809113e-05,0.5191511595193119,1.0,0.6834753116552333
3.4928322e-05,0.5199173520454027,1.0,0.6841389736422682
3.504753e-05,0.5209728160038719,1.0,0.6850521023082968
3.516674e-05,0.5216671378377287,1.0,0.685652100170542
3.528595e-05,0.5231178368454446,1.0,0.6869039555000723
3.540516e-05,0.5241154512010388,1.0,0.6877634464622824
3.552437e-05,0.5261149955875365,1.0,0.6894827633058864
3.5643578e-05,0.5267013714270181,1.0,0.6899861070862552
3.5762787e-05,0.5272747064346264,1.0,0.690477882938483
3.5881996e-05,0.527993132860082,1.0,0.6910935894277508
3.6001205e-05,0.5290600040958428,1.0,0.6920068528620629
3.6120415e-05,0.5302762839197012,1.0,0.6930464596840008
3.6239624e-05,0.5322135391630386,1.0,0.6946989072818951
3.6358833e-05,0.5327403456192689,1.0,0.6951475423298649
3.6478043e-05,0.5337970934637372,1.0,0.6960465530392203
3.6597252e-05,0.535345720798508,1.0,0.6973617864167747
3.671646e-05,0.5360789087790166,1.0,0.6979835504872755
3.683567e-05,0.5367769281914894,1.0,0.6985749393443911
3.695488e-05,0.5379169616457752,1.0,0.699539665096657
3.707409e-05,0.5385973202868739,1.0,0.7001147209665983
3.71933e-05,0.5394971320376455,1.0,0.700874483370042
3.7312508e-05,0.5403095370886782,1.0,0.701559680792619
3.7431717e-05,0.5417522962714424,1.0,0.702774750610376
3.7550926e-05,0.543278936742934,1.0,0.7040579901507964
3.7670135e-05,0.5441791883162477,1.0,0.70481352023083
3.7789345e-05,0.5448831519446553,1.0,0.7054037034862517
3.7908554e-05,0.5453125439756832,1.0,0.7057634296346552
3.8027763e-05,0.5462580526931589,1.0,0.7065548317875564
3.8146973e-05,0.5475780013565453,1.0,0.7076580273669827
3.8266182e-05,0.548445991847826,1.0,0.7083824572420895
3.838539e-05,0.5489432230281052,1.0,0.7087970834863316
3.85046e-05,0.5502918246495974,1.0,0.7099203031975929
3.862381e-05,0.5511684469540729,1.0,0.7106493746480198
3.874302e-05,0.5519299245121777,1.0,0.7112820137536264
3.886223e-05,0.5527171587505348,1.0,0.7119353992785488
3.8981438e-05,0.5533959785216497,1.0,0.7124982716716177
3.9100647e-05,0.5538943125455611,1.0,0.7129111735709049
3.9219856e-05,0.5551639661322904,1.0,0.7139619675514721
3.9339066e-05,0.5564634251414458,1.0,0.7150356540060658
3.9458275e-05,0.5575202140822375,1.0,0.7159075117766179
3.9577484e-05,0.5585407688205365,1.0,0.7167483538585699
3.9696693e-05,0.5595650667128748,1.0,0.7175911734216065
3.9815903e-05,0.5605525820917112,1.0,0.7184026798358212
3.9935112e-05,0.5613727563777543,1.0,0.719075890736956
4.005432e-05,0.5623911529083943,1.0,0.7199108216427723
4.017353e-05,0.5631512403540132,1.0,0.7205332692232747
4.029274e-05,0.5639790423519139,1.0,0.7212104810531847
4.041195e-05,0.564998687778847,1.0,0.7220436522800073
4.053116e-05,0.5658154102238381,1.0,0.7227102286972663
4.0650368e-05,0.5663943172018651,1.0,0.7231822886049976
4.0769577e-05,0.5672565983048614,1.0,0.7238847745786875
4.0888786e-05,0.5678051782495934,1.0,0.7243312912920393
4.1007996e-05,0.5686801091837633,1.0,0.7250427951871623
4.1127205e-05,0.5696414658885443,1.0,0.7258236669186905
4.1246414e-05,0.5706648994919372,1.0,0.7266539107651295
4.1365623e-05,0.5713295786276649,1.0,0.7271925416062976
4.1484833e-05,0.5721478244179008,1.0,0.7278549916137406
4.1604042e-05,0.5728328997161779,1.0,0.7284090969581087
4.172325e-05,0.5735535722214822,1.0,0.7289914734416116
4.184246e-05,0.5742420200942474,1.0,0.7295473111715464
4.196167e-05,0.5748724187040114,1.0,0.7300558549711654
4.208088e-05,0.575863401295845,1.0,0.7308544600604795
4.220009e-05,0.5767032770783106,1.0,0.7315305064746368
4.2319298e-05,0.5771241343361382,1.0,0.7318689989101247
4.2438507e-05,0.5780194209513582,1.0,0.7325884708566374
4.2557716e-05,0.5787532110639824,1.0,0.7331775521875906
4.2676926e-05,0.5792982823314846,1.0,0.7336147770745435
4.2796135e-05,0.5804784516979493,1.0,0.7345604078328611
4.2915344e-05,0.5813144117249966,1.0,0.7352293809992102
4.3034554e-05,0.5817856981998889,1.0,0.7356062141463844
4.3153763e-05,0.5825728761068599,1.0,0.7362351285317332
4.3272972e-05,0.5833534051905823,1.0,0.7368581134116117
4.339218e-05,0.5845678081158546,1.0,0.737826177501119
4.351139e-05,0.58518574448807,1.0,0.73831819751251
4.36306e-05,0.5861416989351403,1.0,0.7390786026661487
4.374981e-05,0.586594208383161,1.0,0.7394382276029435
4.386902e-05,0.5877240877240877,1.0,0.7403352869261817
4.3988228e-05,0.5884648676557683,1.0,0.7409227310385554
4.4107437e-05,0.5895391824253396,1.0,0.7417736979807502
4.4226646e-05,0.5899251004749726,1.0,0.7420791037116697
4.4345856e-05,0.5907434791225209,1.0,0.7427262574538454
4.4465065e-05,0.591518981545084,1.0,0.7433388915715338
4.4584274e-05,0.5920883755042171,1.0,0.7437883234311791
4.4703484e-05,0.5926860603835918,1.0,0.7442597400765184
4.4822693e-05,0.5932577044963946,1.0,0.7447102864760516
4.4941902e-05,0.5939214664500506,1.0,0.7452330308928649
4.506111e-05,0.5946323348882887,1.0,0.7457923913238389
4.518032e-05,0.5951985992074463,1.0,0.7462376105043912
4.529953e-05,0.5959125299870824,1.0,0.7467984805632342
4.541874e-05,0.5963802576296228,1.0,0.7471656593640499
4.553795e-05,0.5990076052680393,1.0,0.7492242057491747
4.5657158e-05,0.5998049716744575,1.0,0.7498476108589979
4.5776367e-05,0.601126209977662,1.0,0.750879227979976
4.5895576e-05,0.6014714327843916,1.0,0.7511484959589987
4.6014786e-05,0.6023221835364337,1.0,0.7518115719374365
4.6133995e-05,0.6029594821684198,1.0,0.7523078220183347
4.6253204e-05,0.6035981308411215,1.0,0.7528047276539264
4.6372414e-05,0.604125093539536,1.0,0.7532144372113139
4.6491623e-05,0.605191235495307,1.0,0.7540425319334031
4.6610832e-05,0.6064983644530699,1.0,0.755056306433614
4.673004e-05,0.6069543425483593,1.0,0.7554095629235912
4.684925e-05,0.6075538553196826,1.0,0.7558737140031856
4.696846e-05,0.6082118249022962,1.0,0.756382724840782
4.708767e-05,0.608766004241615,1.0,0.7568111196438869
4.720688e-05,0.6106751134644478,1.0,0.7582846528987535
4.7326088e-05,0.6115135160725276,1.0,0.7589306650908072
4.7445297e-05,0.6125090886099959,1.0,0.7596969085482826
4.7564507e-05,0.6140523238309538,1.0,0.7608827929061016
4.7683716e-05,0.6156033551502827,1.0,0.7620723853753791
4.7802925e-05,0.61644554738952,1.0,0.7627173641221164
4.7922134e-05,0.617073792158986,1.0,0.7631980572996966
4.8041344e-05,0.6177919489836589,1.0,0.7637470881877454
4.8160553e-05,0.6183933358866335,1.0,0.7642064736096008
4.8279762e-05,0.6188673821387505,1.0,0.7645683459238005
4.839897e-05,0.6195005755211664,1.0,0.7650513757879339
4.851818e-05,0.6201350659326591,1.0,0.76553501636358
4.863739e-05,0.6225960379813948,1.0,0.7674073146621317
4.87566e-05,0.6230464981670847,1.0,0.7677494083280393
4.887581e-05,0.623919238757668,1.0,0.7684116549945192
4.8995018e-05,0.6249959678720042,1.0,0.769227710570042
4.9114227e-05,0.6255508741343406,1.0,0.7696478532168092
4.9233437e-05,0.6262180637029137,1.0,0.770152630608771
4.9352646e-05,0.6271910657926681,1.0,0.7708880353674986
4.9471855e-05,0.6285236967593344,1.0,0.7718938252487086
4.9591064e-05,0.629044040062984,1.0,0.772286102439849
4.9710274e-05,0.6294425313494899,1.0,0.7725863482466724
4.9829483e-05,0.6304768722646145,1.0,0.773364994159166
4.9948692e-05,0.6311340575579407,1.0,0.7738592064389235
5.00679e-05,0.6317926143311323,1.0,0.7743540507668399
5.018711e-05,0.6326900470219435,1.0,0.7750277455305654
5.030632e-05,0.6330414611036691,1.0,0.7752913472256606
5.042553e-05,0.6340876736537234,1.0,0.7760754578798866
5.054474e-05,0.6346380609236816,1.0,0.7764875567410076
5.0663948e-05,0.6352310542104487,1.0,0.7769312461259562
5.0783157e-05,0.6358251566960916,1.0,0.7773754428540554
5.0902367e-05,0.6365771922331372,1.0,0.7779372599893447
5.1021576e-05,0.6375826779426766,1.0,0.7786876139288975
5.1140785e-05,0.6380550936064413,1.0,0.77903984084743
5.1259995e-05,0.6386755447143752,1.0,0.7795021325325108
5.1379204e-05,0.639371040126716,1.0,0.7800199229787491
5.1498413e-05,0.6399306415655189,1.0,0.7804362226593241
5.1617622e-05,0.6405229838509727,1.0,0.7808765695473802
5.173683e-05,0.6410315792956278,1.0,0.7812544054325911
5.185604e-05,0.6414878823996821,1.0,0.7815931940404318
5.197525e-05,0.6423598448430196,1.0,0.7822400711376591
5.209446e-05,0.6429993694620516,1.0,0.7827140746365728
5.221367e-05,0.6433623323150485,1.0,0.7829829316993192
5.2332878e-05,0.6437684819084959,1.0,0.7832836376624412
5.2452087e-05,0.6444644015366962,1.0,0.7837985389230359
5.2571297e-05,0.6453122398001665,1.0,0.7844252540860177
5.2690506e-05,0.6458177091145443,1.0,0.7847985856684013
5.2809715e-05,0.6464749257615695,1.0,0.7852836526327629
5.2928925e-05,0.6472415693741544,1.0,0.7858489944384047
5.3048134e-05,0.64820514536148,1.0,0.7865588130857621
5.3167343e-05,0.6487694625816173,1.0,0.7869741323701055
5.3286552e-05,0.6495633370769566,1.0,0.787557917345811
5.340576e-05,0.6501409301389168,1.0,0.787982304207524
5.352497e-05,0.6506539953322028,1.0,0.78835903009396
5.364418e-05,0.6512882569454949,1.0,0.7888244227038917
5.376339e-05,0.6519785988289926,1.0,0.7893305583310773
5.38826e-05,0.6526264378463041,1.0,0.7898051476748471
5.4001808e-05,0.653683304937501,1.0,0.7905785818032592
5.4121017e-05,0.6542461590410265,1.0,0.7909900851338175
5.4240227e-05,0.655252878810937,1.0,0.7917254012849272
5.4359436e-05,0.6559849677517647,1.0,0.7922595634199022
5.4478645e-05,0.6568968147683545,1.0,0.79292422430732
5.4597855e-05,0.6576995536244675,1.0,0.7935087491806346
5.4717064e-05,0.658649760342659,1.0,0.7941999234794325
5.4836273e-05,0.6590754473093408,1.0,0.7945093086702851
5.4955482e-05,0.6598161076111017,1.0,0.7950472351849978
5.507469e-05,0.6602095578839765,1.0,0.7953327949138951
5.51939e-05,0.6607724443686589,1.0,0.7957410934056598
5.531311e-05,0.6618332735563868,1.0,0.796509830564999
5.543232e-05,0.6624442279091235,1.0,0.7969521176148293
5.555153e-05,0.6633173570694968,1.0,0.797583636414688
5.567074e-05,0.6636922602634148,1.0,0.7978545938165974
5.5789948e-05,0.6641358744087201,1.0,0.7981750536491707
5.5909157e-05,0.6645914797283392,1.0,0.7985039979229983
5.6028366e-05,0.6651276153859357,1.0,0.7988908540650457
5.6147575e-05,0.6658018624789526,1.0,0.7993770129314883
5.6266785e-05,0.6671314946803016,1.0,0.8003345780550581
5.6385994e-05,0.6676717379692965,1.0,0.8007232104067389
5.6505203e-05,0.6681552494094523,1.0,0.8010708183673354
5.6624413e-05,0.6688818310491249,1.0,0.8015927965620855
5.6743622e-05,0.6693439734687532,1.0,0.8019245644961849
5.686283e-05,0.6698993880302874,1.0,0.8023230487063595
5.698204e-05,0.6713501152093692,1.0,0.8033626289108867
5.710125e-05,0.6718739163603579,1.0,0.8037375375821745
5.722046e-05,0.6725035576689459,1.0,0.8041878901415422
5.733967e-05,0.6730993034687603,1.0,0.8046136867670507
5.7458878e-05,0.6738249665269784,1.0,0.8051319295343516
5.7578087e-05,0.6743409031584443,1.0,0.8055001199085324
5.7697296e-05,0.6748341256987618,1.0,0.8058518886316017
5.7816505e-05,0.6753045327013227,1.0,0.8061871922252857
5.7935715e-05,0.6759406234192119,1.0,0.8066402949371481
5.8054924e-05,0.6764716151106767,1.0,0.8070182697735998
5.8174133e-05,0.676885185767437,1.0,0.8073124951856424
5.8293343e-05,0.6774295054455186,1.0,0.8076995178728521
5.8412552e-05,0.6777494053448999,1.0,0.8079268562350511
5.853176e-05,0.6783069894449404,1.0,0.8083228988132376
5.865097e-05,0.6786514886164623,1.0,0.8085674592681138
5.877018e-05,0.6790677297818277,1.0,0.8088628155884449
5.888939e-05,0.6795678936569455,1.0,0.8092175281241245
5.90086e-05,0.6801165382522772,1.0,0.8096063799380596
5.9127808e-05,0.6805226278910489,1.0,0.8098940324244158
5.9247017e-05,0.6811326724319764,1.0,0.8103258946184184
5.9366226e-05,0.6816238940388032,1.0,0.8106734120533469
5.9485435e-05,0.6821998838089538,1.0,0.8110806406773329
5.9604645e-05,0.6825844181007908,1.0,0.8113523537968966
5.9723854e-05,0.6830054991539763,1.0,0.8116497485469477
5.9843063e-05,0.6834512072523324,1.0,0.811964374432942
5.9962273e-05,0.6839337086782329,1.0,0.8123047850304604
6.0081482e-05,0.6844289801829807,1.0,0.8126540022427787
6.020069e-05,0.684852340809077,1.0,0.8129523521514588
6.03199e-05,0.68539743181577,1.0,0.8133362669369597
6.043911e-05,0.6860526874867219,1.0,0.8137974435904305
6.055832e-05,0.6864902210884354,1.0,0.8141051853533536
6.067753e-05,0.6868187377040463,1.0,0.8143361444599609
6.0796738e-05,0.6872572492684225,1.0,0.8146442938599774
6.0915947e-05,0.6876963211414577,1.0,0.8149526765592252
6.1035156e-05,0.6881237347728806,1.0,0.8152527169925692
6.1154366e-05,0.6884538170447884,1.0,0.8154843277529866
6.1273575e-05,0.6888454359612479,1.0,0.8157589998641641
6.1392784e-05,0.6893723760051235,1.0,0.8161283820144468
6.151199e-05,0.6899492566545001,1.0,0.8165325081271283
6.16312e-05,0.690256501603135,1.0,0.8167476319300869
6.175041e-05,0.6906501746631496,1.0,0.8170231558585338
6.186962e-05,0.6911428979096811,1.0,0.8173678222900286
6.198883e-05,0.6915499241545463,1.0,0.8176523910897019
6.210804e-05,0.692155181652556,1.0,0.8180752983733109
6.222725e-05,0.6929101475189987,1.0,0.818602386478058
6.234646e-05,0.6937661128616442,1.0,0.8191994201531386
6.246567e-05,0.6942881714265238,1.0,0.8195632585266108
6.258488e-05,0.6946117444611745,1.0,0.8197886538111923
6.2704086e-05,0.6950976699133616,1.0,0.8201269792887557
6.2823296e-05,0.6954719216066333,1.0,0.820387419740535
6.2942505e-05,0.6959465526840395,1.0,0.8207175485324494
6.3061714e-05,0.6963842863817705,1.0,0.8210218496682542
6.318092e-05,0.6968476325774605,1.0,0.8213437849010061
6.330013e-05,0.697349241483561,1.0,0.8216921071182561
6.341934e-05,0.6980149866705094,1.0,0.8221540893798778
6.353855e-05,0.6985308697611536,1.0,0.822511828409479
6.365776e-05,0.699590186131321,1.0,0.8232457303222361
6.377697e-05,0.7001716505556057,1.0,0.823648184238989
6.389618e-05,0.700640052072033,1.0,0.8239721828243706
6.401539e-05,0.7010837117580012,1.0,0.824278902667365
6.41346e-05,0.7014644389334396,1.0,0.8245419871959729
6.425381e-05,0.7018964299299028,1.0,0.8248403527523828
6.4373016e-05,0.7026091055790257,1.0,0.8253322493696169
6.4492226e-05,0.7033232299399241,1.0,0.8258247330256943
6.4611435e-05,0.7037702953034761,1.0,0.8261328338835209
6.4730644e-05,0.7040132260232909,1.0,0.8263001849284558
6.484985e-05,0.7044995909462776,1.0,0.8266350905041744
6.496906e-05,0.704960978005785,1.0,0.8269526199896758
6.508827e-05,0.7056027968462645,1.0,0.8273940380655863
6.520748e-05,0.7060656305231128,1.0,0.8277121509892426
6.532669e-05,0.7064646685626778,1.0,0.8279862776388895
6.54459e-05,0.7068770521707406,1.0,0.8282694376029186
6.556511e-05,0.7076515704894083,1.0,0.8288008848814432
6.568432e-05,0.708363038113518,1.0,0.8292886443496154
6.580353e-05,0.7089073047582459,1.0,0.8296615019855924
6.592274e-05,0.7091797518392445,1.0,0.8298480565626378
6.604195e-05,0.7096732840084975,1.0,0.8301858448576436
6.6161156e-05,0.7103497580290365,1.0,0.8306485273449367
6.6280365e-05,0.710727582854942,1.0,0.830906785888508
6.6399574e-05,0.7109362100280698,1.0,0.8310493421156355
6.651878e-05,0.7114321907874204,1.0,0.8313881092807468
6.663799e-05,0.71170658242727,1.0,0.8315754412303116
6.67572e-05,0.7120204321622814,1.0,0.8317896382860941
6.687641e-05,0.7123345588235294,1.0,0.8320039457159863
6.699562e-05,0.7126751756354139,1.0,0.8322362367514616
6.711483e-05,0.7131079663605749,1.0,0.8325312545395328
6.723404e-05,0.7135544220818679,1.0,0.8328354311043872
6.735325e-05,0.7138041556145004,1.0,0.8330055089562223
6.747246e-05,0.7141856650509593,1.0,0.8332652354357447
6.759167e-05,0.7144753581503401,1.0,0.8334623773815439
6.771088e-05,0.7149499086732717,1.0,0.8337851745855936
6.7830086e-05,0.7153986744696955,1.0,0.8340902682816926
6.7949295e-05,0.7159802671692257,1.0,0.8344854270124196
6.8068504e-05,0.7164700661908812,1.0,0.8348180095056964
6.818771e-05,0.716774873758393,1.0,0.8350248836227347
6.830692e-05,0.7172923145268769,1.0,0.8353759045938725
6.842613e-05,0.7175313854016221,1.0,0.8355380138292458
6.854534e-05,0.7179168905274469,1.0,0.8357993221989108
6.866455e-05,0.7183560729645558,1.0,0.8360968719885206
6.878376e-05,0.7187024741273786,1.0,0.8363314544137394
6.890297e-05,0.7189691639763999,1.0,0.8365119920251354
6.902218e-05,0.7194096351991088,1.0,0.8368100495513979
6.914139e-05,0.719890765200914,1.0,0.8371354455538816
6.92606e-05,0.7204127161182375,1.0,0.8374882435840878
6.937981e-05,0.7208683681821564,1.0,0.8377960538081913
6.9499016e-05,0.7213245969993671,1.0,0.8381040903804756
6.9618225e-05,0.721593236750959,1.0,0.8382853941983924
6.9737434e-05,0.7221445742718176,1.0,0.8386573123616857
6.9856644e-05,0.722575472225848,1.0,0.8389478193340623
6.997585e-05,0.7228045959859732,1.0,0.8391022330385599
7.009506e-05,0.7234388126575189,1.0,0.8395294374789425
7.021427e-05,0.7238983019185145,1.0,0.8398387502484334
7.033348e-05,0.7245073477171596,1.0,0.8402484854297593
7.045269e-05,0.7254296304616421,1.0,0.8408683999047936
7.05719e-05,0.7257828888222955,1.0,0.8411056678306205
7.069111e-05,0.7261773138691603,1.0,0.8413704708406917
7.081032e-05,0.7268583647515615,1.0,0.84182741952551
7.092953e-05,0.7270629291905888,1.0,0.8419646009326524
7.104874e-05,0.7274314354902292,1.0,0.842211640165889
7.1167946e-05,0.728019087698204,1.0,0.8426053724382524
7.1287155e-05,0.7284981106536574,1.0,0.8429261240714164
7.1406364e-05,0.7291560824160316,1.0,0.8433664093300354
7.1525574e-05,0.7295816545543548,1.0,0.8436510047559267
7.164478e-05,0.729966469502317,1.0,0.8439082238313848
7.176399e-05,0.7304755980320081,1.0,0.8442483611343647
7.18832e-05,0.730723539062058,1.0,0.8444139324943764
7.200241e-05,0.7310130164119978,1.0,0.8446071811801716
7.212162e-05,0.7312751221905607,1.0,0.8447821014621604
7.224083e-05,0.731661726110681,1.0,0.8450400108210465
7.236004e-05,0.7322147270562893,1.0,0.8454087260573809
7.247925e-05,0.7325746261602737,1.0,0.845648563554876
7.259846e-05,0.7332954868010219,1.0,0.8461286470245788
7.271767e-05,0.7339204545454545,1.0,0.846544544057678
7.2836876e-05,0.7342263822047065,1.0,0.8467480203334826
7.2956085e-05,0.7345325650163015,1.0,0.8469515944483178
7.3075294e-05,0.7347554038680318,1.0,0.8470997098429313
7.3194504e-05,0.7350341426403642,1.0,0.8472849269529292
7.331371e-05,0.7352851884178968,1.0,0.8474516916161964
7.343292e-05,0.735690011960587,1.0,0.8477205061414965
7.355213e-05,0.7359554829642573,1.0,0.8478967184896721
7.367134e-05,0.7362631098951209,1.0,0.8481008453829221
7.379055e-05,0.736473003021837,1.0,0.8482400791708422
7.390976e-05,0.7367110266159695,1.0,0.8483979327401199
7.402897e-05,0.7370753604443261,1.0,0.848639469519149
7.414818e-05,0.7377910629628924,1.0,0.849113652891514
7.426739e-05,0.7382267774137011,1.0,0.8494021410314417
7.43866e-05,0.7384377917945004,1.0,0.8495418024530402
7.4505806e-05,0.7387193320243247,1.0,0.8497280891397481
7.4625015e-05,0.7394523423337468,1.0,0.8502128170876956
7.4744225e-05,0.739960663751456,1.0,0.8505487220651464
7.4863434e-05,0.7401868087788666,1.0,0.8506980983780518
7.498264e-05,0.7404979839865472,1.0,0.8509035764993483
7.510185e-05,0.7407669368404954,1.0,0.8510811147752924
7.522106e-05,0.7410077445262453,1.0,0.851240027621686
7.534027e-05,0.7414188956491792,1.0,0.8515112512492077
7.545948e-05,0.741759503847479,1.0,0.8517358429223805
7.557869e-05,0.7421430623384085,1.0,0.851988650211443
7.56979e-05,0.7425270177052196,1.0,0.8522416076186472
7.581711e-05,0.7430395766221813,1.0,0.8525791179098924
7.593632e-05,0.7435100443216486,1.0,0.852888737267337
7.605553e-05,0.7440953953684857,1.0,0.8532737292674378
7.6174736e-05,0.744438467745034,1.0,0.8534992517561754
7.6293945e-05,0.7447532287822878,1.0,0.8537060854543213
7.6413155e-05,0.7450252821410032,1.0,0.8538847952477734
7.6532364e-05,0.7452545339154182,1.0,0.8540353457478649
7.665157e-05,0.7456704125615764,1.0,0.8543083538843356
7.677078e-05,0.7461298521256932,1.0,0.8546098068758461
7.688999e-05,0.7463166612098685,1.0,0.8547323329311306
7.70092e-05,0.7466042425293336,1.0,0.8549209031732787
7.712841e-05,0.7468056813582841,1.0,0.8550529518570341
7.724762e-05,0.7470504318322023,1.0,0.8552133515375097
7.736683e-05,0.7472232934824528,1.0,0.85532661107843
7.748604e-05,0.7476990757713161,1.0,0.855638229554068
7.760525e-05,0.7480021619117476,1.0,0.8558366504701488
7.772446e-05,0.7485367691089262,1.0,0.8561864732297926
7.7843666e-05,0.7488405348998995,1.0,0.856385148530236
7.7962875e-05,0.7492169676346623,1.0,0.8566312552577364
7.8082085e-05,0.7495212858552059,1.0,0.8568301370562316
7.8201294e-05,0.75,1.0,0.8571428522448981
7.83205e-05,0.7502032756417703,1.0,0.8572755882659463
7.843971e-05,0.7504502585355463,1.0,0.8574368229991299
7.855892e-05,0.7506974041069353,1.0,0.8575981183931556
7.867813e-05,0.7509301604526781,1.0,0.8577499812668552
7.879734e-05,0.7513378315495579,1.0,0.8580158707525959
7.891655e-05,0.7515418331329273,1.0,0.85814887732133
7.903576e-05,0.7519647604447636,1.0,0.8584245221482
7.915497e-05,0.752212904728628,1.0,0.8585861893902615
7.927418e-05,0.7524612128390843,1.0,0.858747917537434
7.939339e-05,0.7526365878765514,1.0,0.8588621152707028
7.9512596e-05,0.7529729519664231,1.0,0.859081079176218
7.9631805e-05,0.7534267882487897,1.0,0.8593763811540511
7.9751015e-05,0.7536758985529796,1.0,0.8595384071562737
7.9870224e-05,0.7538518403237102,1.0,0.8596528152415737
7.998943e-05,0.7540718830878204,1.0,0.8597958681845962
8.010864e-05,0.7541599361656579,1.0,0.8598531026935639
8.022785e-05,0.7545564296284757,1.0,0.8601107523087166
8.034706e-05,0.7547474826169098,1.0,0.8602348609044955
8.046627e-05,0.7549827576129522,1.0,0.8603876591219701
8.058548e-05,0.7551740265814397,1.0,0.8605118476482202
8.070469e-05,0.7553801169590644,1.0,0.8606456292377519
8.08239e-05,0.7556894635230796,1.0,0.8608463796353059
8.094311e-05,0.7560138127475272,1.0,0.861056790048086
8.106232e-05,0.7562056045585824,1.0,0.861181171828394
8.1181526e-05,0.7564270237560756,1.0,0.8613247339270054
8.1300735e-05,0.7568259052380767,1.0,0.8615832663596783
8.1419945e-05,0.7570033209611252,1.0,0.8616982194871825
8.1539154e-05,0.75725480233717,1.0,0.8618611222694699
8.165836e-05,0.757432419225582,1.0,0.8619761495573938
8.177757e-05,0.7579805961974806,1.0,0.8623310103937902
8.189678e-05,0.7582920767860987,1.0,0.8625325479023749
8.201599e-05,0.7584850264239578,1.0,0.8626573564326795
8.21352e-05,0.7588563595417605,1.0,0.8628974743849804
8.225441e-05,0.7593024395023024,1.0,0.8631857924339332
8.237362e-05,0.7594661335841957,1.0,0.8632915573323767
8.249283e-05,0.7597937335790753,1.0,0.8635031649036368
8.261204e-05,0.7599725436360071,1.0,0.8636186309450625
8.273125e-05,0.7601961745953899,1.0,0.8637630069288369
8.2850456e-05,0.7634762392623532,1.0,0.8658764069906909
8.2969666e-05,0.7638374201687298,1.0,0.8661086414246927
8.3088875e-05,0.7640030756491394,1.0,0.8662151238448568
8.3208084e-05,0.7651193555393212,1.0,0.8669321412215585
8.332729e-05,0.7653460262284721,1.0,0.8670776273002837
8.34465e-05,0.7655425828246311,1.0,0.8672037547390637
8.356571e-05,0.765769504387005,1.0,0.8673493320025354
8.368492e-05,0.7661480060894837,1.0,0.8675920694187911
8.380413e-05,0.7666027023284337,1.0,0.8678835337210924
8.392334e-05,0.7668302528990383,1.0,0.8680293393218352
8.404255e-05,0.7670123906417007,1.0,0.8681460190807442
8.416176e-05,0.7671946149277371,1.0,0.8682627302118562
8.428097e-05,0.7674377153721235,1.0,0.8684183938764168
8.440018e-05,0.7675745270872536,1.0,0.8685059792184181
8.4519386e-05,0.7679395969164305,1.0,0.8687396265258631
8.4638596e-05,0.768152714730311,1.0,0.8688759788524197
8.4757805e-05,0.7684268972218367,1.0,0.8690513518921966
8.4877014e-05,0.7688537925834805,1.0,0.8693242951571682
8.499622e-05,0.7691590083563248,1.0,0.8695193596231147
8.511543e-05,0.7693575285895807,1.0,0.8696461984759322
8.523464e-05,0.7694950257153637,1.0,0.8697340316688434
8.535385e-05,0.7697242968377562,1.0,0.8698804597571961
8.547306e-05,0.7700302042762897,1.0,0.8700757739224594
8.559227e-05,0.7701373293320349,1.0,0.8701441546028829
8.571148e-05,0.7703363549618321,1.0,0.8702711758151568
8.583069e-05,0.7705201622524457,1.0,0.8703884590845349
8.59499e-05,0.7706734020126487,1.0,0.8704862192928703
8.606911e-05,0.7712255701946423,1.0,0.8708383379489035
8.6188316e-05,0.7713790906919341,1.0,0.8709361992479407
8.6307526e-05,0.7715480338476854,1.0,0.8710438720836879
8.6426735e-05,0.7717785301732722,1.0,0.8711907415898554
8.6545944e-05,0.7718400191212206,1.0,0.8712299151566522
8.666515e-05,0.7721322254767171,1.0,0.8714160377191126
8.678436e-05,0.7722861071805808,1.0,0.8715140289076603
8.690357e-05,0.7725016446384786,1.0,0.8716512536018353
8.702278e-05,0.7727018943170488,1.0,0.8717787152315831
8.714199e-05,0.7729639159834839,1.0,0.8719454520821248
8.72612e-05,0.7732415444477702,1.0,0.872122066515158
8.738041e-05,0.7735348131587352,1.0,0.8723085704976904
8.749962e-05,0.7737819488817891,1.0,0.8724656883640753
8.761883e-05,0.7739055759706023,1.0,0.8725442685239142
8.773804e-05,0.7741993486903882,1.0,0.8727309531459392
8.785725e-05,0.7743385820477979,1.0,0.8728194105885045
8.7976456e-05,0.774756582761861,1.0,0.8730848905383599
8.8095665e-05,0.7750510020400816,1.0,0.8732718065936694
8.8214874e-05,0.775268085787452,1.0,0.873409585433425
8.833408e-05,0.7754542543824542,1.0,0.873527716189497
8.845329e-05,0.775609463192026,1.0,0.873626182898999
8.85725e-05,0.7759200672780425,1.0,0.873823182929828
8.869171e-05,0.7760754626291757,1.0,0.8739217162661774
8.881092e-05,0.776184276414622,1.0,0.8739907028244411
8.893013e-05,0.7764175515928672,1.0,0.8741385678451341
8.904934e-05,0.7766820996933438,1.0,0.8743062086975136
8.916855e-05,0.7768689480964696,1.0,0.8744245821354395
8.928776e-05,0.7770558864224267,1.0,0.8745429876311686
8.940697e-05,0.777570431013725,1.0,0.87486876814883
8.952618e-05,0.7777733175441062,1.0,0.874997172579427
8.9645386e-05,0.7780075489881143,1.0,0.8751453783817297
8.9764595e-05,0.7782106637212571,1.0,0.8752738640272557
8.9883804e-05,0.7784764353730563,1.0,0.8754419406547291
9.000301e-05,0.7790398456033131,1.0,0.8757980808014252
9.012222e-05,0.7793061840120664,1.0,0.8759663588365854
9.024143e-05,0.779604071943025,1.0,0.8761545108301055
9.036064e-05,0.7797609465550547,1.0,0.876253570664206
9.047985e-05,0.7798864917082595,1.0,0.8763328346608141
9.059906e-05,0.7800905888273779,1.0,0.8764616692445397
9.071827e-05,0.7805305456523053,1.0,0.8767392878201458
9.083748e-05,0.7806406124093473,1.0,0.8768087199460597
9.095669e-05,0.7807507102129632,1.0,0.8768781630700021
9.10759e-05,0.7812544101933429,1.0,0.8771957574803302
9.119511e-05,0.7814434652846397,1.0,0.8773149147039655
9.1314316e-05,0.7817745319561007,1.0,0.8775235177598155
9.1433525e-05,0.7820427438396803,1.0,0.8776924595716361
9.1552734e-05,0.7821848128860361,1.0,0.8777819256920626
9.1671944e-05,0.782374318594791,1.0,0.8779012422285148
9.179115e-05,0.782532310177706,1.0,0.878000697456855
9.191036e-05,0.7826903655827105,1.0,0.8781001752218149
9.202957e-05,0.7828643002888948,1.0,0.8782096268022099
9.214878e-05,0.7829750262668714,1.0,0.8782792920154803
9.226799e-05,0.7831649151172191,1.0,0.8783987438130397
9.23872e-05,0.7833390608259718,1.0,0.8785082698414276
9.250641e-05,0.7839253924583266,1.0,0.8788768761048454
9.262562e-05,0.7842109523616789,1.0,0.8790563099373121
9.274483e-05,0.7842268229008561,1.0,0.8790662806318563
9.286404e-05,0.7843220596271784,1.0,0.8791261095493338
9.2983246e-05,0.7844331983805668,1.0,0.8791959202468176
9.3102455e-05,0.7846237952539078,1.0,0.8793156215264933
9.3221664e-05,0.7848144847699287,1.0,0.879435355404927
9.3340874e-05,0.7850211697020035,1.0,0.8795651039088032
9.346008e-05,0.78521205244068,1.0,0.8796849057441001
9.357929e-05,0.7854985506658829,1.0,0.879864669700926
9.36985e-05,0.7857533913255064,1.0,0.8800245215742188
9.381771e-05,0.7858808736741771,1.0,0.880104469293996
9.393692e-05,0.7860243407707911,1.0,0.8801944278436833
9.405613e-05,0.7861200146062401,1.0,0.8802544104274791
9.417534e-05,0.7862316635218212,1.0,0.8803244004420195
9.429455e-05,0.7866466372992834,1.0,0.8805844608259703
9.441376e-05,0.7868063592617409,1.0,0.8806845249682288
9.453297e-05,0.7869821283509342,1.0,0.8807946217942373
9.4652176e-05,0.7871579759897621,1.0,0.8809047461507094
9.4771385e-05,0.7872699199544919,1.0,0.8809748396254142
9.4890594e-05,0.787397894907953,1.0,0.8810549601136545
9.5009804e-05,0.7889689714146103,1.0,0.8820376201165216
9.512901e-05,0.789129637926119,1.0,0.8821380148060748
9.524822e-05,0.7891939228544662,1.0,0.882178179081339
9.536743e-05,0.7894029212247143,1.0,0.8823087382386552
9.548664e-05,0.7894994193508954,1.0,0.8823690093461167
9.560585e-05,0.7895637645428798,1.0,0.8824091946592553
9.572506e-05,0.7897407679139153,1.0,0.8825197231460757
9.584427e-05,0.7898695474928659,1.0,0.8826001248931954
9.596348e-05,0.7899339530332681,1.0,0.8826403312607418
9.608269e-05,0.7899983690777135,1.0,0.8826805412916136
9.62019e-05,0.7903206069505629,1.0,0.882881646413377
9.6321106e-05,0.7905785865839726,1.0,0.8830425965017359
9.6440315e-05,0.7913535370037575,1.0,0.8835257990555648
9.6559525e-05,0.7914666775596904,1.0,0.8835963102811749
9.6678734e-05,0.7916445352400409,1.0,0.8837071363772974
9.679794e-05,0.7917739364962609,1.0,0.8837877546378456
9.691715e-05,0.7919681177191907,1.0,0.8839087096121563
9.703636e-05,0.7922433708829963,1.0,0.8840801191774262
9.715557e-05,0.7923729679991821,1.0,0.8841608055079078
9.727478e-05,0.792535024031087,1.0,0.8842616841343616
9.739399e-05,0.7931352081542429,1.0,0.8846351352918647
9.75132e-05,0.7934275184275185,1.0,0.8848169283129022
9.763241e-05,0.7944523033396887,1.0,0.8854537927075017
9.775162e-05,0.7946315055571505,1.0,0.8855650852765214
9.787083e-05,0.7948107886370629,1.0,0.8856764058257546
9.7990036e-05,0.7950390841386102,1.0,0.8858181270086795
9.8109245e-05,0.7951695976032668,1.0,0.8858991309070776
9.8228455e-05,0.7954144258795517,1.0,0.8860510531540734
9.8347664e-05,0.7955613952247018,1.0,0.886142231515767
9.846687e-05,0.7956594049647866,1.0,0.8862030275160946
9.858608e-05,0.7958064648622006,1.0,0.8862942371596763
9.870529e-05,0.7960353327855382,1.0,0.8864361561515125
9.88245e-05,0.7961334593417431,1.0,0.8864969924907802
9.894371e-05,0.7962643323881149,1.0,0.8865781206005456
9.906292e-05,0.7963788816046363,1.0,0.8866491198783367
9.918213e-05,0.796493463783606,1.0,0.8867201305286193
9.930134e-05,0.7966735881252441,1.0,0.8868317416769975
9.942055e-05,0.7968332305161423,0.9999741942143429,0.8869204926549186
9.953976e-05,0.797046300676718,0.9999741942143429,0.887052462786496
9.9658966e-05,0.7973086973519063,0.9999741942143429,0.8872149414872417
9.9778175e-05,0.7973907317474689,0.9999741942143429,0.8872657282884727
9.9897385e-05,0.7975548511917013,0.9999741942143429,0.88736731933605
0.000100016594,0.797735460627895,0.9999741942143429,0.8874790963618613
0.0001001358,0.7978832928386114,0.9999741942143429,0.8875705712396367
0.00010025501,0.7979818780889621,0.9999741942143429,0.8876315649683888
0.00010037422,0.7980804877044115,0.9999741942143429,0.8876925670806783
0.00010049343,0.7982613353109614,0.9999741942143429,0.8878044260661899
0.00010061264,0.7983600140099306,0.9999741942143429,0.8878654519412248
0.00010073185,0.7985903592110958,0.9999741942143429,0.8880078782810553
0.00010085106,0.7986726575703863,0.9999741942143429,0.8880587559055396
0.00010097027,0.7988043702329417,0.9999741942143429,0.8881401722321781
0.00010108948,0.7989855460937338,0.9999741942143429,0.888252144059547
0.00010120869,0.7991173619846982,0.9999741942143429,0.8883335958509323
0.000101327896,0.7993646340457133,0.9999741942143429,0.8884863582295188
0.000101447105,0.7995955594073707,0.9999741942143429,0.8886289838595337
0.000101566315,0.7996945682681196,0.9999741942143429,0.8886901231479721
0.000101685524,0.7997770943840169,0.9999741942143429,0.888741078981961
0.00010180473,0.7998926595656841,0.9999741942143429,0.8888124269672872
0.00010192394,0.7999587118084228,0.9999741942143429,0.8888532023881868
0.00010204315,0.8000412924538041,0.9999741942143429,0.8889041769257467
0.00010216236,0.8001073692469699,0.9999741942143429,0.8889449607655705
0.00010228157,0.8002395555830907,0.9999741942143429,0.8890265396734757
0.00010240078,0.8002726089919663,0.9999741942143429,0.8890469367400482
0.00010251999,0.80042138312815,0.9999741942143429,0.8891387351231491
0.0001026392,0.8005536732501446,0.9999741942143429,0.889220349602096
0.00010275841,0.8006363767846443,0.9999741942143429,0.8892713662603609
0.00010287762,0.8008018351278183,0.9999741942143429,0.8893734171405784
0.000102996826,0.8010004754325403,0.9999741942143429,0.8894959091185092
0.000103116035,0.8012157803324788,0.9999741942143429,0.889628646843011
0.000103235245,0.8013483331954669,0.9999741942143429,0.8897103512893402
0.000103354454,0.8020615569308468,0.9999741942143429,0.8901497699385607
0.00010347366,0.8022109970188804,0.9999741942143429,0.8902417962203953
0.00010359287,0.8023937216573831,0.9999741942143429,0.8903542986306938
0.00010371208,0.8028758494944472,0.9999741942143429,0.890651032237259
0.00010383129,0.803058877168259,0.9999741942143429,0.890763638110532
0.0001039505,0.803175392778676,0.9999741942143429,0.890835311219887
0.00010406971,0.8033419023136247,0.9999741942143429,0.8909377213863703
0.00010418892,0.8034418411776902,0.9999741942143429,0.8909991787891609
0.00010430813,0.8036751285880206,0.9999741942143429,0.8911426123738382
0.00010442734,0.8045595166414052,0.9999741942143429,0.8916860295294908
0.00010454655,0.8046931782784758,0.9999741942143429,0.8917681123346832
0.000104665756,0.8048268843333957,0.9999741942143429,0.8918502102532833
0.000104784966,0.8049940793983837,0.9999741942143429,0.8919528539111221
0.000104904175,0.8050944297853774,0.9999741942143429,0.8920144514474051
0.000105023384,0.8052784704904405,0.9999741942143429,0.8921274023632422
0.00010514259,0.8054458532529619,0.9999741942143429,0.892230109839134
0.0001052618,0.8055965572441321,0.9999741942143429,0.8923225667891684
0.00010538101,0.8056970579062273,0.9999741942143429,0.8923842154019385
0.00010550022,0.8057975836469878,0.9999741942143429,0.8924458725336323
0.00010561943,0.8059148953870471,0.9999741942143429,0.8925178166232711
0.00010573864,0.8059987104020634,0.9999741942143429,0.8925692123608562
0.00010585785,0.8061663927434622,0.9999741942143429,0.8926720215958474
0.00010597706,0.8063844841220293,0.9999741942143429,0.8928057090139977
0.00010609627,0.8065355395982933,0.9999741942143429,0.8928982853011193
0.00010621548,0.8067706273032,0.9999741942143429,0.8930423310254635
0.000106334686,0.8068714211348256,0.9999741942143429,0.8931040791356561
0.000106453896,0.8071067047135032,0.9999741942143429,0.8932481912718881
0.000106573105,0.8072243979668361,0.9999741942143429,0.8933202647819662
0.000106692314,0.8073421255495135,0.9999741942143429,0.8933923499237724
0.00010681152,0.8074262377062844,0.9999741942143429,0.893443846433803
0.00010693073,0.8076281784076699,0.9999741942143429,0.8935674622828662
0.00010704994,0.8078470615214627,0.9999741942143429,0.8937014180597705
0.00010716915,0.8079986654989783,0.9999741942143429,0.8937941802043978
0.00010728836,0.8082514652816887,0.9999741942143429,0.8939488265785759
0.00010740757,0.808588777831104,0.9999741942143429,0.8941551050082261
0.00010752678,0.8087069037482261,0.9999741942143429,0.8942273249507999
0.00010764599,0.8087406603497934,0.9999741942143429,0.8942479613629375
0.0001077652,0.8088757149417609,0.9999741942143429,0.8943305165370481
0.00010788441,0.8091797527564317,0.9999741942143429,0.8945163214213343
0.000108003616,0.8092980514191432,0.9999741942143429,0.8945885997281718
0.000108122826,0.8094163846764423,0.9999741942143429,0.8946608897163519
0.000108242035,0.8095178407286705,0.9999741942143429,0.8947228618629054
0.000108361244,0.8096531550355203,0.9999741942143429,0.8948055047480693
0.00010848045,0.8097546704559703,0.9999741942143429,0.8948674969315751
0.00010859966,0.8098054377129005,0.9999741942143429,0.8948984962445565
0.00010871887,0.8099408481909579,0.9999741942143429,0.894981171580053
0.00010883808,0.8101271115571166,0.9999741942143429,0.8950948751122874
0.00010895729,0.8102118050473582,0.9999741942143429,0.8951465680873572
0.0001090765,0.8104320910193668,0.9999741942143429,0.8952809977695293
0.00010919571,0.8104829432557361,0.9999741942143429,0.8953120257379835
0.00010931492,0.8107033767103226,0.9999741942143429,0.8954465051240735
0.00010943413,0.8107881907392296,0.9999741942143429,0.8954982387225398
0.00010955334,0.8108730225161128,0.9999741942143429,0.8955499782990737
0.00010967255,0.8113653970979292,0.9999741942143429,0.8958501857836073
0.000109791756,0.811569313255283,0.9999741942143429,0.8959744684523114
0.000109910965,0.8117053143132449,0.9999741942143429,0.8960573427242472
0.000110030174,0.8118413609603822,0.9999741942143429,0.896140232328719
0.00011014938,0.8119094013870556,0.9999741942143429,0.8961816828819855
0.00011026859,0.8120455164609485,0.9999741942143429,0.89626459549324
0.0001103878,0.8121816771813628,0.9999741942143429,0.8963475234476719
0.00011050701,0.8122668008216996,0.9999741942143429,0.8963993612125413
0.00011062622,0.8123860038994528,0.9999741942143429,0.8964719441570945
0.00011074543,0.8124711703778253,0.9999741942143429,0.8965237963144301
0.00011086464,0.812743823146944,0.9999741942143429,0.896689763533828
0.00011098385,0.8128972707629697,0.9999741942143429,0.8967831471013819
0.00011110306,0.8131019577396815,0.9999741942143429,0.8969076887851781
0.00011122227,0.8131872744061109,0.9999741942143429,0.8969595913633761
0.00011134148,0.8132726089785296,0.9999741942143429,0.897011499948956
0.000111460686,0.8132896780422281,0.9999741942143429,0.8970218823870495
0.000111579895,0.8133238183192008,0.9999741942143429,0.8970426479842811
0.000111699104,0.8135799617879863,0.9999741942143429,0.8971984206142896
0.00011181831,0.8141953648645809,0.9999741942143429,0.8975724957473281
0.00011193752,0.8143664754218943,0.9999741942143429,0.8976764608711236
0.00011205673,0.8144862956112325,0.9999741942143429,0.8977492507891598
0.00011217594,0.814623276152035,0.9999741942143429,0.897832453722912
0.00011229515,0.8146917837019595,0.9999741942143429,0.8978740609734596
0.00011241436,0.8149145128388467,0.9999741942143429,0.8980093111744407
0.00011253357,0.8151202170849198,0.9999741942143429,0.898134193684378
0.00011265278,0.8152059578407035,0.9999741942143429,0.8981862383154098
0.00011277199,0.8152402591938063,0.9999741942143429,0.8982070578567412
0.0001128912,0.8153603366649133,0.9999741942143429,0.8982799338527685
0.00011301041,0.815463288368863,0.9999741942143429,0.8983424084050731
0.000113129616,0.8155834315541337,0.9999741942143429,0.8984153063669696
0.000113248825,0.8156177646811198,0.9999741942143429,0.8984361365291613
0.000113368034,0.8156692697918202,0.9999741942143429,0.8984673835835991
0.000113487244,0.8157379533924173,0.9999741942143429,0.8985090497040163
0.00011360645,0.8158925337937424,0.9999741942143429,0.8986028126060245
0.00011372566,0.8160987321511309,0.9999741942143429,0.8987278602536735
0.00011384487,0.816305034758795,0.9999741942143429,0.8988529427088934
0.00011396408,0.8164082251811899,0.9999741942143429,0.8989154969938844
0.00011408329,0.8165802672061365,0.9999741942143429,0.8990197734860873
0.0001142025,0.8168040302691765,0.9999741942143429,0.8991553690994605
0.00011432171,0.8169934640522876,0.9999741942143429,0.8992701358009906
0.00011444092,0.8171140585791704,0.9999741942143429,0.8993431844116958
0.00011456013,0.8173036362102422,0.9999741942143429,0.899457999066165
0.00011467934,0.8173725953425582,0.9999741942143429,0.899499757118283
0.000114798546,0.8175105485232067,0.9999741942143429,0.8995832848555039
0.000114917755,0.8177175656284291,0.9999741942143429,0.8997086055518997
0.000115036964,0.8179592181365306,0.9999741942143429,0.899854857169135
0.000115156174,0.8180973694211038,0.9999741942143429,0.8999384508717693
0.00011527538,0.8181664625649254,0.9999741942143429,0.899980253547552
0.00011539459,0.8182355673803793,0.9999741942143429,0.9000220601070336
0.0001155138,0.8182701241658924,0.9999741942143429,0.9000429648433305
0.00011563301,0.818321964817435,0.9999741942143429,0.9000743237686613
0.00011575222,0.8184429518861149,0.9999741942143429,0.900147503093083
0.00011587143,0.8185985592665357,0.9999741942143429,0.9002416082827065
0.00011599064,0.8187542258282623,0.9999741942143429,0.9003357331506884
0.00011610985,0.8188407328360416,0.9999741942143429,0.9003880332492782
0.00011622906,0.8189791820775653,0.9999741942143429,0.900471726046648
0.00011634827,0.8191349934469201,0.9999741942143429,0.9005658990432771
0.000116467476,0.8193081867388363,0.9999741942143429,0.9006705588109738
0.000116586685,0.8195681140415811,0.9999741942143429,0.9008275940820707
0.000116705894,0.819706809383792,0.9999741942143429,0.9009113686192363
0.000116825104,0.8197588322403215,0.9999741942143429,0.9009427880879477
0.00011694431,0.8200190456036398,0.9999741942143429,0.9010999183100511
0.00011706352,0.8201752529314651,0.9999741942143429,0.9011942227544076
0.00011718273,0.820366253837197,0.9999741942143429,0.9013095105511998
0.00011730194,0.8205920969039854,0.9999741942143429,0.9014457978005685
0.00011742115,0.8208006778224952,0.9999741942143429,0.901571638002781
0.00011754036,0.8210093648035933,0.9999741942143429,0.9016975133440276
0.00011765957,0.8212877792378449,0.9999741942143429,0.90186540181852
0.00011777878,0.8214096449390567,0.9999741942143429,0.9019388726869556
0.00011789799,0.8215663825637112,0.9999741942143429,0.9020333528234922
0.0001180172,0.8218800373292611,0.9999741942143429,0.9022223724910561
0.000118136406,0.8219672061599813,0.9999741942143429,0.9022748920137561
0.000118255615,0.8221067147554896,0.9999741942143429,0.9023589359693331
0.000118374825,0.8230671197960917,0.9999741942143429,0.9029371622710468
0.000118494034,0.8231545406266596,0.9999741942143429,0.9029897650467994
0.00011861324,0.8232594701395823,0.9999741942143429,0.9030528964685512
0.00011873245,0.8235219109958771,0.9999741942143429,0.9032107636500465
0.00011885166,0.8236619478807975,0.9999741942143429,0.9032949820509445
0.00011897087,0.8238195463146034,0.9999741942143429,0.9033897465270387
0.00011909008,0.8239596844500202,0.9999741942143429,0.903473998310728
0.00011920929,0.8240472949982988,0.9999741942143429,0.9035266636562479
0.0001193285,0.8241524522523289,0.9999741942143429,0.9035898701761609
0.00011944771,0.8242401038010763,0.9999741942143429,0.9036425490317567
0.00011956692,0.8244505436054552,0.9999741942143429,0.9037690033492929
0.00011968613,0.8244856273537735,0.9999741942143429,0.9037900825098163
0.000119805336,0.8245908965165024,0.9999741942143429,0.9038533258915055
0.000119924545,0.8247488506725694,0.9999741942143429,0.9039482075614163
0.000120043755,0.8248190719455087,0.9999741942143429,0.9039903835869681
0.000120162964,0.8250122421171411,0.9999741942143429,0.9041063879530952
0.00012028217,0.8251527863546347,0.9999741942143429,0.9041907734666327
0.00012040138,0.825205502789727,0.9999741942143429,0.9042224220955125
0.00012052059,0.8252406508220461,0.9999741942143429,0.904243522412317
0.0001206398,0.8253636925174125,0.9999741942143429,0.904317381276792
0.00012075901,0.8253988540268814,0.9999741942143429,0.9043384860256863
0.00012087822,0.8255922958922789,0.9999741942143429,0.9044545797550884
0.00012099743,0.8257154424769333,0.9999741942143429,0.9045284731034416
0.00012111664,0.82575063396339,0.9999741942143429,0.9045495877064248
0.00012123585,0.8257858284496538,0.9999741942143429,0.9045707032951963
0.00012135506,0.8259618458915059,0.9999741942143429,0.9046762960282978
0.000121474266,0.8259970583846695,0.9999741942143429,0.9046974175332503
0.000121593475,0.8260674923788612,0.9999741942143429,0.9047396635020397
0.000121712685,0.8262788664520119,0.9999741942143429,0.9048664250844602
0.000121831894,0.826455094162561,0.9999741942143429,0.9049720868735234
0.0001219511,0.8266313970603921,0.9999741942143429,0.9050777733418479
0.00012207031,0.8266843025984554,0.9999741942143429,0.9051094840960938
0.00012218952,0.826807775193633,0.9999741942143429,0.9051834844980812
0.00012230873,0.8269312846777636,0.9999741942143429,0.9052574970013829
0.00012242794,0.8269665798796364,0.9999741942143429,0.9052786456540036
0.00012254715,0.827054831067381,0.9999741942143429,0.9053315216089678
0.00012266636,0.8271784143790292,0.9999741942143429,0.9054055583238053
0.00012278557,0.8272667107875579,0.9999741942143429,0.9054584491057958
0.00012290478,0.827425691834643,0.9999741942143429,0.9055536680871219
0.00012302399,0.8274786990967136,0.9999741942143429,0.9055854121980892
0.0001231432,0.8275670596275414,0.9999741942143429,0.905638323995711
0.0001232624,0.8278322544809759,0.9999741942143429,0.9057970964936244
0.00012338161,0.8278676266370415,0.9999741942143429,0.9058182703663328
0.00012350082,0.8279030018160453,0.9999741942143429,0.9058394452289834
0.00012362003,0.8280091454945618,0.9999741942143429,0.9059029757572826
0.00012373924,0.8280622275408155,0.9999741942143429,0.9059347443633071
0.00012385845,0.8280976193529085,0.9999741942143429,0.9059559246718808
0.00012397766,0.8281861121203702,0.9999741942143429,0.9060088797764387
0.00012409687,0.8282392168597443,0.9999741942143429,0.9060406558108057
0.00012421608,0.828363154406892,0.9999741942143429,0.9061148085597758
0.00012433529,0.8286288598066889,0.9999741942143429,0.9062737481866247
0.0001244545,0.8287706390623664,0.9999741942143429,0.9063585387887783
0.00012457371,0.8289479313738074,0.9999741942143429,0.9064645493555699
0.00012469292,0.8290011338596154,0.9999741942143429,0.9064963573615163
0.00012481213,0.8290720811313892,0.9999741942143429,0.906538771508737
0.00012493134,0.8293204922418406,0.9999741942143429,0.9066872522853134
0.00012505054,0.829338241588905,0.9999741942143429,0.9066978599162744
0.00012516975,0.829480263721209,0.9999741942143429,0.9067827299001538
0.00012528896,0.829746686366459,0.9999741942143429,0.9069419039512022
0.00012540817,0.8297822223173944,0.9999741942143429,0.9069631313802968
0.00012552738,0.8299066221194209,0.9999741942143429,0.9070374352079767
0.00012564659,0.830155533656112,0.9999741942143429,0.9071860793937978
0.0001257658,0.8304757822546078,0.9999741942143429,0.9073772649495597
0.00012588501,0.8306538049303323,0.9999741942143429,0.9074835139711246
0.00012600422,0.8307962780326744,0.9999741942143429,0.9075685311053712
0.00012612343,0.8309744381540572,0.9999741942143429,0.9076748249267671
0.00012624264,0.8310457235995539,0.9999741942143429,0.9077173494271265
0.00012636185,0.8313488232391496,0.9999741942143429,0.9078981230150265
0.00012648106,0.831473693245215,0.9999741942143429,0.9079725801281417
0.00012660027,0.8315629090753021,0.9999741942143429,0.9080257712578578
0.00012671947,0.83166999334664,0.9999741942143429,0.9080896088404913
0.00012683868,0.8317771052010218,0.9999741942143429,0.9081534553997942
0.0001269579,0.8321522140617618,0.9999741942143429,0.9083769890759668
0.0001270771,0.8321700848276603,0.9999741942143429,0.9083876362815695
0.00012719631,0.8323309562677206,0.9999741942143429,0.9084834723649351
0.00012731552,0.8324740053278337,0.9999741942143429,0.9085686769723976
0.00012743473,0.8326171035668243,0.9999741942143429,0.9086538975636536
0.00012755394,0.8329571591324348,0.9999741942143429,0.9088563605542268
0.00012767315,0.8330646028162958,0.9999741942143429,0.9089203149814089
0.00012779236,0.8331899888191279,0.9999741942143429,0.9089949398565984
0.00012791157,0.8334050240880936,0.9999741942143429,0.9091228967269618
0.00012803078,0.8336022372808433,0.9999741942143429,0.9092402221752403
0.00012814999,0.8337816030123723,0.9999741942143429,0.9093469079549682
0.0001282692,0.8339610459485635,0.9999741942143429,0.9094536187736044
0.0001283884,0.8347335315152299,0.9999741942143429,0.9099127608231412
0.00012850761,0.8348594204459765,0.9999741942143429,0.9099875487591104
0.00012862682,0.8349853473539045,0.9999741942143429,0.9100623489900935
0.00012874603,0.8353453479348107,0.9999741942143429,0.9102761317108518
0.00012886524,0.8355074494922271,0.9999741942143429,0.9103723667070069
0.00012898445,0.8355795148247979,0.9999741942143429,0.9104151443481907
0.00012910366,0.8357597325568856,0.9999741942143429,0.9105221060414673
0.00012922287,0.8358679005155417,0.9999741942143429,0.9105862951221996
0.00012934208,0.8359580618716831,0.9999741942143429,0.9106397929366211
0.00012946129,0.8360662811771813,0.9999741942143429,0.9107039986121579
0.0001295805,0.836138442948386,0.9999741942143429,0.9107468074259665
0.0001296997,0.8361925724520403,0.9999741942143429,0.9107789166775377
0.00012981892,0.8362828038674033,0.9999741942143429,0.910832437128419
0.00012993813,0.8364272146434122,0.9999741942143429,0.9109180829344371
0.00013005733,0.8364994387358604,0.9999741942143429,0.910960911877703
0.00013017654,0.836788459877343,0.9999741942143429,0.9111322679323995
0.00013029575,0.8373309131768875,0.9999741942143429,0.9114537343516513
0.00013041496,0.8373671017374017,0.9999741942143429,0.9114751735118829
0.00013053417,0.8374756861897558,0.9999741942143429,0.9115394970444924
0.00013065338,0.8376748308437277,0.9999741942143429,0.9116574471034644
0.00013077259,0.8377653824534095,0.9999741942143429,0.9117110708580235
0.0001308918,0.8380371547827592,0.9999741942143429,0.9118719799782167
0.00013101101,0.8380734044163765,0.9999741942143429,0.9118934388190916
0.00013113022,0.8382728334703413,0.9999741942143429,0.9120114804994609
0.00013124943,0.8384179324072872,0.9999741942143429,0.9120973481909399
0.00013136864,0.8384542149904795,0.9999741942143429,0.9121188176403108
0.00013148785,0.8385267895784645,0.9999741942143429,0.9121617595713537
0.00013160706,0.8385812287649592,0.9999741942143429,0.9121939686731804
0.00013172626,0.8386719764522552,0.9999741942143429,0.9122476555646427
0.00013184547,0.8388172136115681,0.9999741942143429,0.9123335677366772
0.00013196468,0.8389625010825322,0.9999741942143429,0.9124194960920284
0.0001320839,0.839071499718505,0.9999741942143429,0.9124839529815947
0.0001322031,0.8391623535526345,0.9999741942143429,0.9125376740133596
0.00013232231,0.8392714041281324,0.9999741942143429,0.9126021476017004
0.00013244152,0.8393804830499296,0.9999741942143429,0.9126666303011987
0.00013256073,0.8394714038128249,0.9999741942143429,0.9127203728454193
0.00013267994,0.8395987259766429,0.9999741942143429,0.9127956230413946
0.00013279915,0.8396533044420368,0.9999741942143429,0.9128278769239356
0.00013291836,0.8397078900036838,0.9999741942143429,0.9128601330859569
0.00013303757,0.8397806817935548,0.9999741942143429,0.9129031448482605
0.00013315678,0.8398716892799861,0.9999741942143429,0.9129569152513173
0.00013327599,0.8399263032404899,0.9999741942143429,0.9129891805336755
0.0001335144,0.8400537634408602,0.9999741942143429,0.9130644750622738
0.00013363361,0.8402723566657992,0.9999741942143429,0.9131935802945877
0.00013375282,0.8403634707553512,0.9999741942143429,0.9132473849176502
0.00013387203,0.8403816959444806,0.9999741942143429,0.9132581466031016
0.00013399124,0.840509294406004,0.9999741942143429,0.913333485503512
0.00013422966,0.8406186953597848,0.9999741942143429,0.9133980715979166
0.00013434887,0.8407463658060317,0.9999741942143429,0.9134734335871716
0.00013446808,0.8408558284871105,0.9999741942143429,0.9135380394765635
0.00013458729,0.8411296099329267,0.9999741942143429,0.9136995941883621
0.0001347065,0.8412026484315641,0.9999741942143429,0.9137426850956608
0.0001348257,0.8413670314399861,0.9999741942143429,0.9138396544991706
0.00013494492,0.8414401111786676,0.9999741942143429,0.9138827586185377
0.00013506413,0.8415497545932329,0.9999741942143429,0.9139474224224078
0.00013518333,0.8416594265855778,0.9999741942143429,0.9140120953777875
0.00013530254,0.8417325571292033,0.9999741942143429,0.9140552157665053
0.00013542175,0.8418057003823427,0.9999741942143429,0.9140983402240002
0.00013554096,0.8419520250304189,0.9999741942143429,0.914184601347624
0.00013566017,0.8420069098889638,0.9999741942143429,0.9142169534664437
0.00013577938,0.8420618019036029,0.9999741942143429,0.9142493078751655
0.00013589859,0.8422082156053032,0.9999741942143429,0.9143355974953498
0.0001360178,0.8422265208980851,0.9999741942143429,0.914346384843175
0.00013613701,0.842299750027171,0.9999741942143429,0.914389536779983
0.00013625622,0.842391304347826,0.9999741942143429,0.9144434824290586
0.00013637543,0.8424462464943366,0.9999741942143429,0.9144758528739049
0.00013649464,0.8425011958081489,0.9999741942143429,0.9145082256105993
0.00013661385,0.8426111159432895,0.9999741942143429,0.9145729779605062
0.00013673306,0.8427577207481514,0.9999741942143429,0.9146593286923178
0.00013685226,0.8428493746601414,0.9999741942143429,0.9147133061805078
0.00013697147,0.8430144019492668,0.9999741942143429,0.9148104817154451
0.00013709068,0.8430694254073929,0.9999741942143429,0.9148428781488293
0.00013720989,0.8431794938747089,0.9999741942143429,0.9149076778996674
0.0001373291,0.8432528888211869,0.9999741942143429,0.9149508828336533
0.00013744831,0.8433630052016454,0.9999741942143429,0.9150156978862181
0.00013756752,0.8435465964255393,0.9999741942143429,0.9151237433828731
0.00013768673,0.8437118968820763,0.9999741942143429,0.9152210061484718
0.00013780594,0.8437670114316821,0.9999741942143429,0.915253431664923
0.00013792515,0.8439507786126538,0.9999741942143429,0.9153615333156273
0.00013804436,0.8440243079000675,0.9999741942143429,0.9154047811263337
0.00013816357,0.8440978500010892,0.9999741942143429,0.9154480330238659
0.00013828278,0.8442633665954944,0.9999741942143429,0.91554536473877
0.00013840199,0.844539371880653,0.9999741942143429,0.9157076302648467
0.0001385212,0.8445577786495794,0.9999741942143429,0.9157184500116884
0.0001386404,0.8446682361147441,0.9999741942143429,0.9157833738625306
0.00013875961,0.844705061690718,0.9999741942143429,0.9158050171919973
0.00013887882,0.8448523961104086,0.9999741942143429,0.9158916007410606
0.00013899803,0.8449813558952441,0.9999741942143429,0.9159673747776349
0.00013911724,0.8451472191930207,0.9999741942143429,0.9160648169640245
0.00013923645,0.8451840865468505,0.9999741942143429,0.916086473598764
0.00013935566,0.8453500294509042,0.9999741942143429,0.9161839411280247
0.00013947487,0.8455713880463482,0.9999741942143429,0.9163139301008534
0.00013959408,0.8455898398289181,0.9999741942143429,0.9163247641802639
0.00013971329,0.8456636550128759,0.9999741942143429,0.9163681030599715
0.0001398325,0.8457190248586831,0.9999741942143429,0.9164006099101759
0.0001399517,0.8458297863051972,0.9999741942143429,0.91646563052988
0.00014007092,0.8458851779087535,0.9999741942143429,0.9164981442998708
0.00014019012,0.8459590446666375,0.9999741942143429,0.9165414995820353
0.00014030933,0.8460883425402301,0.9999741942143429,0.9166173811967779
0.00014042854,0.846217679944095,0.9999741942143429,0.916693275377228
0.00014054775,0.8463100880162492,0.9999741942143429,0.9167474932011402
0.00014066696,0.8464210043467815,0.9999741942143429,0.9168125630561589
0.00014078617,0.8464764734151776,0.9999741942143429,0.9168451014477377
0.00014090538,0.8466059295186908,0.9999741942143429,0.9169210333440435
0.00014102459,0.8466614228281769,0.9999741942143429,0.9169535794356045
0.0001411438,0.8468279464149129,0.9999741942143429,0.9170512315744374
0.00014126301,0.8468649605524837,0.9999741942143429,0.91707293487438
0.00014138222,0.8469945355191257,0.9999741942143429,0.9171489045146631
0.00014150143,0.8471426697564601,0.9999741942143429,0.9172357423742463
0.00014162064,0.8473279104347066,0.9999741942143429,0.9173443128258854
0.00014173985,0.8474946963235134,0.9999741942143429,0.9174420482101847
0.00014185905,0.8475503062117236,0.9999741942143429,0.9174746312997334
0.00014197826,0.8476615478846743,0.9999741942143429,0.9175398044224831
0.00014209747,0.8477728187625798,0.9999741942143429,0.9176049868050805
0.00014221668,0.8478841188569428,0.9999741942143429,0.9176701784494992
0.00014233589,0.8479768912620085,0.9999741942143429,0.9177245118962747
0.0001424551,0.8480140059087428,0.9999741942143429,0.9177462470765345
0.00014257431,0.8481068067410812,0.9999741942143429,0.9178005895316977
0.00014269352,0.8481624969903911,0.9999741942143429,0.917833198093971
0.00014281273,0.8482553303270435,0.9999741942143429,0.9178875508471781
0.00014293194,0.8483667571591208,0.9999741942143429,0.9179527826489757
0.00014305115,0.8484224815536532,0.9999741942143429,0.9179854020268847
0.00014328957,0.8485339523069174,0.9999741942143429,0.9180506477379586
0.00014340878,0.848942929126958,0.9999741942143429,0.9182899613824793
0.00014352798,0.8490917457326292,0.9999741942143429,0.9183770154627372
0.0001436472,0.8492592267905672,0.9999741942143429,0.9184749710343502
0.0001437664,0.8495012605502575,0.9999741942143429,0.918616499312072
0.00014388561,0.8495198842460648,0.9999741942143429,0.918627387909281
0.00014400482,0.8495943871957904,0.9999741942143429,0.9186709448795458
0.00014412403,0.849762066621346,0.9999741942143429,0.9187689631665089
0.00014424324,0.8498738896808861,0.9999741942143429,0.9188343203121273
0.00014436245,0.8500976241142532,0.9999741942143429,0.9189650625026365
0.00014448166,0.8501535761298815,0.9999741942143429,0.9189977538640596
0.00014460087,0.850246845858475,0.9999741942143429,0.9190522446354757
0.00014472008,0.8503214763775208,0.9999741942143429,0.9190958419054106
0.00014483929,0.8503774578651685,0.9999741942143429,0.9191285425723822
0.0001449585,0.8504521113159512,0.9999741942143429,0.919172147081511
0.0001450777,0.8505081100063651,0.9999741942143429,0.9192048531785544
0.00014519691,0.850694825580119,0.9999741942143429,0.9193138903137829
0.00014531612,0.8507508562395715,0.9999741942143429,0.9193466064988339
0.00014543533,0.8508442570757306,0.9999741942143429,0.9194011386488521
0.00014555454,0.8508629397040095,0.9999741942143429,0.9194120458551786
0.00014567375,0.8509376784224164,0.9999741942143429,0.919455677268534
0.00014579296,0.8510311202863857,0.9999741942143429,0.9195102223590315
0.00014591217,0.8510871952558753,0.9999741942143429,0.9195429525198003
0.00014603138,0.851274165202109,0.9999741942143429,0.9196520698860056
0.00014615059,0.8514612173148759,0.9999741942143429,0.9197612131520618
0.0001462698,0.8514799270473972,0.9999741942143429,0.9197721289035141
0.00014638901,0.8515360611787457,0.9999741942143429,0.9198048777125081
0.00014650822,0.851592202711909,0.9999741942143429,0.9198376288536506
0.00014662743,0.8516296345135271,0.9999741942143429,0.919859464243507
0.00014674664,0.8516670696059254,0.9999741942143429,0.9198813006700582
0.00014686584,0.8517793946321413,0.9999741942143429,0.919946816170621
0.00014698505,0.8518355682567598,0.9999741942143429,0.9199795774206206
0.00014710426,0.8520041335942482,0.9999741942143429,0.920077875172483
0.00014722347,0.8520228671943711,0.9999741942143429,0.9200887984415812
0.00014734268,0.8521727656579874,0.9999741942143429,0.920176193932378
0.00014746189,0.8522477346705375,0.9999741942143429,0.920219897904079
0.0001475811,0.8523414644876053,0.9999741942143429,0.9202745337070416
0.00014770031,0.8524352149236658,0.9999741942143429,0.9203291759981235
0.00014781952,0.8524914750852491,0.9999741942143429,0.9203619644875505
0.00014793873,0.8525289859855235,0.9999741942143429,0.9203838247784801
0.00014805794,0.8525477426735897,0.9999741942143429,0.9203947553133663
0.00014817715,0.8527916547459231,0.9999741942143429,0.9205368758962639
0.00014829636,0.8528291920681383,0.9999741942143429,0.9205587444970178
0.00014841557,0.8528479619684831,0.9999741942143429,0.920569679187038
0.00014853477,0.8530169282585247,0.9999741942143429,0.9206681030881859
0.00014865398,0.8530920458798406,0.9999741942143429,0.9207118538001552
0.0001487732,0.8531108273523843,0.9999741942143429,0.9207227921278617
0.0001488924,0.8531859615130565,0.9999741942143429,0.9207665480378222
0.00014901161,0.8533362695441533,0.9999741942143429,0.9208540723355163
0.00014913082,0.8533550617718955,0.9999741942143429,0.9208650140426998
0.00014925003,0.8534114434215743,0.9999741942143429,0.9208978407244357
0.00014936924,0.8534490353272839,0.9999741942143429,0.9209197264791731
0.00014948845,0.8534866305449099,0.9999741942143429,0.9209416132741947
0.00014960766,0.8535242290748899,0.9999741942143429,0.9209635011095744
0.00014972687,0.8536182398942614,0.9999741942143429,0.9210182252500771
0.00014984608,0.8536934634619198,0.9999741942143429,0.921062009245204
0.00014996529,0.8537498898387239,0.9999741942143429,0.921094849973528
0.0001500845,0.8538627649728967,0.9999741942143429,0.9211605384563505
0.0001502037,0.8541262563921707,0.9999741942143429,0.9213138480249118
0.00015032291,0.8541827399977957,0.9999741942143429,0.9213467067147784
0.00015044212,0.8542580630938471,0.9999741942143429,0.9213905219473709
0.00015056133,0.8543522356468825,0.9999741942143429,0.9214452968487581
0.00015068054,0.8545406430556168,0.9999741942143429,0.9215548661914331
0.00015079975,0.8546537273930305,0.9999741942143429,0.9216206203056978
0.00015091896,0.8547479872063527,0.9999741942143429,0.9216754225691276
0.00015103817,0.8548799858806918,0.9999741942143429,0.9217521566880837
0.00015115738,0.8549931600547196,0.9999741942143429,0.9218179389602238
0.00015127659,0.8551063641980757,0.9999741942143429,0.9218837306223415
0.0001513958,0.8551629775119722,0.9999741942143429,0.9219166299752705
0.000151515,0.855238473592443,0.9999741942143429,0.9219604994320502
0.00015163422,0.855257349695418,0.9999741942143429,0.9219714674486061
0.00015175343,0.8555972620887613,0.9999741942143429,0.9221689363803253
0.00015187263,0.8557295232206347,0.9999741942143429,0.9222457526997249
0.00015199184,0.8558240204956049,0.9999741942143429,0.9223006293349909
0.00015211105,0.8558807288790723,0.9999741942143429,0.9223335584509879
0.00015223026,0.8559563517483598,0.9999741942143429,0.9223774675968166
0.00015234947,0.8561076375847823,0.9999741942143429,0.9224652984318537
0.00015246868,0.85622113706167,0.9999741942143429,0.9225311825359406
0.00015258789,0.856277898086357,0.9999741942143429,0.9225641281172794
0.0001527071,0.8563346666372014,0.9999741942143429,0.9225970760518182
0.00015282631,0.8563914427157001,0.9999741942143429,0.9226300263398087
0.00015294552,0.8564103697482706,0.9999741942143429,0.9226410102921718
0.00015306473,0.8565807506963172,0.9999741942143429,0.9227398776335016
0.00015318394,0.8567133160885234,0.9999741942143429,0.9228167891046888
0.00015330315,0.8569785700068558,0.9999741942143429,0.9229706505174542
0.00015342236,0.85714917713679,0.9999741942143429,0.9230695885216348
0.00015354156,0.8571870990576472,0.9999741942143429,0.9230915776254089
0.00015366077,0.8572629529666829,0.9999741942143429,0.9231355589760163
0.00015377998,0.8574147010665133,0.9999741942143429,0.9232235342515647
0.0001538992,0.8575095709132754,0.9999741942143429,0.9232785273143781
0.0001540184,0.8576614063433744,0.9999741942143429,0.9233665298432422
0.00015413761,0.85769937360278,0.9999741942143429,0.9233885330967656
0.00015425682,0.8578132955526532,0.9999741942143429,0.9234545491496725
0.00015437603,0.8578892603334145,0.9999741942143429,0.9234985650959745
0.00015449524,0.8580032327347608,0.9999741942143429,0.923564596883473
0.00015461445,0.8580792311610089,0.9999741942143429,0.9236086233213779
0.00015473366,0.8581552430517108,0.9999741942143429,0.9236526539569743
0.00015485287,0.8581742481286265,0.9999741942143429,0.923663662271833
0.00015497208,0.858231268410445,0.9999741942143429,0.9236966887908625
0.00015509129,0.8583263190537368,0.9999741942143429,0.9237517382379857
0.0001553297,0.8584404076207355,0.9999741942143429,0.9238178062364005
0.00015544891,0.8591827232212146,0.9999741942143429,0.9242474786903639
0.00015556812,0.859277984743658,0.9999741942143429,0.9243025938097457
0.00015568733,0.8593160952676631,0.9999741942143429,0.9243246416980653
0.00015580654,0.8594113863691809,0.9999741942143429,0.9243797660209405
0.00015592575,0.8594685711750876,0.9999741942143429,0.9244128437707512
0.00015604496,0.8595448294219422,0.9999741942143429,0.9244569511197925
0.00015616417,0.8596211012023603,0.9999741942143429,0.9245010626781026
0.00015628338,0.8597164599649457,0.9999741942143429,0.9245562080461924
0.00015640259,0.8597546093940671,0.9999741942143429,0.9245782680355106
0.0001565218,0.8599835770878181,0.9999741942143429,0.9247106500814208
0.000156641,0.8602317630866225,0.9999741942143429,0.9248541067505933
0.00015676022,0.8602890571231934,0.9999741942143429,0.9248872184570768
0.00015687943,0.8604227728927969,0.9999741942143429,0.9249644883266168
0.00015699863,0.8604418785389142,0.9999741942143429,0.9249755279333841
0.00015711784,0.8605374194981124,0.9999741942143429,0.9250307299202434
0.00015723705,0.8608624175238264,0.9999741942143429,0.9252184659701145
0.00015735626,0.8609006687254227,0.9999741942143429,0.9252405575741891
0.00015747547,0.8609389233264458,0.9999741942143429,0.9252626502332592
0.00015759468,0.8610345747044708,0.9999741942143429,0.9253178864970354
0.0001578331,0.8612450825683995,0.9999741942143429,0.9254394294947256
0.00015795231,0.8613982438590642,0.9999741942143429,0.9255278444592595
0.00015807152,0.8615131505813824,0.9999741942143429,0.9255941667701693
0.00015819073,0.8615706154393454,0.9999741942143429,0.9256273314901896
0.00015830994,0.8616855681565488,0.9999741942143429,0.9256936680606397
0.00015842915,0.8617813855220727,0.9999741942143429,0.9257489557996827
0.00015854836,0.8618580547585686,0.9999741942143429,0.9257931907461701
0.00015866756,0.8619730841953064,0.9999741942143429,0.9258595510927424
0.00015878677,0.8619922587533924,0.9999741942143429,0.9258706120754243
0.00015890598,0.8620497875464395,0.9999741942143429,0.9259037966092357
0.00015902519,0.8620881443413646,0.9999741942143429,0.9259259209533431
0.0001591444,0.8621073240188663,0.9999741942143429,0.9259369835218951
0.00015926361,0.8622032352090425,0.9999741942143429,0.9259923003300182
0.00015938282,0.8623183568106461,0.9999741942143429,0.9260586892248145
0.00015950203,0.8624143149648358,0.9999741942143429,0.9261140205760754
0.00015962124,0.8624719001090609,0.9999741942143429,0.9261472225607144
0.00015974045,0.8625294929439523,0.9999741942143429,0.9261804269260783
0.00015985966,0.862548692264886,0.9999741942143429,0.9261914955769603
0.00015997887,0.8625678924405663,0.9999741942143429,0.9262025644924055
0.00016009808,0.8626062953563955,0.9999741942143429,0.9262247031170222
0.00016021729,0.8627407324947123,0.9999741942143429,0.9263021966383075
0.0001603365,0.8628367846804721,0.9999741942143429,0.9263575570930551
0.0001604557,0.8628752115436003,0.9999741942143429,0.9263797031278245
0.00016057491,0.8629905126720413,0.9999741942143429,0.9264461475858179
0.00016069412,0.8630673972114571,0.9999741942143429,0.926490449186644
0.00016081333,0.863144295451508,0.9999741942143429,0.926534755024577
0.00016093254,0.8632596685082873,0.9999741942143429,0.9266012217273821
0.00016105175,0.863452025491332,0.9999741942143429,0.9267120207595385
0.00016117096,0.8635289922895217,0.9999741942143429,0.9267563477921271
0.00016129017,0.8637407217528922,0.9999741942143429,0.9268782689999746
0.00016140938,0.8638755127519172,0.9999741942143429,0.9269558719269193
0.00016152859,0.8640103458271088,0.9999741942143429,0.9270334878495696
0.0001616478,0.8641066809383641,0.9999741942143429,0.9270889357526827
0.000161767,0.8642608618074762,0.9999741942143429,0.9271776661954598
0.00016188622,0.8643765335712692,0.9999741942143429,0.9272442251744497
0.00016200542,0.8645115231019789,0.9999741942143429,0.9273218893954553
0.00016212463,0.8645500992838179,0.9999741942143429,0.9273440815625374
0.00016224384,0.8646079700120487,0.9999741942143429,0.9273773718048234
0.00016236305,0.8646658484882294,0.9999741942143429,0.9274106644373332
0.00016248226,0.8646851430356585,0.9999741942143429,0.9274217625127086
0.00016260147,0.8648202289820787,0.9999741942143429,0.9274994564781899
0.00016272068,0.864839530420033,0.9999741942143429,0.9275105566787809
0.00016283989,0.8648974399035779,0.9999741942143429,0.9275438588747612
0.0001629591,0.8649939729452207,0.9999741942143429,0.9275993678493256
0.00016307831,0.8652837014045508,0.9999741942143429,0.9277659346434728
0.00016319752,0.8654189744505986,0.9999741942143429,0.9278436862875238
0.00016331673,0.8655929590993365,0.9999741942143429,0.9279436718381275
0.00016343594,0.8657089877348585,0.9999741942143429,0.9280103408444604
0.00016355515,0.8657863574412941,0.9999741942143429,0.928054792171047
0.00016367435,0.8658443937972025,0.9999741942143429,0.9280881334606637
0.00016379356,0.8659411383494603,0.9999741942143429,0.9281437076006498
0.00016391277,0.8660185495586099,0.9999741942143429,0.9281881717048899
0.00016403198,0.8660572603535749,0.9999741942143429,0.9282104053546375
0.00016415119,0.8660766170488579,0.9999741942143429,0.9282215225789517
0.0001642704,0.8661346923266054,0.9999741942143429,0.9282548758497705
0.00016438961,0.8661540524833475,0.9999741942143429,0.9282659941393674
0.00016450882,0.8662121381468648,0.9999741942143429,0.9282993506062641
0.00016462803,0.8663089649005142,0.9999741942143429,0.9283549500453531
0.00016474724,0.8663283328489347,0.9999741942143429,0.9283660707323962
0.00016498566,0.8664445587281712,0.9999741942143429,0.9284328004500357
0.00016510487,0.86659957508666,0.9999741942143429,0.928521788330587
0.00016522408,0.8666577205224548,0.9999741942143429,0.9285551631838503
0.00016534328,0.8667158737614351,0.9999741942143429,0.9285885404364562
0.0001654625,0.8668515950069348,0.9999741942143429,0.9286664300247662
0.0001655817,0.8668903803131991,0.9999741942143429,0.9286886865929161
0.00016570091,0.8670067570591131,0.9999741942143429,0.9287554626986798
0.00016582012,0.8670649571502093,0.9999741942143429,0.9287888543527753
0.00016593933,0.8670843589169837,0.9999741942143429,0.9287999854377174
0.00016605854,0.8672007877540059,0.9999741942143429,0.9288667775506019
0.00016617775,0.8672590138985251,0.9999741942143429,0.9289001772095528
0.00016629696,0.867414321849887,0.9999741942143429,0.928989254710658
0.00016641617,0.8676279611302673,0.9999741942143429,0.9291117641738026
0.00016653538,0.8677251046868352,0.9999741942143429,0.9291674609755776
0.00016665459,0.8678611422172452,0.9999741942143429,0.9292454477174279
0.0001667738,0.8679583379997761,0.9999741942143429,0.9293011605485011
0.000166893,0.8680166659199856,0.9999741942143429,0.929334591453908
0.00016701221,0.8680555555555556,0.9999741942143429,0.9293568800604908
0.00016713142,0.8680750016801452,0.9999741942143429,0.9293680247647045
0.00016725063,0.8681333452818353,0.9999741942143429,0.9294014604811501
0.00016736984,0.8682695108561698,0.9999741942143429,0.9294794865096173
0.00016748905,0.8682889665680739,0.9999741942143429,0.9294906341545979
0.00016760826,0.8683473389355743,0.9999741942143429,0.9295240786939789
0.00016784668,0.8684251809686022,0.9999741942143429,0.9295686751572045
0.00016796589,0.8685419701893982,0.9999741942143429,0.9296355778762612
0.0001680851,0.8685809069105418,0.9999741942143429,0.9296578809227127
0.00016820431,0.8686393185384443,0.9999741942143429,0.9296913374989982
0.00016832352,0.8686977380231802,0.9999741942143429,0.9297247964834443
0.00016844273,0.8687366887120278,0.9999741942143429,0.9297471038110706
0.00016856194,0.869009441367092,0.9999741942143429,0.929903285082385
0.00016880035,0.869067910648605,0.9999741942143429,0.9299367593245551
0.00016891956,0.869243365710312,0.9999741942143429,0.9300371965125167
0.00016915798,0.8692823653453575,0.9999741942143429,0.9300595188339655
0.0001693964,0.8693993852504992,0.9999741942143429,0.9301264922280145
0.00016951561,0.8694579070184886,0.9999741942143429,0.9301599825422245
0.00016963482,0.8694969259076426,0.9999741942143429,0.9301823107582396
0.00016975403,0.8696140035906643,0.9999741942143429,0.9302493018385353
0.00016987324,0.8697115924138705,0.9999741942143429,0.9303051351102184
0.00016999245,0.8697311128069309,0.9999741942143429,0.9303163025688276
0.00017011166,0.8697896792440125,0.9999741942143429,0.9303498065533741
0.00017023087,0.8698873075023571,0.9999741942143429,0.9304056518905939
0.00017035007,0.8699849576794414,0.9999741942143429,0.9304615039325799
0.00017046928,0.8701803238193618,0.9999741942143429,0.9305732281356806
0.0001705885,0.8702975856260527,0.9999741942143429,0.9306402755370302
0.0001707077,0.8703757777228723,0.9999741942143429,0.9306849791723395
0.00017082691,0.8703953279424977,0.9999741942143429,0.9306961557522233
0.00017094612,0.8704930922161069,0.9999741942143429,0.9307520426784648
0.00017106533,0.8705713194491249,0.9999741942143429,0.9307967570522252
0.00017118454,0.87059087845428,0.9999741942143429,0.9308079363169637
0.00017130375,0.8706886866644197,0.9999741942143429,0.930863836668929
0.00017142296,0.8707082509437354,0.9999741942143429,0.9308750175450446
0.00017154217,0.8707473821401285,0.9999741942143429,0.9308973801030757
0.00017166138,0.8708647968356706,0.9999741942143429,0.9309644742242646
0.00017178059,0.8709235160587059,0.9999741942143429,0.9309980249118299
0.0001718998,0.8711780575539568,0.9999741942143429,0.9311434391731052
0.000172019,0.8711976438319207,0.9999741942143429,0.9311546267670437
0.00017213821,0.8712759977515458,0.9999741942143429,0.9311993798312833
0.00017225742,0.871315179996852,0.9999741942143429,0.9312217579766301
0.00017237663,0.8713543657664545,0.9999741942143429,0.9312441371975648
0.00017249584,0.8714131510299541,0.9999741942143429,0.9312777080458637
0.00017261505,0.8714523456123779,0.9999741942143429,0.9313000899561078
0.00017267466,0.8715699505173189,0.9999741942143429,0.9313672421423062
0.00017279387,0.8716875871687587,0.9999741942143429,0.9314344040133341
0.00017291307,0.8717660292463442,0.9999741942143429,0.9314791839755149
0.00017303228,0.8718444854430095,0.9999741942143429,0.9315239682436166
0.0001731515,0.872021063528141,0.9999741942143429,0.931624748593586
0.0001732707,0.8720799387856146,0.9999741942143429,0.9316583468896585
0.00017338991,0.872197713153867,0.9999741942143429,0.9317255507525012
0.00017350912,0.8722173453080334,0.9999741942143429,0.9317367523389194
0.00017362833,0.8725708752730302,0.9999741942143429,0.9319384269615775
0.00017374754,0.8725905242298685,0.9999741942143429,0.9319496336671813
0.00017386675,0.8727084365569119,0.9999741942143429,0.9320168795612328
0.00017398596,0.8727280917096462,0.9999741942143429,0.9320280881537368
0.00017410517,0.8729640226182163,0.9999741942143429,0.9321626122950645
0.00017422438,0.8731213807710507,0.9999741942143429,0.9322523166319399
0.00017434359,0.8732000811231043,0.9999741942143429,0.9322971752750434
0.0001744628,0.8732394366197183,0.9999741942143429,0.9323196062155341
0.000174582,0.8732787956640299,0.9999741942143429,0.9323420382354216
0.00017470121,0.8733968940879483,0.9999741942143429,0.9324093407722428
0.00017482042,0.8734559552790551,0.9999741942143429,0.9324429956845373
0.00017493963,0.8735741016276658,0.9999741942143429,0.9325103127982096
0.00017505884,0.873652883618163,0.9999741942143429,0.9325551962741567
0.00017517805,0.8737907862989605,0.9999741942143429,0.9326337527545095
0.00017529726,0.8738499007757532,0.9999741942143429,0.9326674238691531
0.00017553568,0.8738893148707771,0.9999741942143429,0.9326898726296559
0.00017565489,0.8739878656652458,0.9999741942143429,0.9327459992590715
0.0001757741,0.8740470068119276,0.9999741942143429,0.9327796784792777
0.0001758933,0.8741258741258742,0.9999741942143429,0.9328245878897485
0.00017601252,0.8742047556738709,0.9999741942143429,0.9328695016248251
0.00017625093,0.8744217533566513,0.9999741942143429,0.9329930367001357
0.00017637014,0.8744612190553562,0.9999741942143429,0.9330155011381848
0.00017648935,0.8745006883166708,0.9999741942143429,0.9330379666580491
0.00017660856,0.8745796375290587,0.9999741942143429,0.9330829009435371
0.00017672777,0.8745993770595405,0.9999741942143429,0.9330941351911657
0.00017684698,0.874619117481097,0.9999741942143429,0.9331053697093166
0.00017696619,0.8746586009976751,0.9999741942143429,0.9331278395572243
0.0001770854,0.8746783440928175,0.9999741942143429,0.9331390748870007
0.00017732382,0.8746980880792758,0.9999741942143429,0.9331503104873383
0.00017744303,0.8747375787263821,0.9999741942143429,0.9331727824997367
0.00017756224,0.8747770729394767,0.9999741942143429,0.9331952555944976
0.00017768145,0.8748363209464036,0.9999741942143429,0.9332289672662399
0.00017780066,0.8748560720655634,0.9999741942143429,0.93324020503142
0.00017803907,0.8748758240765827,0.9999741942143429,0.9332514430672495
0.00017815828,0.8749153307744412,0.9999741942143429,0.9332739199508955
0.00017827749,0.8749350854614012,0.9999741942143429,0.9332851587987315
0.00017863512,0.8749943548751299,0.9999741942143429,0.9333188769664095
0.00017887354,0.8750338722789269,0.9999741942143429,0.9333413570984338
0.00017899275,0.8750536323194003,0.9999741942143429,0.9333525975705471
0.00017911196,0.8750733932523372,0.9999741942143429,0.9333638383134074
0.00017923117,0.8750931550777986,0.9999741942143429,0.9333750793270247
0.00017935038,0.8751129177958447,0.9999741942143429,0.9333863206114087
0.00017946959,0.8751919775950854,0.9999741942143429,0.9334312884568069
0.0001795888,0.8752117447769622,0.9999741942143429,0.9334425310951708
0.000179708,0.8752512818196192,0.9999741942143429,0.933465017184385
0.00017982721,0.8753501400560224,0.9999741942143429,0.9335212371473778
0.00017994642,0.8753896896037591,0.9999741942143429,0.9335437270287635
0.00018006563,0.8754490206267085,0.9999741942143429,0.933577463882718
0.00018018484,0.8754687994216258,0.9999741942143429,0.9335887100425753
0.00018042326,0.8759833619676282,0.9999741942143429,0.9338812053318912
0.00018054247,0.8760229687570646,0.9999741942143429,0.933903712561142
0.00018066168,0.8767365039142042,0.9999741942143429,0.9343090282829623
0.00018078089,0.8768356979612156,0.9999741942143429,0.9343653499597954
0.0001809001,0.8768555394641564,0.9999741942143429,0.934376615110011
0.0001810193,0.8769349144564135,0.9999741942143429,0.9344216784273635
0.00018113852,0.876974607341692,0.9999741942143429,0.9344442117160716
0.00018125772,0.8770143038203875,0.9999741942143429,0.9344667460915724
0.00018137693,0.8770937075599818,0.9999741942143429,0.9345118181032669
0.00018149614,0.877133414821857,0.9999741942143429,0.9345343557396179
0.00018173456,0.8772724185551606,0.9999741942143429,0.9346132460283318
0.00018185377,0.877332005071545,0.9999741942143429,0.9346470602295547
0.00018197298,0.877391599683007,0.9999741942143429,0.9346808768776538
0.00018209219,0.877451202391196,0.9999741942143429,0.934714695972895
0.0001822114,0.8774909420289855,0.9999741942143429,0.9347372433960437
0.00018233061,0.8775108131977626,0.9999741942143429,0.934748517515544
0.00018244982,0.8775704321043573,0.9999741942143429,0.9347823415058664
0.00018256903,0.8775903068735138,0.9999741942143429,0.9347936167132805
0.00018268824,0.877630059112631,0.9999741942143429,0.9348161679441277
0.00018280745,0.8776698149532287,0.9999741942143429,0.9348387202630661
0.00018292665,0.8776896942242356,0.9999741942143429,0.9348499968305941
0.00018376112,0.8777493374408227,0.9999741942143429,0.9348838281655311
0.00018411875,0.8777891040887983,0.9999741942143429,0.934906383749215
0.00018423796,0.8778089887640449,0.9999741942143429,0.9349176619492043
0.000184834,0.8778288743402125,0.9999741942143429,0.934928940421305
0.00018495321,0.8779283157370067,0.9999741942143429,0.9349853368638242
0.00018507242,0.8779879913900532,0.9999741942143429,0.9350191779953025
0.00018519163,0.8780078850772647,0.9999741942143429,0.9350304589168488
0.00018531084,0.8780476751563492,0.9999741942143429,0.9350530215765809
0.00018543005,0.8780874688420576,0.9999741942143429,0.9350755853252313
0.00018554926,0.878107367037549,0.9999741942143429,0.9350868676079256
0.00018566847,0.8781471661341129,0.9999741942143429,0.9351094329901013
0.00018578768,0.8781869688385269,0.9999741942143429,0.9351319994613924
0.00018590689,0.8782466796609402,0.9999741942143429,0.9351658512105931
0.0001860261,0.878286491387126,0.9999741942143429,0.9351884204050176
0.0001861453,0.8783063986037761,0.9999741942143429,0.9351997054107469
0.00018650293,0.8783462157444976,0.9999741942143429,0.9352222762392883
0.00018662214,0.8783661256686917,0.9999741942143429,0.9352335620621203
0.00018674135,0.8784457743924555,0.9999741942143429,0.9352787080774195
0.00018686056,0.8785652745658187,0.9999741942143429,0.935346435273368
0.00018697977,0.8788641672903768,0.9999741942143429,0.9355157961844365
0.00018709898,0.8788841007031073,0.9999741942143429,0.9355270890925443
0.00018721819,0.8789040350200731,0.9999741942143429,0.935538382273296
0.0001873374,0.8789837813315187,0.9999741942143429,0.9355835577229387
0.00018757582,0.8790236599142527,0.9999741942143429,0.9356061470838799
0.00018769503,0.8791233722038205,0.9999741942143429,0.9356626252588827
0.00018781424,0.8791433173764095,0.9999741942143429,0.9356739217121308
0.00018793344,0.8792031583246358,0.9999741942143429,0.9357078127085481
0.00018805265,0.8792829589289767,0.9999741942143429,0.9357530045230439
0.00018817186,0.879362774020787,0.9999741942143429,0.9357982007030021
0.00018829107,0.8794226448494201,0.9999741942143429,0.9358321007031861
0.00018841028,0.8794625632645651,0.9999741942143429,0.9358547020678455
0.00018852949,0.8795024853037972,0.9999741942143429,0.9358773045242263
0.0001886487,0.8795224476826002,0.9999741942143429,0.9358886061618369
0.00018888712,0.8795823402564975,0.9999741942143429,0.9359225127124688
0.00018900633,0.8797021498785443,0.9999741942143429,0.935990333184722
0.00018912554,0.879722121322194,0.9999741942143429,0.9360016375523781
0.00018924475,0.879821992144041,0.9999741942143429,0.9360581634867414
0.00018936396,0.8798819255222525,0.9999741942143429,0.9360920823245813
0.00018948317,0.8800018167779443,0.9999741942143429,0.9361599273752577
0.00018972158,0.8800218018304453,0.9999741942143429,0.9361712358398373
0.00018996,0.880121740710457,0.9999741942143429,0.9362277822610444
0.00019007921,0.8803216865827616,0.9999741942143429,0.9363408955989662
0.00019019842,0.8803816880608883,0.9999741942143429,0.9363748349303335
0.00019031763,0.8804016903712455,0.9999741942143429,0.9363861485875475
0.00019055605,0.880441697718804,0.9999741942143429,0.9364087767221722
0.00019067526,0.8805417319971822,0.9999741942143429,0.9364653518436774
0.00019091368,0.880581752073628,0.9999741942143429,0.9364879838064653
0.00019103289,0.8806618031408378,0.9999741942143429,0.9365332510139377
0.0001911521,0.8806818181818182,0.9999741942143429,0.9365445684995922
0.0001912713,0.8808619944988748,0.9999741942143429,0.9366464381807212
0.00019150972,0.8809020436927414,0.9999741942143429,0.9366690788972445
0.00019162893,0.8809220696553606,0.9999741942143429,0.9366803996659664
0.00019174814,0.8809821530067068,0.9999741942143429,0.9367143636140925
0.00019186735,0.8810222131277994,0.9999741942143429,0.936737007614576
0.00019198656,0.8810422445545905,0.9999741942143429,0.9367483300253673
0.00019222498,0.8810622768922944,0.9999741942143429,0.9367596527098718
0.00019234419,0.8810823101409732,0.9999741942143429,0.936770975668099
0.0001924634,0.881102344300689,0.9999741942143429,0.936782298900059
0.0001925826,0.881222568394242,0.9999741942143429,0.9368502440407647
0.00019270182,0.8813227802037845,0.9999741942143429,0.9369068725208254
0.00019282103,0.8814029660631426,0.9999741942143429,0.93695218023415
0.00019294024,0.8814230148079066,0.9999741942143429,0.9369635078471855
0.00019305944,0.8814631150337799,0.9999741942143429,0.9369861638949716
0.00019317865,0.8815232722143864,0.9999741942143429,0.9370201500210865
0.00019329786,0.8816436112122316,0.9999741942143429,0.9370881296702708
0.00019341707,0.8816837315130831,0.9999741942143429,0.9371107917453136
0.00019353628,0.8818041143273256,0.9999741942143429,0.9371787845475003
0.00019365549,0.8818843878015475,0.9999741942143429,0.9372241185639681
0.0001937747,0.8820048254199481,0.9999741942143429,0.9372921278127768
0.00019389391,0.882044978603296,0.9999741942143429,0.937314799755793
0.00019401312,0.8820851354427498,0.9999741942143429,0.9373374727956486
0.00019425154,0.8822859744990893,0.9999741942143429,0.9374508544503025
0.00019437075,0.8823261532856688,0.9999741942143429,0.9374735340728658
0.00019448996,0.8824266162639764,0.9999741942143429,0.9375302379305589
0.00019460917,0.8824869050330221,0.9999741942143429,0.9375642635378825
0.00019472837,0.8825070031200892,0.9999741942143429,0.9375756059558347
0.0001949668,0.88252710212262,0.9999741942143429,0.9375869486482258
0.000195086,0.8825874046236192,0.9999741942143429,0.9376209783721313
0.00019520521,0.8826075072886297,0.9999741942143429,0.9376323221623771
0.00019568205,0.8826879271070615,0.9999741942143429,0.937677700068346
0.00019580126,0.8827884724911721,0.9999741942143429,0.9377344286277721
0.00019592047,0.8829292745169522,0.9999741942143429,0.9378138601435355
0.00019603968,0.8829896319927082,0.9999741942143429,0.9378479063412415
0.00019615889,0.8830701214648708,0.9999741942143429,0.9378933051170542
0.0001962781,0.8831103717040042,0.9999741942143429,0.9379160061532279
0.0001963973,0.8832110133564298,0.9999741942143429,0.9379727635517484
0.00019651651,0.8832915431958058,0.9999741942143429,0.9380181744166836
0.00019663572,0.883311677950261,0.9999741942143429,0.9380295278199613
0.00019675493,0.8833318136226862,0.9999741942143429,0.9380408814980769
0.00019687414,0.8833519502131443,0.9999741942143429,0.9380522354510399
0.00019699335,0.8833922261484098,0.9999741942143429,0.9380749441815485
0.00019711256,0.8834325057565602,0.9999741942143429,0.9380976540115672
0.00019723177,0.8834526469381241,0.9999741942143429,0.9381090093389177
0.00019735098,0.8834929320565436,0.9999741942143429,0.9381317208183513
0.00019747019,0.883573513316308,0.9999741942143429,0.9381771470764272
0.0001977086,0.8837750307895818,0.9999741942143429,0.9382907319707305
0.00019782782,0.883795187592656,0.9999741942143429,0.938302091972866
0.00019794703,0.883855663519,0.9999741942143429,0.9383361736297753
0.00019806623,0.8838959854014599,0.9999741942143429,0.9383588961099012
0.00019818544,0.8839363109630913,0.9999741942143429,0.9383816196905356
0.00019854307,0.884016973125884,0.9999741942143429,0.9384270701536509
0.00019901991,0.8840573097280525,0.9999741942143429,0.9384497970362916
0.00019913912,0.8840976500114077,0.9999741942143429,0.9384725250197609
0.00019925833,0.8841379939764534,0.9999741942143429,0.9384952541041389
0.00019937754,0.8841783416236937,0.9999741942143429,0.9385179842895055
0.00019949675,0.8842186929536328,0.9999741942143429,0.9385407155759408
0.00019985437,0.8842792268547044,0.9999741942143429,0.9385748145702723
0.00019997358,0.8842994066636239,0.9999741942143429,0.9385861814523371
0.00020009279,0.884380135110462,0.9999741942143429,0.9386316517339681
0.000200212,0.8844608782981831,0.9999741942143429,0.938677126421474
0.00020033121,0.8845012554211368,0.9999741942143429,0.9386998654176304
0.00020045042,0.8845618280183533,0.9999741942143429,0.9387339759775939
0.00020056963,0.8845820207277542,0.9999741942143429,0.9387453467151496
0.00020068884,0.8846426043878273,0.9999741942143429,0.9387794605806603
0.00020080805,0.884703196347032,0.9999741942143429,0.9388135769256466
0.00020092726,0.884824405169658,0.9999741942143429,0.9388818170551273
0.00020104647,0.8848850220364916,0.9999741942143429,0.9389159408401627
0.00020116568,0.884905229504453,0.9999741942143429,0.9389273159863962
0.00020128489,0.885168010599173,0.9999741942143429,0.939075217973178
0.00020164251,0.8852893468278084,0.9999741942143429,0.939143496145475
0.00020176172,0.885329799629875,0.9999741942143429,0.939166257742677
0.00020188093,0.8853500274172912,0.9999741942143429,0.93917763895503
0.00020200014,0.8854511802207344,0.9999741942143429,0.9392345491547154
0.00020211935,0.8855118829981719,0.9999741942143429,0.9392686985852239
0.00020223856,0.8855321191069265,0.9999741942143429,0.9392800822805699
0.00020235777,0.8855523561405915,0.9999741942143429,0.9392914662518541
0.00020247698,0.8855928329829053,0.9999741942143429,0.9393142350222777
0.00020259619,0.8857547773612507,0.9999741942143429,0.939405321143509
0.0002027154,0.8858357717629847,0.9999741942143429,0.9394508708289716
0.0002028346,0.8858560226779142,0.9999741942143429,0.9394622589405341
0.00020295382,0.8859167809785093,0.9999741942143429,0.9394964249318551
0.00020307302,0.8859978050118895,0.9999741942143429,0.9395419834528024
0.00020319223,0.8860383225865459,0.9999741942143429,0.9395647643702509
0.00020331144,0.886078843867191,0.9999741942143429,0.9395875463924562
0.00020343065,0.886139632738,0.9999741942143429,0.9396217214973596
0.00020354986,0.886200429950144,0.9999741942143429,0.9396558990884181
0.00020366907,0.8863017771780152,0.9999741942143429,0.9397128672657088
0.00020378828,0.8863220494053065,0.9999741942143429,0.9397242617300863
0.00020390749,0.8863423225599854,0.9999741942143429,0.9397356564707939
0.0002040267,0.8864031475889834,0.9999741942143429,0.9397698423509963
0.00020414591,0.8864234244538488,0.9999741942143429,0.9397812381971241
0.00020426512,0.8864842606149341,0.9999741942143429,0.9398154273938285
0.00020438433,0.8865653884872334,0.9999741942143429,0.9398610168592263
0.00020450354,0.8866465312099578,0.9999741942143429,0.9399066107478334
0.00020474195,0.8867682731475125,0.9999741942143429,0.9399750098756701
0.00020486116,0.8867885667208275,0.9999741942143429,0.9399864106981799
0.00020509958,0.8868900485214685,0.9999741942143429,0.9400434189593493
0.000205338,0.8869712506866875,0.9999741942143429,0.9400890305472326
0.00020557642,0.8870118573456027,0.9999741942143429,0.940111838001045
0.00020569563,0.887052467722736,0.9999741942143429,0.9401346465615452
0.00020581484,0.8871133902612119,0.9999741942143429,0.9401688614775117
0.00020593405,0.8872555753995512,0.9999741942143429,0.9402487059671846
0.00020617247,0.8872758912829437,0.9999741942143429,0.9402601134299429
0.00020641088,0.8873978061236174,0.9999741942143429,0.940328564019706
0.0002065301,0.8874384518493073,0.9999741942143429,0.9403513830977599
0.0002066493,0.8874587761084647,0.9999741942143429,0.940362793052107
0.00020688772,0.8874994274197242,0.9999741942143429,0.9403856137914921
0.00020700693,0.8875604113699351,0.9999741942143429,0.9404198469774482
0.00020712614,0.8875807412158139,0.9999741942143429,0.9404312585933082
0.00020724535,0.8876824044166495,0.9999741942143429,0.9404883208271205
0.00020748377,0.8877230762181851,0.9999741942143429,0.9405111476596063
0.00020760298,0.8877637517468899,0.9999741942143429,0.9405339756001909
0.00020772219,0.8879264911436493,0.9999741942143429,0.9406252984451297
0.0002079606,0.8879671853158871,0.9999741942143429,0.940648131927418
0.00020807981,0.88804858485161,0.9999741942143429,0.9406938022178242
0.00020819902,0.8880892902161208,0.9999741942143429,0.9407166390261037
0.00020831823,0.8882114287024091,0.9999741942143429,0.9407851561042155
0.00020855665,0.8882521489971347,0.9999741942143429,0.9408079973482801
0.00020867586,0.8882725105446543,0.9999741942143429,0.940819418386238
0.00020879507,0.888333600788611,0.9999741942143429,0.9408536831639347
0.00020891428,0.8884558064885933,0.9999741942143429,0.9409222202074422
0.0002091527,0.8884761773742377,0.9999741942143429,0.9409336440188261
0.00020927191,0.8884965491940476,0.9999741942143429,0.9409450681076081
0.00020939112,0.8885169219480877,0.9999741942143429,0.9409564924737986
0.00020951033,0.888537295636422,0.9999741942143429,0.9409679171174072
0.00020962954,0.8885984223078335,0.9999741942143429,0.9410021927128447
0.00020974874,0.8887207008852805,0.9999741942143429,0.9410707513953802
0.00020986795,0.8888226254100052,0.9999741942143429,0.9411278912625187
0.00021010637,0.8888634017662576,0.9999741942143429,0.9411507491522932
0.00021022558,0.8888837913474331,0.9999741942143429,0.9411621785135609
0.00021034479,0.8889245733162048,0.9999741942143429,0.9411850380689072
0.000210464,0.8889449657039297,0.9999741942143429,0.9411964682630063
0.00021058321,0.8890061484812334,0.9999741942143429,0.9412307605111279
0.00021070242,0.8891489410522935,0.9999741942143429,0.9413107854753531
0.00021082163,0.889210151911515,0.9999741942143429,0.9413450860543678
0.00021094084,0.8892305574041353,0.9999741942143429,0.9413565201362173
0.00021117926,0.8892917795015376,0.9999741942143429,0.9413908240484395
0.00021141768,0.8893938350662168,0.9999741942143429,0.9414480027916658
0.00021153688,0.8894346638510799,0.9999741942143429,0.9414708762338589
0.0002117753,0.8894550796492677,0.9999741942143429,0.9414823133717607
0.00021189451,0.8894754963847125,0.9999741942143429,0.9414937507875464
0.00021201372,0.8895163326676307,0.9999741942143429,0.9415166264528092
0.00021213293,0.8895367522152334,0.9999741942143429,0.9415280647023065
0.00021225214,0.8895980164833903,0.9999741942143429,0.9415623811183849
0.00021249056,0.8896184397814408,0.9999741942143429,0.94157382047964
0.00021260977,0.8896388640172648,0.9999741942143429,0.94158526011886
0.00021272898,0.8896797153024911,0.9999741942143429,0.9416081402312346
0.00021284819,0.8897001423520228,0.9999741942143429,0.9416195807044094
0.0002129674,0.8897818599311137,0.9999741942143429,0.9416653453772635
0.0002130866,0.8898227243501424,0.9999741942143429,0.9416882293819248
0.00021320581,0.8898431579672538,0.9999741942143429,0.9416996718013496
0.00021344423,0.889904464449752,0.9999741942143429,0.9417340007281217
0.00021356344,0.8899657793803541,0.9999741942143429,0.9417683321578535
0.00021368265,0.8900884345928564,0.9999741942143429,0.9418370025272912
0.00021380186,0.8901088804153076,0.9999741942143429,0.9418484485624976
0.00021392107,0.890129327177084,0.9999741942143429,0.9418598948759122
0.00021404028,0.8901497748782505,0.9999741942143429,0.9418713414675449
0.0002142787,0.8902111236187369,0.9999741942143429,0.9419056829118535
0.0002143979,0.8902724808160639,0.9999741942143429,0.9419400268604908
0.00021451712,0.8903952205882353,0.9999741942143429,0.9420087222718482
0.00021463633,0.8904156805073646,0.9999741942143429,0.9420201724812406
0.00021475554,0.890558926273212,0.9999741942143429,0.9421003317416423
0.00021487474,0.890640801691643,0.9999741942143429,0.942146143158566
0.00021499395,0.890661272898614,0.9999741942143429,0.9421575967089513
0.00021511316,0.8906817450466602,0.9999741942143429,0.9421690505378187
0.00021523237,0.8907226921662376,0.9999741942143429,0.9421919590310405
0.00021535158,0.8907841199052895,0.9999741942143429,0.9422263238597426
0.00021547079,0.8908045977011494,0.9999741942143429,0.9422377793597159
0.00021559,0.8908455561175227,0.9999741942143429,0.9422606911953321
0.00021570921,0.8910504047093452,0.9999741942143429,0.94237526708945
0.00021582842,0.8910708947501552,0.9999741942143429,0.9423867262114072
0.00021594763,0.8911118776589628,0.9999741942143429,0.9424096452913882
0.00021618605,0.8911323705270904,0.9999741942143429,0.9424211052494319
0.00021630526,0.8911528643377872,0.9999741942143429,0.9424325654861915
0.00021642447,0.8912348490075669,0.9999741942143429,0.9424784092205916
0.00021654367,0.8912553475320852,0.9999741942143429,0.9424898708510827
0.0002167821,0.8913578543003704,0.9999741942143429,0.9425471831853947
0.00021702051,0.8913783584836217,0.9999741942143429,0.9425586464886994
0.00021713972,0.8914193696802393,0.9999741942143429,0.9425815739318328
0.00021725893,0.8914603846507776,0.9999741942143429,0.9426045024903988
0.00021737814,0.8915014033957576,0.9999741942143429,0.9426274321644793
0.00021749735,0.8915424259157003,0.9999741942143429,0.9426503629541554
0.00021761656,0.8916244822825586,0.9999741942143429,0.94269622788062
0.00021773577,0.8916449987344394,0.9999741942143429,0.9427076948096107
0.00021797419,0.8916655161305168,0.9999741942143429,0.9427191620175714
0.0002182126,0.8929188653593566,0.9999741942143429,0.9434191896403298
0.00021845102,0.8932893796537495,0.9999741942143429,0.943625953861609
0.00021857023,0.8933717579250721,0.9999741942143429,0.9436719137748307
0.00021868944,0.8935777700910873,0.9999741942143429,0.9437868331472099
0.00021880865,0.893660201563617,0.9999741942143429,0.943832808733609
0.00021892786,0.893701423003298,0.9999741942143429,0.9438557982065887
0.00021904707,0.8938044932416848,0.9999741942143429,0.943913276789054
0.00021928549,0.893866346797075,0.9999741942143429,0.9439477672989531
0.0002194047,0.8939075872569148,0.9999741942143429,0.9439707623725647
0.00021964312,0.893948831522366,0.9999741942143429,0.9439937585665482
0.00021976233,0.89403133147221,0.9999741942143429,0.9440397543159584
0.00021988153,0.8941138466508226,0.9999741942143429,0.9440857545478393
0.00022000074,0.894134477825465,0.9999741942143429,0.9440972553062721
0.00022023916,0.8941963770624207,0.9999741942143429,0.9441317592628456
0.00022035837,0.8942170120459685,0.9999741942143429,0.9441432611421625
0.00022047758,0.8943202012508943,0.9999741942143429,0.9442007747426497
0.00022059679,0.8943408419497785,0.9999741942143429,0.9442122783035997
0.00022083521,0.894444059737322,0.9999741942143429,0.944269800313174
0.00022107363,0.8944647061539172,0.9999741942143429,0.9442813055561255
0.00022119284,0.8945266511230637,0.9999741942143429,0.9443158229672386
0.00022131205,0.8945679525359559,0.9999741942143429,0.9443388359766315
0.00022143126,0.8946092577628997,0.9999741942143429,0.9443618501077072
0.00022155046,0.8946299118068061,0.9999741942143429,0.9443733575939021
0.00022178888,0.8946712227558182,0.9999741942143429,0.944396373407656
0.00022190809,0.8947331963333256,0.9999741942143429,0.9444308992318532
0.0002220273,0.8947951784972059,0.9999741942143429,0.9444654275805751
0.00022214651,0.8948365047108812,0.9999741942143429,0.9444884478823736
0.00022238493,0.8948571692492437,0.9999741942143429,0.944499958454099
0.00022262335,0.8949398369477355,0.9999741942143429,0.9445460035467456
0.00022274256,0.8949605062589496,0.9999741942143429,0.944557515521395
0.00022286177,0.8950845421786935,0.9999741942143429,0.9446265932625781
0.00022298098,0.8951052181746784,0.9999741942143429,0.9446381072017525
0.0002232194,0.8951672518942894,0.9999741942143429,0.9446726507034404
0.00022345781,0.8952086124844061,0.9999741942143429,0.9446956811081401
0.00022357702,0.8952913451319255,0.9999741942143429,0.9447417452864864
0.00022369623,0.8954154727793696,0.9999741942143429,0.9448108499776062
0.00022381544,0.8954568563109488,0.9999741942143429,0.9448338871212683
0.00022393465,0.8954982436679608,0.9999741942143429,0.9448569253883785
0.00022405386,0.8955189387811698,0.9999741942143429,0.9448684449432521
0.00022417307,0.8955603318773255,0.9999741942143429,0.9448914848956883
0.00022429228,0.8955810298604049,0.9999741942143429,0.9449030052932713
0.00022441149,0.8956017288002404,0.9999741942143429,0.9449145259717779
0.0002246499,0.8956638313609467,0.9999741942143429,0.9449490896929424
0.00022476912,0.8957673547701056,0.9999741942143429,0.9450067015143153
0.00022500753,0.8958087708347782,0.9999741942143429,0.9450297482099055
0.00022524595,0.8958501907293954,0.9999741942143429,0.9450527960296425
0.00022536516,0.8958709021130994,0.9999741942143429,0.9450643203610918
0.00022548437,0.8959744733982289,0.9999741942143429,0.9451219462345569
0.00022560358,0.8960159086179388,0.9999741942143429,0.9451449985517036
0.00022572279,0.8962646004394588,0.9999741942143429,0.9452833360731857
0.000225842,0.896285330989499,0.9999741942143429,0.9452948660279402
0.00022596121,0.8963060624985544,0.9999741942143429,0.945306396263968
0.00022608042,0.8963682627804765,0.9999741942143429,0.9453409886597937
0.00022619963,0.8963889981262578,0.9999741942143429,0.9453525200210174
0.00022655725,0.896409734431387,0.9999741942143429,0.9453640516635662
0.00022679567,0.8964304716959308,0.9999741942143429,0.9453755835874498
0.00022691488,0.8964512099199555,0.9999741942143429,0.9453871157926788
0.00022703409,0.8964926892467148,0.9999741942143429,0.9454101810472139
0.0002271533,0.8965134303495824,0.9999741942143429,0.9454217140965407
0.00022739172,0.8965341724121975,0.9999741942143429,0.945433247427254
0.00022751093,0.8965756594169366,0.9999741942143429,0.9454563149328816
0.00022763014,0.8966171502614652,0.9999741942143429,0.9454793835641788
0.00022774935,0.8966793937290293,0.9999741942143429,0.9455139886219357
0.00022786856,0.8967208941753639,0.9999741942143429,0.9455370600677679
0.00022798777,0.8967416458391188,0.9999741942143429,0.9455485962129131
0.00022822618,0.8968039065935337,0.9999741942143429,0.945583206337389
0.0002283454,0.8968869343825946,0.9999741942143429,0.9456293571115024
0.00022870302,0.8969076937320618,0.9999741942143429,0.945640895508935
0.00022882223,0.8969284540425433,0.9999741942143429,0.9456524341879498
0.00022894144,0.8969492153141059,0.9999741942143429,0.9456639731485572
0.00022906065,0.8969907407407407,0.9999741942143429,0.945687051914591
0.0002296567,0.8970115048959467,0.9999741942143429,0.9456985917200382
0.0002297759,0.8970322700125006,0.9999741942143429,0.945710131807119
0.00022989511,0.8970738031299195,0.9999741942143429,0.9457332128262236
0.00023001432,0.8971153400935316,0.9999741942143429,0.9457562949719871
0.00023025274,0.8972399740668704,0.9999741942143429,0.9458255481700573
0.00023037195,0.8973230826231938,0.9999741942143429,0.9458717226035788
0.00023049116,0.8973438621679828,0.9999741942143429,0.9458832669164046
0.00023061037,0.8973854241448785,0.9999741942143429,0.9459063563874632
0.000230968,0.8976764658187968,0.9999741942143429,0.946068014253281
0.00023108721,0.897697261733772,0.9999741942143429,0.9460795633580913
0.00023144484,0.8977180586123016,0.9999741942143429,0.9460911127448757
0.00023156404,0.8977388564544528,0.9999741942143429,0.9461026624136448
0.00023180246,0.8977804550298873,0.9999741942143429,0.9461257625971782
0.00023192167,0.897842860121875,0.9999741942143429,0.9461604149876217
0.00023216009,0.8979260804078323,0.9999741942143429,0.9462066221235806
0.0002322793,0.8979468878898827,0.9999741942143429,0.9462181746127645
0.00023239851,0.8979676963362918,0.9999741942143429,0.9462297273840466
0.00023251772,0.8980093161224537,0.9999741942143429,0.946252833772947
0.00023263693,0.8980301274623407,0.9999741942143429,0.946264387390586
0.00023275614,0.8980509397668544,0.9999741942143429,0.9462759412903645
0.00023287535,0.8980925672700304,0.9999741942143429,0.946299049936382
0.00023311377,0.8981133824688268,0.9999741942143429,0.9463106046826416
0.00023323298,0.8981758338548548,0.9999741942143429,0.9463452706145472
0.00023370981,0.8982174729375768,0.9999741942143429,0.9463683826468603
0.00023382902,0.8982382939267501,0.9999741942143429,0.9463799390863608
0.00023394823,0.8982591158812212,0.9999741942143429,0.946391495808104
0.00023406744,0.898279938801057,0.9999741942143429,0.9464030528121008
0.00023418665,0.8983840678830594,0.9999741942143429,0.9464608420662463
0.00023430586,0.8984257262757646,0.9999741942143429,0.9464839597440399
0.00023454428,0.8985298891619904,0.9999741942143429,0.9465417588795859
0.00023466349,0.898759132552476,0.9999741942143429,0.9466689418297358
0.0002347827,0.8987799786612237,0.9999741942143429,0.946680505610916
0.00023502111,0.8989050756240141,0.9999741942143429,0.9467498942311111
0.00023514032,0.8989259285034913,0.9999741942143429,0.9467614599900926
0.00023525953,0.8989467823504849,0.9999741942143429,0.9467730260316588
0.00023537874,0.898967637165062,0.9999741942143429,0.9467845923558196
0.00023561716,0.8990719257540604,0.9999741942143429,0.9468424282159091
0.00023573637,0.8991136479651027,0.9999741942143429,0.9468655645384715
0.00023597479,0.8991345105227742,0.9999741942143429,0.9468771331237639
0.000236094,0.8991553740486357,0.9999741942143429,0.9468887019917446
0.0002362132,0.8991762385427544,0.9999741942143429,0.9469002711424236
0.00023633242,0.8991971040051979,0.9999741942143429,0.9469118405758113
0.00023657084,0.8992179704360337,0.9999741942143429,0.9469234102919183
0.00023669004,0.8992805755395683,0.9999741942143429,0.9469581211366578
0.00023680925,0.8993431893610602,0.9999741942143429,0.946992834526243
0.00023704767,0.8993640625725293,0.9999741942143429,0.9470044062216741
0.00023716688,0.8993849367529303,0.9999741942143429,0.9470159781999077
0.0002374053,0.8994266880207971,0.9999741942143429,0.9470391230048221
0.00023812056,0.8995519650857766,0.9999741942143429,0.9471085642078936
0.00023823977,0.8995937318630296,0.9999741942143429,0.9471317135386368
0.00023835897,0.8996355025189794,0.9999741942143429,0.9471548640010444
0.0002385974,0.8996563893016345,0.9999741942143429,0.9471664396566484
0.0002387166,0.8997817303673431,0.9999741942143429,0.9472358995325283
0.00023883581,0.8998444139980958,0.9999741942143429,0.9472706332909565
0.00023895502,0.8998862079375769,0.9999741942143429,0.9472937905450949
0.00023943186,0.8999489061266199,0.9999741942143429,0.9473285285492886
0.00023978949,0.8999907097733185,0.9999741942143429,0.9473516886341967
0.0002400279,0.9000116130530716,0.9999741942143429,0.9473632691013156
0.00024014711,0.900032517303851,0.9999741942143429,0.9473748498515581
0.00024026632,0.9000534225257241,0.9999741942143429,0.9473864308849347
0.00024050474,0.9001370531255082,0.9999741942143429,0.9474327578499896
0.00024062395,0.9001788742537227,0.9999741942143429,0.9474559230315915
0.00024122,0.9002206992682077,0.9999741942143429,0.9474790893460207
0.00024145842,0.9002416132329709,0.9999741942143429,0.9474906729280714
0.00024169683,0.9003043609581561,0.9999741942143429,0.9475254253736924
0.00024181604,0.9003252788104089,0.9999741942143429,0.9475370100887572
0.00024205446,0.9003671174311074,0.9999741942143429,0.9475601803687357
0.00024217367,0.900429882653654,0.9999741942143429,0.9475949379134815
0.00024241209,0.9005763688760807,0.9999741942143429,0.9476760487683077
0.00024265051,0.900597299370163,0.9999741942143429,0.9476876371668164
0.00024276972,0.9006391632771644,0.9999741942143429,0.9477108148140885
0.00024288893,0.9006600966902194,0.9999741942143429,0.9477224040628723
0.00024324656,0.900701966435777,0.9999741942143429,0.9477455834107881
0.00024336576,0.900743840074384,0.9999741942143429,0.9477687638925703
0.00024360418,0.900827599032918,0.9999741942143429,0.9478151282580666
0.00024372339,0.9008485412065559,0.9999741942143429,0.9478267200582372
0.0002438426,0.9008694843539313,0.9999741942143429,0.9478383121419472
0.00024420023,0.9008904284751121,0.9999741942143429,0.947849904509207
0.00024431944,0.9009113735701665,0.9999741942143429,0.9478614971600271
0.00024443865,0.9010370645956378,0.9999741942143429,0.9479310590202951
0.00024467707,0.9010789693981955,0.9999741942143429,0.9479542485760044
0.00024479628,0.9010999232611678,0.9999741942143429,0.9479658437793348
0.00024491549,0.9011418339108392,0.9999741942143429,0.9479890350369986
0.0002450347,0.9011627906976745,0.9999741942143429,0.9480006310913531
0.0002451539,0.9011837484592665,0.9999741942143429,0.9480122274294032
0.00024539232,0.9012675892545645,0.9999741942143429,0.9480586156187666
0.00024551153,0.9012885518909616,0.9999741942143429,0.9480702133754502
0.00024563074,0.9013304800893189,0.9999741942143429,0.948093409740102
0.000246346,0.9013514456514155,0.9999741942143429,0.9481050083480911
0.0002464652,0.9013724121888811,0.9999741942143429,0.9481166072398693
0.00024670362,0.9013933797017841,0.9999741942143429,0.948128206415447
0.00024694204,0.9014143481901926,0.9999741942143429,0.9481398058748352
0.00024729967,0.9014353176541745,0.9999741942143429,0.9481514056180435
0.0002476573,0.9014982319002419,0.9999741942143429,0.9481862065506959
0.00024801493,0.9016031084948464,0.9999741942143429,0.9482442137824986
0.00024837255,0.9016660461653015,0.9999741942143429,0.9482790215284679
0.00024849176,0.9016870273414777,0.9999741942143429,0.9482906246783348
0.0002488494,0.9017499767290329,0.9999741942143429,0.9483254358317131
0.0002489686,0.9017919478706073,0.9999741942143429,0.9483486446872171
0.00024944544,0.9018339229193819,0.9999741942143429,0.9483718546787535
0.00024992228,0.9018759018759018,0.9999741942143429,0.9483950658064058
0.00025004148,0.9019178847407131,0.9999741942143429,0.9484182780702571
0.0002501607,0.9019808663671702,0.9999741942143429,0.9484530985965899
0.0002503991,0.9020228590050979,0.9999741942143429,0.948476313701304
0.00025051832,0.902085855293789,0.9999741942143429,0.9485111384893221
0.00025099516,0.9021068560121057,0.9999741942143429,0.9485227473202891
0.00025111437,0.9022118742724098,0.9999741942143429,0.9485807957378004
0.00025123358,0.9022748969660279,0.9999741942143429,0.9486156281988243
0.000251472,0.9022959064872165,0.9999741942143429,0.9486272395876476
0.0002515912,0.9023169169868437,0.9999741942143429,0.9486388512607293
0.00025171041,0.9023379284649776,0.9999741942143429,0.9486504632180798
0.00025182962,0.9024219841639497,0.9999741942143429,0.94869691389038
0.00025194883,0.9024430005356436,0.9999741942143429,0.9487085272692317
0.00025230646,0.9024640178862546,0.9999741942143429,0.9487201409324149
0.0002526641,0.9025270758122743,0.9999741942143429,0.948754983628058
0.0002527833,0.9025691193254606,0.9999741942143429,0.948778213513669
0.0002529025,0.9026111667559572,0.9999741942143429,0.9488014445368568
0.00025314093,0.902632191940368,0.9999741942143429,0.9488130604750682
0.00025373697,0.902716302474025,0.9999741942143429,0.9488595270722731
0.00025385618,0.9027373325567851,0.9999741942143429,0.9488711444327165
0.0002542138,0.9027793956619994,0.9999741942143429,0.9488943800070471
0.00025457144,0.9028635336331229,0.9999741942143429,0.9489408545697755
0.0002552867,0.9029056085001281,0.9999741942143429,0.9489640935583408
0.00025564432,0.9029476872888268,0.9999741942143429,0.9489873336851514
0.00025576353,0.9029687281539824,0.9999741942143429,0.9489989541754251
0.00025600195,0.902989769999767,0.9999741942143429,0.9490105749502913
0.00025624037,0.9030108128262491,0.9999741942143429,0.9490221960097608
0.0002564788,0.90305290142158,0.9999741942143429,0.9490454389825509
0.000256598,0.903094993940524,0.9999741942143429,0.9490686830938795
0.0002568364,0.9031581400769141,0.9999741942143429,0.9491035513958144
0.00025695562,0.903179190751445,0.9999741942143429,0.9491151747324857
0.00025719404,0.9032423486632013,0.9999741942143429,0.9491500464507254
0.00025731325,0.9032634032634033,0.9999741942143429,0.9491616709262487
0.00025743246,0.9032844588451945,0.9999741942143429,0.9491732956865113
0.00025755167,0.9033055154086438,0.9999741942143429,0.9491849207315234
0.00025767088,0.9033897514803936,0.9999741942143429,0.9492314237592769
0.0002577901,0.9034108129531625,0.9999741942143429,0.949243050228194
0.0002580285,0.9034318754080015,0.9999741942143429,0.9492546769819236
0.00025814772,0.9034740032641642,0.9999741942143429,0.9492779313438615
0.00025826693,0.9035372024156504,0.9999741942143429,0.9493128150231229
0.00025838614,0.903558270764352,0.9999741942143429,0.9493244434859466
0.00025862455,0.9035793400956045,0.9999741942143429,0.9493360722336557
0.0002591014,0.9036004104094767,0.9999741942143429,0.9493477012662611
0.0002593398,0.9036425539853552,0.9999741942143429,0.9493709601862022
0.00025945902,0.9037057767205392,0.9999741942143429,0.9494058507030964
0.00025957823,0.9037479301257084,0.9999741942143429,0.94942911247247
0.00025969744,0.9037690083030133,0.9999741942143429,0.9494407437846213
0.00025993586,0.9038111676074078,0.9999741942143429,0.9494640072639057
0.00026005507,0.903853330845307,0.9999741942143429,0.9494872718832353
0.00026017427,0.9038744139394929,0.9999741942143429,0.9494989046204433
0.0002605319,0.9039165830786816,0.9999741942143429,0.9495221709499981
0.00026077032,0.9040852989897575,0.9999741942143429,0.9496152476716034
0.00026112795,0.9041274878088617,0.9999741942143429,0.9496385197032708
0.00026124716,0.9042540778941964,0.9999741942143429,0.9497083426426521
0.00026148558,0.9042751796882292,0.9999741942143429,0.9497199807974646
0.0002616048,0.9042962824671537,0.9999741942143429,0.9497316192375188
0.0002618432,0.9043595967139656,0.9999741942143429,0.9497665362692378
0.00026232004,0.9043807034331458,0.9999741942143429,0.9497781758503645
0.00026255846,0.9044440295023807,0.9999741942143429,0.9498130963055527
0.00026267767,0.904507364440606,0.9999741942143429,0.9498480193286732
0.00026279688,0.9045284780578898,0.9999741942143429,0.9498596609070807
0.0002630353,0.9045495926608931,0.9999741942143429,0.949871302770856
0.0002631545,0.9045707082496849,0.9999741942143429,0.9498829449200094
0.00026339293,0.9045918248243341,0.9999741942143429,0.9498945873545517
0.00026351213,0.9046340609314812,0.9999741942143429,0.9499178730798443
0.00026363134,0.9047185449791039,0.9999741942143429,0.9499644479555567
0.00026375055,0.9047396684566892,0.9999741942143429,0.9499760923881141
0.00026398897,0.9047607929206846,0.9999741942143429,0.9499877371061443
0.00026410818,0.9047819183711591,0.9999741942143429,0.9499993821096577
0.0002643466,0.9048030448081817,0.9999741942143429,0.9500110273986648
0.0002644658,0.9048241722318218,0.9999741942143429,0.9500226729731762
0.00026470423,0.9048453006421483,0.9999741942143429,0.9500343188332022
0.00026530027,0.9048664300392303,0.9999741942143429,0.9500459649787535
0.00026541948,0.9049086917939377,0.9999741942143429,0.9500692581264738
0.0002656579,0.9049298241517013,0.9999741942143429,0.9500809051286638
0.0002657771,0.904950957496497,0.9999741942143429,0.9500925524164209
0.00026601553,0.9049720918283939,0.9999741942143429,0.9501041999897558
0.00026613474,0.9049932271474613,0.9999741942143429,0.9501158478486791
0.00026637316,0.9050355007473841,0.9999741942143429,0.9501391444233321
0.00026661158,0.9050566390283779,0.9999741942143429,0.950150793139083
0.00026685,0.9050777782968188,0.9999741942143429,0.9501624421404642
0.00026768446,0.9051200597963188,0.9999741942143429,0.9501857410001593
0.00026792288,0.9051412020275162,0.9999741942143429,0.9501973908584941
0.00026839972,0.9051623452464378,0.9999741942143429,0.9502090410025015
0.00026863813,0.9051834894531524,0.9999741942143429,0.9502206914321915
0.00026899576,0.9052046346477294,0.9999741942143429,0.9502323421475748
0.00026911497,0.9052257808302381,0.9999741942143429,0.9502439931486618
0.00026923418,0.9052469280007476,0.9999741942143429,0.9502556444354632
0.0002695918,0.9052680761593271,0.9999741942143429,0.9502672960079894
0.00026971102,0.9053103754409738,0.9999741942143429,0.9502906000102586
0.00026983023,0.9053526786757319,0.9999741942143429,0.9503139051555529
0.00027006865,0.9054161409411655,0.9999741942143429,0.9503488650168512
0.00027018785,0.9054372970067995,0.9999741942143429,0.9503605188755545
0.00027030706,0.9054584540611272,0.9999741942143429,0.9503721730200771
0.00027054548,0.9055219311569649,0.9999741942143429,0.9504071371686669
0.0002707839,0.9055642541655956,0.9999741942143429,0.9504304480303502
0.0002709031,0.9056065811306644,0.9999741942143429,0.9504537600355634
0.00027102232,0.9056489120527262,0.9999741942143429,0.9504770731843911
0.00027161837,0.905712415856395,0.9999741942143429,0.9505120450520935
0.00027173758,0.9057335857700488,0.9999741942143429,0.9505237029132257
0.000271976,0.9057759285664196,0.9999741942143429,0.9505470194934013
0.0002720952,0.9057971014492754,0.9999741942143429,0.9505586782124653
0.00027245283,0.9058394501846744,0.9999741942143429,0.9505819965085986
0.00027269125,0.9058606260373565,0.9999741942143429,0.9505936560856891
0.00027304888,0.9058818028801197,0.9999741942143429,0.9506053159488094
0.0002731681,0.9059241595361668,0.9999741942143429,0.9506286365331813
0.0002732873,0.9059453393495897,0.9999741942143429,0.9506402972544543
0.0002734065,0.9059665201533713,0.9999741942143429,0.9506519582617993
0.00027364492,0.906008884732289,0.9999741942143429,0.9506752811347469
0.00027388334,0.9060300685075638,0.9999741942143429,0.9506869430003706
0.00027412176,0.9060512532734755,0.9999741942143429,0.9506986051521084
0.00027424097,0.9060724390300933,0.9999741942143429,0.9507102675899709
0.00027436018,0.9089629612253993,0.9999741942143429,0.9522990291958285
0.0002745986,0.9089842833685198,0.9999741942143429,0.9523107309325206
0.00027483702,0.9090056065119989,0.9999741942143429,0.9523224329567953
0.00027495623,0.9090695819452916,0.9999741942143429,0.9523575407552208
0.0002759099,0.9090909090909091,0.9999741942143429,0.9523692439299318
0.00027626753,0.9091122372372372,0.9999741942143429,0.9523809473922785
0.00027662516,0.9091335663843465,0.9999741942143429,0.9523926511422716
0.00027674437,0.90917622768119,0.9999741942143429,0.9524160595052387
0.00027686357,0.9092402271340748,0.9999741942143429,0.9524511742073011
0.00027698278,0.9093255737551039,0.9999741942143429,0.9524979978380388
0.000277102,0.9093469129138995,0.9999741942143429,0.9525097044650775
0.00027745962,0.9093682530742514,0.9999741942143429,0.9525214113798791
0.00027757883,0.9094536237326324,0.9999741942143429,0.9525682419169268
0.00027769804,0.9094749689018237,0.9999741942143429,0.9525799502707022
0.00027781725,0.9094963150729944,0.9999741942143429,0.9525916589123041
0.00027817488,0.9095176622462152,0.9999741942143429,0.9526033678417433
0.0002784133,0.9095390104215567,0.9999741942143429,0.9526150770590303
0.0002785325,0.9096030609610103,0.9999741942143429,0.9526502064380841
0.00027889013,0.9096244131455399,0.9999741942143429,0.9526619168068684
0.00027900934,0.9096671205220902,0.9999741942143429,0.9526853384081504
0.00027912855,0.9097311891067027,0.9999741942143429,0.952720472969516
0.00027924776,0.9097525473071325,0.9999741942143429,0.952732185065865
0.00027936697,0.9097952667167544,0.9999741942143429,0.9527556101224673
0.0002796054,0.9098166279260876,0.9999741942143429,0.952767323082742
0.0002798438,0.9098593533541525,0.9999741942143429,0.9527907498672914
0.00027996302,0.9099020827952192,0.9999741942143429,0.9528141778039115
0.00028008223,0.9099875537186201,0.9999741942143429,0.9528610371337044
0.00028020144,0.9100516674495068,0.9999741942143429,0.9528961846558671
0.00028032064,0.910073040700815,0.9999741942143429,0.9529079010728007
0.00028055906,0.91015854374633,0.9999741942143429,0.9529547696218802
0.0002811551,0.9101799220181331,0.9999741942143429,0.9529664874795399
0.00028151274,0.9102013012942475,0.9999741942143429,0.9529782056253765
0.00028163195,0.910222681574744,0.9999741942143429,0.9529899240594009
0.00028175116,0.9103082127419658,0.9999741942143429,0.9530368006775886
0.00028198957,0.9103295980454342,0.9999741942143429,0.953048520552711
0.00028210878,0.9103509843537095,0.9999741942143429,0.9530602407160854
0.0002823472,0.9103937599849639,0.9999741942143429,0.9530836819076308
0.0002824664,0.910500716652177,0.9999741942143429,0.9531422899316409
0.00028258562,0.9105221110014569,0.9999741942143429,0.9531540124014101
0.00028270483,0.9105435063561811,0.9999741942143429,0.9531657351595267
0.00028294325,0.9105863000822465,0.9999741942143429,0.9531891815408443
0.00028330088,0.9106290978309403,0.9999741942143429,0.9532126290756785
0.0002834201,0.9106718996028296,0.9999741942143429,0.9532360777641146
0.0002835393,0.9107575152184643,0.9999741942143429,0.9532829786021332
0.0002837777,0.9107789216377568,0.9999741942143429,0.953294704532772
0.00028389692,0.9108003290633447,0.9999741942143429,0.9533064307518859
0.00028401613,0.9108431469336906,0.9999741942143429,0.953329884055581
0.00028413534,0.9108645573785906,0.9999741942143429,0.9533416111401837
0.00028425455,0.9109073812881994,0.9999741942143429,0.9533650661749522
0.0002848506,0.9109502092246932,0.9999741942143429,0.9533885223638761
0.0002849698,0.9109716247031996,0.9999741942143429,0.953400250891173
0.00028532743,0.9109930411886402,0.9999741942143429,0.9534119797070406
0.00028544664,0.911271547162712,0.9999741942143429,0.95356448057811
0.00028556585,0.9113144093506738,0.9999741942143429,0.9535879465807955
0.00028568506,0.9114001458240233,0.9999741942143429,0.9536348820511468
0.0002861619,0.911507339104253,0.9999741942143429,0.9536935578868039
0.0002862811,0.9115716671763626,0.9999741942143429,0.9537287668541592
0.00028640032,0.9115931118848217,0.9999741942143429,0.9537405037543353
0.00028663874,0.9116360043288007,0.9999741942143429,0.9537639784213375
0.00028699636,0.9117003505634896,0.9999741942143429,0.9537991925886267
0.000287354,0.9123872760236397,0.9999741942143429,0.9541749722334083
0.0002874732,0.9124087591240876,0.9999741942143429,0.9541867201185216
0.00028771162,0.9124302432362429,0.9999741942143429,0.9541984682929204
0.00028842688,0.9124732144959615,0.9999741942143429,0.9542219655096172
0.00028854609,0.9126021525635288,0.9999741942143429,0.9542924641036721
0.0002889037,0.9127311270757272,0.9999741942143429,0.9543629731154687
0.00028902292,0.9127526263720733,0.9999741942143429,0.9543747256304329
0.00028914213,0.9128386336866903,0.9999741942143429,0.9544217385849623
0.00028926134,0.9128601380480106,0.9999741942143429,0.9544334925473162
0.00028949976,0.9129461656261044,0.9999741942143429,0.9544805112919392
0.00028973818,0.9129676750541891,0.9999741942143429,0.9544922667019504
0.0002898574,0.9129891854958415,0.9999741942143429,0.9545040224015249
0.0002899766,0.9130106969511333,0.9999741942143429,0.9545157783906736
0.00029045343,0.9130537229029217,0.9999741942143429,0.9545392912377366
0.00029057264,0.9130752373995618,0.9999741942143429,0.9545510480956723
0.00029093027,0.9130967529101277,0.9999741942143429,0.9545628052432249
0.0002911687,0.9131182694346914,0.9999741942143429,0.9545745626804053
0.0002912879,0.9131397869733245,0.9999741942143429,0.954586320407224
0.0002914071,0.9131613055260988,0.9999741942143429,0.9545980784236919
0.00029152632,0.9131828250930857,0.9999741942143429,0.9546098367298196
0.00029212236,0.9132043456743573,0.9999741942143429,0.954621595325618
0.00029224157,0.9132473898800405,0.9999741942143429,0.9546451133862689
0.00029236078,0.9132904381437225,0.9999741942143429,0.9546686326057304
0.00029248,0.9133119637974922,0.9999741942143429,0.954680392650042
0.0002925992,0.9133550181492481,0.9999741942143429,0.95470391360788
0.0002927184,0.9133765468473777,0.9999741942143429,0.9547156745214278
0.00029307604,0.9136565123078374,0.9999741942143429,0.9548685927702363
0.00029319525,0.9136780552215227,0.9999741942143429,0.9548803577414952
0.00029367208,0.913721144096772,0.9999741942143429,0.9549038885537748
0.0002937913,0.9137426900584795,0.9999741942143429,0.9549156543948166
0.00029414892,0.9137642370363384,0.9999741942143429,0.9549274205258074
0.00029426813,0.9138073340407971,0.9999741942143429,0.9549509536576791
0.00029438734,0.9138288840675408,0.9999741942143429,0.9549627206585811
0.00029450655,0.9138504351107233,0.9999741942143429,0.9549744879494753
0.00029462576,0.9138719871704165,0.9999741942143429,0.954986255530372
0.00029557943,0.9138935402466923,0.9999741942143429,0.954998023401282
0.00029593706,0.9139582055757347,0.9999741942143429,0.9550333287541993
0.00029617548,0.9155345540460721,0.9999741942143429,0.9558932309858374
0.0002962947,0.9155561856157263,0.9999741942143429,0.9559050212200101
0.0002964139,0.9155994518217475,0.9999741942143429,0.9559286025609198
0.0002965331,0.9156210864582595,0.9999741942143429,0.9559403936676786
0.00029665232,0.9156643587986484,0.9999741942143429,0.9559639767538567
0.00029677153,0.9156859965026702,0.9999741942143429,0.9559757687332979
0.00029700994,0.9157509157509157,0.9999741942143429,0.9560111464171595
0.00029712915,0.9157942003639543,0.9999741942143429,0.9560347329944561
0.00029724836,0.9158158442049537,0.9999741942143429,0.9560465267195534
0.00029736757,0.9158591349562751,0.9999741942143429,0.9560701150426999
0.00029748678,0.9159024298005105,0.9999741942143429,0.956093704529854
0.000297606,0.9159890317700454,0.9999741942143429,0.9561408869965299
0.0002978444,0.9160106848214075,0.9999741942143429,0.9561526833408382
0.00029808283,0.9160539939954139,0.9999741942143429,0.9561762769026975
0.00029820204,0.9160756501182034,0.9999741942143429,0.9561880741202701
0.00029832125,0.9160973072649472,0.9999741942143429,0.9561998716289523
0.00029844046,0.9164222873900293,0.9999741942143429,0.9563768691996689
0.00029879808,0.9165740237008302,0.9999741942143429,0.956459490492511
0.0002989173,0.916639068931258,0.9999741942143429,0.9564949039881632
0.0002989769,0.9166824375473126,0.9999741942143429,0.9565185144421962
0.00029921532,0.916725810267329,0.9999741942143429,0.9565421260618754
0.00029933453,0.9167908770435564,0.9999741942143429,0.9565775456771697
0.00029981136,0.9168776471144973,0.9999741942143429,0.9566247759114626
0.00030004978,0.9168993421986654,0.9999741942143429,0.9566365841987806
0.0003002882,0.9170729398400151,0.9999741942143429,0.9567310609929316
0.0003004074,0.9184640910168287,0.9999741942143429,0.9574875476708414
0.00030064583,0.9184858612434521,0.9999741942143429,0.9574993772674841
0.00030076504,0.9185076325021333,0.9999741942143429,0.9575112071564358
0.00030088425,0.9187254018682726,0.9999741942143429,0.9576295221253271
0.00030100346,0.9187689681335357,0.9999741942143429,0.9576531886278965
0.00030124187,0.918790752815649,0.9999741942143429,0.9576650223178503
0.00030136108,0.918834325279207,0.9999741942143429,0.9576886905751512
0.0003015995,0.9188996917239743,0.9999741942143429,0.957724195154747
0.0003017187,0.9190086564686352,0.9999741942143429,0.957783375304516
0.00030183792,0.9190522496027322,0.9999741942143429,0.9578070494123315
0.00030195713,0.9190740477206963,0.9999741942143429,0.9578188869051201
0.00030207634,0.9192048581459341,0.9999741942143429,0.957889918006866
0.00030243397,0.9193575173788228,0.9999741942143429,0.9579728009420719
0.00030255318,0.9193793299800702,0.9999741942143429,0.9579846425322712
0.0003026724,0.9194011436163902,0.9999741942143429,0.9579964844152241
0.0003029108,0.9194229582878565,0.9999741942143429,0.9580083265909415
0.00030314922,0.9194447739945426,0.9999741942143429,0.9580201690594342
0.00030338764,0.9194665907365224,0.9999741942143429,0.9580320118207128
0.00030350685,0.9194884085138695,0.9999741942143429,0.9580438548747887
0.00030362606,0.9196411619517753,0.9999741942143429,0.9581267644525485
0.00030374527,0.9196848151136849,0.9999741942143429,0.9581504555391291
0.0003039837,0.9197066432487598,0.9999741942143429,0.9581623015217727
0.00030505657,0.9197284724200133,0.9999741942143429,0.9581741477973327
0.00030517578,0.9197721338713506,0.9999741942143429,0.9581978412272454
0.0003054142,0.919793966151582,0.9999741942143429,0.95820968838162
0.00030577183,0.9198157994682872,0.9999741942143429,0.9582215358289545
0.00030636787,0.9198376338215396,0.9999741942143429,0.9582333835692599
0.00030648708,0.9199249816015004,0.9999741942143429,0.9582807774604073
0.0003068447,0.9204056910762215,0.9999741942143429,0.9585415276855738
0.00030696392,0.9204275534441805,0.9999741942143429,0.9585533833402012
0.00030720234,0.920602489784282,0.9999741942143429,0.958648239136046
0.00030732155,0.920624361502459,0.9999741942143429,0.9586600974305431
0.00030767918,0.9206681080567369,0.9999741942143429,0.958683814899668
0.0003077984,0.920711858768741,0.9999741942143429,0.958707533542373
0.0003079176,0.9207337356840755,0.9999741942143429,0.9587193933038453
0.00030839443,0.9207774926337801,0.9999741942143429,0.958743113707084
0.00030875206,0.9209087884405153,0.9999741942143429,0.9588142819599367
0.00030899048,0.9209525620306113,0.9999741942143429,0.9588380070588901
0.0003092289,0.9209744503862151,0.9999741942143429,0.9588498700486663
0.00030958652,0.9209963397822883,0.9999741942143429,0.9588617333319902
0.00030970573,0.9210401216961399,0.9999741942143429,0.958885460779324
0.00030982494,0.9210620142140667,0.9999741942143429,0.9588973249433558
0.00031030178,0.9210839077727597,0.9999741942143429,0.9589091894009786
0.000310421,0.9211058023722931,0.9999741942143429,0.9589210541522034
0.0003105402,0.9211495946941783,0.9999741942143429,0.958944784535503
0.0003106594,0.9211714924166785,0.9999741942143429,0.9589566501675995
0.00031077862,0.9211933911803162,0.9999741942143429,0.9589685160933415
0.00031089783,0.9212152909851654,0.9999741942143429,0.95898038231274
0.00031113625,0.9212590937187961,0.9999741942143429,0.9590041156325502
0.00031125546,0.9213029006181646,0.9999741942143429,0.9590278501271172
0.00031149387,0.9213686187792758,0.9999741942143429,0.9590634540718279
0.0003118515,0.9213905269164923,0.9999741942143429,0.9590753226408711
0.00031208992,0.9214124360955891,0.9999741942143429,0.9590871915036691
0.00031220913,0.9216315852063266,0.9999741942143429,0.9592058962905525
0.00031232834,0.9218069795656207,0.9999741942143429,0.9593008812785103
0.00031268597,0.9218289085545722,0.9999741942143429,0.9593127557247192
0.00031292439,0.9218508385868919,0.9999741942143429,0.9593246304649009
0.000313282,0.9218727696626541,0.9999741942143429,0.9593365054990666
0.00031363964,0.9219166349448039,0.9999741942143429,0.9593602564493927
0.00031387806,0.9219385691513406,0.9999741942143429,0.9593721323655753
0.0003142357,0.9220043780336918,0.9999741942143429,0.9594077618783311
0.0003143549,0.9220263164156376,0.9999741942143429,0.9594196389706888
0.0003144741,0.9223994287074506,0.9999741942143429,0.9596215945425708
0.00031459332,0.9224433441249286,0.9999741942143429,0.9596453596114585
0.00031471252,0.9225311875059519,0.9999741942143429,0.9596928932806663
0.00031495094,0.9225751154706918,0.9999741942143429,0.9597166618811612
0.00031507015,0.9225970810218804,0.9999741942143429,0.9597285466229197
0.00031518936,0.9226190476190477,0.9999741942143429,0.9597404316590336
0.00031542778,0.9226849536871682,0.9999741942143429,0.9597760885336163
0.000315547,0.9227508691717864,0.9999741942143429,0.95981174805779
0.0003156662,0.9227948180605829,0.9999741942143429,0.959835522546047
0.00031638145,0.9228167940749208,0.9999741942143429,0.9598474102318505
0.00031650066,0.9229047086002811,0.9999741942143429,0.959894963919821
0.00031673908,0.9229266898489973,0.9999741942143429,0.9599068530780572
0.0003168583,0.9229486721448136,0.9999741942143429,0.959918742530813
0.0003169775,0.9229706554878049,0.9999741942143429,0.959930632278099
0.0003170967,0.9229926398780459,0.9999741942143429,0.9599425223199264
0.00031721592,0.9231685527099464,0.9999741942143429,0.9600376532593439
0.00031733513,0.9232125413956591,0.9999741942143429,0.9600614389403772
0.00031757355,0.9233445326089547,0.9999741942143429,0.9601328030557084
0.00031805038,0.923366534813897,0.9999741942143429,0.9601446981064123
0.0003182888,0.9233885380674371,0.9999741942143429,0.9601565934518544
0.000318408,0.9234985700667302,0.9999741942143429,0.9602160746005246
0.00031852722,0.9235425902092569,0.9999741942143429,0.9602398691235448
0.0003194809,0.9235646018542794,0.9999741942143429,0.9602517668272881
0.0003196001,0.9235866145485747,0.9999741942143429,0.9602636648258687
0.00032019615,0.9236306430852839,0.9999741942143429,0.9602874617075845
0.00032031536,0.9236526589278479,0.9999741942143429,0.9602993605907417
0.00032055378,0.9236746758199847,0.9999741942143429,0.9603112597687796
0.000320673,0.9236966937617697,0.9999741942143429,0.9603231592417094
0.0003207922,0.9237407327945839,0.9999741942143429,0.9603469590722882
0.0003209114,0.9238949024843832,0.9999741942143429,0.9604302677700165
0.00032103062,0.9239169309267781,0.9999741942143429,0.9604421701924671
0.00032114983,0.9239389604196471,0.9999741942143429,0.9604540729099301
0.00032126904,0.9239609909630654,0.9999741942143429,0.9604659759224164
0.00032138824,0.9240050552018504,0.9999741942143429,0.9604897828325031
0.00032150745,0.9240491236437344,0.9999741942143429,0.9605135909228147
0.00032162666,0.9240711594410264,0.9999741942143429,0.9605254954105824
0.00032186508,0.9240931962893186,0.9999741942143429,0.9605374001934394
0.0003219843,0.9241152341886865,0.9999741942143429,0.9605493052713963
0.0003221035,0.9241593131409492,0.9999741942143429,0.9605731163126547
0.0003222227,0.9241795458881893,0.9999483884286857,0.960572138936161
0.00032234192,0.9242236321137242,0.9999483884286857,0.9605959517240323
0.00032258034,0.9242456768038163,0.9999483884286857,0.9606078585607166
0.00032269955,0.9243118171842947,0.9999483884286857,0.9606435808418954
0.00032281876,0.9243559160305344,0.9999483884286857,0.9606673971720624
0.00032317638,0.92440001908488,0.9999483884286857,0.9606912146831704
0.00032365322,0.9244220721902808,0.9999483884286857,0.9607031238816047
0.00032424927,0.9244661815579148,0.9999483884286857,0.9607269431642887
0.00032436848,0.925260870603405,0.9999483884286857,0.9611558923162192
0.0003244877,0.9252829648025216,0.9999483884286857,0.9611678130382538
0.0003247261,0.9253050600568331,0.9999483884286857,0.9611797340559853
0.0003248453,0.9253271563664152,0.9999483884286857,0.9611916553694247
0.00032496452,0.9253492537313432,0.9999483884286857,0.9612035769785829
0.00032508373,0.9253713521516932,0.9999483884286857,0.9612154988834711
0.0003259182,0.9253934516275404,0.9999483884286857,0.9612274210840999
0.0003260374,0.9254155521589607,0.9999483884286857,0.9612393435804806
0.00032615662,0.9254376537460295,0.9999483884286857,0.9612512663726241
0.00032627583,0.9259684087270295,0.9999483884286857,0.96153750214155
0.00032651424,0.9260569270845781,0.9999483884286857,0.9615852246770619
0.00032663345,0.9261454623676474,0.9999483884286857,0.9616329519498897
0.00032675266,0.9261675988335962,0.9999483884286857,0.9616448845083851
0.0003271103,0.9262118749402428,0.9999483884286857,0.9616687505137987
0.0003272295,0.9262340145810923,0.9999483884286857,0.961680683960739
0.00032746792,0.926256155280394,0.9999483884286857,0.9616926177038498
0.00032770634,0.9262782970382234,0.9999483884286857,0.9617045517431422
0.00032782555,0.9263004398546567,0.9999483884286857,0.9617164860786269
0.00032806396,0.9263225837297698,0.9999483884286857,0.9617284207103153
0.00032830238,0.9263447286636385,0.9999483884286857,0.961740355638218
0.00032877922,0.9263890217079468,0.9999483884286857,0.9617642263827114
0.00032925606,0.9264554692169755,0.9999483884286857,0.9618000347213361
0.00032937527,0.9264997728522584,0.9999483884286857,0.9618239084284711
0.0003299713,0.9265662362505978,0.9999483884286857,0.9618597212114719
0.00033080578,0.9265883928357923,0.9999483884286857,0.9618716593984626
0.0003310442,0.9266327091852595,0.9999483884286857,0.9618955366614957
0.00033140182,0.9267213546026355,0.9999483884286857,0.9619432947440779
0.00033164024,0.9268100169819895,0.9999483884286857,0.9619910575692701
0.00033175945,0.9268986963281904,0.9999483884286857,0.9620388251377789
0.0003322363,0.9270317471709849,0.9999483884286857,0.9621104853858061
0.0003323555,0.9270539260251687,0.9999483884286857,0.9621224297983998
0.0003324747,0.9270761059406177,0.9999483884286857,0.9621343745075724
0.00033330917,0.9271870214395099,0.9999483884286857,0.9621941025025029
0.00033342838,0.9272092077241512,0.9999483884286857,0.96220604899138
0.0003335476,0.927275772949172,0.9999483884286857,0.9622418902379917
0.00033390522,0.9272979634814655,0.9999483884286857,0.9622538379135592
0.00033402443,0.9273645414512732,0.9999483884286857,0.9622896827205083
0.00033450127,0.9273867362324391,0.9999483884286857,0.9623016315829434
0.0003348589,0.9274089320760136,0.9999483884286857,0.9623135807421229
0.0003349781,0.9274311289820731,0.9999483884286857,0.9623255301980581
0.0003350973,0.9274755259819527,0.9999483884286857,0.9623494300002395
0.00033521652,0.9274977260759252,0.9999483884286857,0.9623613803465076
0.00033533573,0.9275421294523171,0.9999483884286857,0.9623852819294544
0.00033545494,0.9275643327348893,0.9999483884286857,0.9623972331661551
0.00033557415,0.927808639019251,0.9999483884286857,0.962528716363271
0.000336051,0.9278308550630942,0.9999483884286857,0.9625406711626971
0.00033664703,0.9278530721708731,0.9999483884286857,0.9625526262590889
0.00033688545,0.9278752903426642,0.9999483884286857,0.9625645816524576
0.0003374815,0.9279197298785891,0.9999483884286857,0.9625884933301693
0.00033831596,0.9279419512428756,0.9999483884286857,0.9626004496145346
0.00033843517,0.9279641736714802,0.9999483884286857,0.9626124061959208
0.00033855438,0.928030847343967,0.9999483884286857,0.9626482777223166
0.0003387928,0.9280975305980695,0.9999483884286857,0.9626841519223001
0.000338912,0.9281197604790419,0.9999483884286857,0.9626961105831434
0.00033903122,0.9281419914249444,0.9999483884286857,0.9627080695410966
0.00033915043,0.9284088458681745,0.9999483884286857,0.9628516002151114
0.00033926964,0.9284310906651332,0.9999483884286857,0.9628635630364968
0.00033950806,0.9284533365280939,0.9999483884286857,0.962875526155147
0.00033986568,0.9285200805137545,0.9999483884286857,0.962911417294796
0.0003399849,0.9286981113987154,0.9999483884286857,0.9630071400829346
0.0003402233,0.928742629787642,0.9999483884286857,0.963031073753724
0.00034070015,0.928831679371015,0.9999483884286857,0.9630789446644297
0.00034081936,0.9288539444351224,0.9999483884286857,0.9630909131357387
0.00034093857,0.928876210566689,0.9999483884286857,0.9631028819045231
0.00034105778,0.9289207460325071,0.9999483884286857,0.9631268203345621
0.0003412962,0.9291212084881909,0.9999483884286857,0.963234557997692
0.0003414154,0.929143487435258,0.9999483884286857,0.9632465303370447
0.00034153461,0.9291880485348425,0.9999483884286857,0.9632704759086202
0.00034165382,0.9292548981989975,0.9999483884286857,0.9633063964983237
0.0003426075,0.9292771835579644,0.9999483884286857,0.96331837062356
0.00034296513,0.9293440460486869,0.9999483884286857,0.96335429478543
0.00034320354,0.9293663356837915,0.9999483884286857,0.9633662701014772
0.00034344196,0.9296338947267405,0.9999483884286857,0.9635099971201999
0.0003437996,0.9296561982677959,0.9999483884286857,0.9635219763076099
0.000344038,0.9296785028790787,0.9999483884286857,0.9635339557928949
0.00034415722,0.9298123530258674,0.9999483884286857,0.9636058389605989
0.00034439564,0.9299016078713703,0.9999483884286857,0.9636537670313071
0.00034558773,0.929968560251518,0.9999483884286857,0.9636897162132693
0.00034570694,0.9299908798540777,0.9999483884286857,0.9637016998699695
0.00034582615,0.9300132005280212,0.9999483884286857,0.9637136838247111
0.00034594536,0.9300355222734255,0.9999483884286857,0.9637256680775056
0.00034618378,0.9300578450903679,0.9999483884286857,0.963737652628364
0.000346303,0.9301471470750619,0.9999483884286857,0.963785593812658
0.0003465414,0.9301694752508521,0.9999483884286857,0.9637975798540025
0.00034677982,0.9301918044986437,0.9999483884286857,0.9638095661934775
0.00034749508,0.9302141348185136,0.9999483884286857,0.9638215528310939
0.0003478527,0.9302364662105389,0.9999483884286857,0.9638335397668634
0.00034797192,0.9302587986747971,0.9999483884286857,0.9638455270007968
0.00034832954,0.9302571243367824,0.9999225826430286,0.9638326401485463
0.0003489256,0.930279458369346,0.9999225826430286,0.9638446276694695
0.000349164,0.9303017934743464,0.9999225826430286,0.9638566154885824
0.00034928322,0.9303241296518607,0.9999225826430286,0.9638686036058961
0.00035011768,0.9303464669019664,0.9999225826430286,0.9638805920214215
0.0003502369,0.9303688052247406,0.9999225826430286,0.96389258073517
0.0003503561,0.930480512931345,0.9999225826430286,0.9639525287776473
0.0003504753,0.9305028576917536,0.9999225826430286,0.9639645192809676
0.00035059452,0.9305698984125459,0.9999225826430286,0.9640004925807781
0.00035071373,0.9305922474662568,0.9999225826430286,0.9640124842773689
0.00035119057,0.9306593010688123,0.9999225826430286,0.9640484611572582
0.00035130978,0.9307487209050948,0.9999225826430286,0.9640964345077995
0.00035214424,0.9308605198673906,0.9999225826430286,0.9641564079105862
0.00035226345,0.9309052469729002,0.9999225826430286,0.9641803993609765
0.00035262108,0.9309276121375201,0.9999225826430286,0.964192395533918
0.0003528595,0.9309499783768199,0.9999225826430286,0.9642043920053721
0.00035321712,0.9310618256962299,0.9999225826430286,0.9642643788407205
0.00035333633,0.9310841983852365,0.9999225826430286,0.9642763771034837
0.00035357475,0.9311065721494654,0.9999225826430286,0.9642883756648374
0.00035393238,0.9311289469889941,0.9999225826430286,0.9643003745247928
0.00035429,0.9311513229039002,0.9999225826430286,0.964312373683361
0.00035464764,0.9311960779601548,0.9999225826430286,0.9643363728963805
0.0003553629,0.9312184571016583,0.9999225826430286,0.9643483729508541
0.0003554821,0.9312408373188493,0.9999225826430286,0.9643603733039849
0.0003556013,0.9313079844253233,0.9999225826430286,0.9643963761554336
0.00035619736,0.9313303689460402,0.9999225826430286,0.9644083777033057
0.0003566742,0.9313527545428324,0.9999225826430286,0.9644203795498909
0.00035703182,0.9313751412157777,0.9999225826430286,0.9644323816952004
0.00035727024,0.9315766697119777,0.9999225826430286,0.9645404144474204
0.00035750866,0.9316214656664743,0.9999225826430286,0.9645644250125999
0.0003581047,0.9319575726964427,0.9999225826430286,0.9647445423620296
0.00035834312,0.9319799884548778,0.9999225826430286,0.9647565525771131
0.00035846233,0.9320024052916416,0.9999225826430286,0.9647685630912335
0.00035905838,0.9320696622726835,0.9999225826430286,0.964804596427927
0.0003592968,0.9321145056531153,0.9999225826430286,0.9648286201477783
0.00035953522,0.9321369289614857,0.9999225826430286,0.964840632456354
0.00035977364,0.9321817788149253,0.9999225826430286,0.9648646579708616
0.00036013126,0.9322266329844822,0.9999225826430286,0.9648886846819185
0.00036036968,0.9322490616879993,0.9999225826430286,0.964900698486181
0.0003606081,0.9322714914707793,0.9999225826430286,0.9649127125896142
0.00036156178,0.9322939223329002,0.9999225826430286,0.9649247269922296
0.0003620386,0.9323387872954764,0.9999225826430286,0.9649487566950511
0.00036227703,0.9323612213960875,0.9999225826430286,0.9649607719952795
0.00036251545,0.9323836565763511,0.9999225826430286,0.9649727875947349
0.00036275387,0.9324060928363452,0.9999225826430286,0.9649848034934281
0.0003629923,0.9324285301761478,0.9999225826430286,0.9649968196913702
0.0003631115,0.9324509685958369,0.9999225826430286,0.9650088361885729
0.00036466122,0.9324734080954902,0.9999225826430286,0.9650208529850468
0.00036525726,0.9325182903350019,0.9999225826430286,0.965044887475854
0.0003656149,0.9325407330750163,0.9999225826430286,0.9650569051702096
0.0003657341,0.9325856217959517,0.9999225826430286,0.9650809414568802
0.0003658533,0.9326529629807924,0.9999225826430286,0.9651169981319532
0.00036728382,0.9326754122036346,0.9999225826430286,0.9651290176223736
0.00036752224,0.9326978625072213,0.9999225826430286,0.9651410374121772
0.00036776066,0.9327203138916303,0.9999225826430286,0.9651530575013753
0.00036871433,0.93274276635694,0.9999225826430286,0.9651650778899791
0.00036907196,0.932787674530573,0.9999225826430286,0.9651891195654482
0.00036919117,0.9328101302390525,0.9999225826430286,0.965201140852336
0.0003694296,0.9328325870287447,0.9999225826430286,0.9652131624386743
0.0003695488,0.9328999638858794,0.9999225826430286,0.9652492289945034
0.00036978722,0.9329224250012038,0.9999225826430286,0.9652612517787552
0.00036990643,0.9331920427725061,0.9999225826430286,0.9654055485544738
0.00037026405,0.9332145179547698,0.9999225826430286,0.9654175752331813
0.00037062168,0.9332369942196532,0.9999225826430286,0.9654296022115408
0.0003708601,0.9332594715672343,0.9999225826430286,0.9654416294895635
0.00037121773,0.9333044295108028,0.9999225826430286,0.9654656849446428
0.00037133694,0.9333269101069467,0.9999225826430286,0.9654777131217218
0.00037181377,0.9333493917861014,0.9999225826430286,0.9654897415985088
0.00037193298,0.9333718745483451,0.9999225826430286,0.9655017703750148
0.0003722906,0.9333943583937562,0.9999225826430286,0.9655137994512513
0.00037276745,0.933461816429776,0.9999225826430286,0.9655498884784541
0.0003733635,0.9334843046086391,0.9999225826430286,0.9655619187537238
0.0003736019,0.9335517756468944,0.9999225826430286,0.9655980113782955
0.00037372112,0.9335742681604626,0.9999225826430286,0.9656100428527777
0.00037384033,0.9335967617579028,0.9999225826430286,0.965622074627091
0.00037395954,0.9336642490542396,0.9999225826430286,0.9656581717491299
0.00037443638,0.9337317461082462,0.9999225826430286,0.9656942715700527
0.0003746748,0.9337542472949851,0.9999225826430286,0.9657063054434981
0.00037503242,0.9337992529220388,0.9999225826430286,0.9657303740901623
0.00037550926,0.9338217573625103,0.9999225826430286,0.9657424088634037
0.00037562847,0.933844262887716,0.9999225826430286,0.9657544439365995
0.0003761053,0.9338667694977345,0.9999225826430286,0.9657664793097609
0.00037622452,0.9338892771926441,0.9999225826430286,0.9657785149828993
0.00037658215,0.9339342958374509,0.9999225826430286,0.9658025872291519
0.00037693977,0.9339568067875048,0.9999225826430286,0.9658146238022883
0.00037765503,0.9339793188227637,0.9999225826430286,0.9658266606754464
0.00037777424,0.9340018319433062,0.9999225826430286,0.9658386978486376
0.00037789345,0.9340243461492106,0.9999225826430286,0.9658507353218729
0.00037813187,0.9340468614405554,0.9999225826430286,0.9658627730951638
0.00037884712,0.9340693778174192,0.9999225826430286,0.9658748111685211
0.00037908554,0.9342044988788968,0.9999225826430286,0.9659470459106937
0.00037920475,0.9342270228565918,0.9999225826430286,0.9659590860848317
0.00037992,0.934249547920434,0.9999225826430286,0.9659711265591262
0.00038039684,0.9342720740705021,0.9999225826430286,0.9659831673335884
0.00038051605,0.9342946013068744,0.9999225826430286,0.9659952084082294
0.00038063526,0.9344297875419008,0.9999225826430286,0.96606746116046
0.00038075447,0.9344523223846043,0.9999225826430286,0.9660795043366676
0.00038087368,0.9344748583142409,0.9999225826430286,0.9660915478131437
0.0003812313,0.9345199334346285,0.9999225826430286,0.9661156356669467
0.00038170815,0.9345650129036926,0.9999225826430286,0.9661397247219594
0.00038182735,0.9345875542691751,0.9999225826430286,0.9661517696999471
0.0003825426,0.9346326402624343,0.9999225826430286,0.9661758605569425
0.00038337708,0.9346777306059436,0.9999225826430286,0.966199952615372
0.00038349628,0.9347002774092389,0.9999225826430286,0.9662119990951525
0.0003837347,0.9347228253003329,0.9999225826430286,0.9662240458753255
0.00038433075,0.9347679243462318,0.9999225826430286,0.9662481403368928
0.00038456917,0.9348355810755387,0.9999225826430286,0.9662842842824667
0.00038552284,0.9348806910029677,0.9999225826430286,0.9663083817484621
0.00038576126,0.9349032475992858,0.9999225826430286,0.9663204309321773
0.00038588047,0.9349483640575234,0.9999225826430286,0.9663445302010994
0.0003862977,0.9350611742561356,0.9999225826430286,0.966404783632629
0.0003864169,0.9350837395627202,0.9999225826430286,0.9664168352206062
0.00038725138,0.9351063059584429,0.9999225826430286,0.9664288871091667
0.000387609,0.9351288734433826,0.9999225826430286,0.9664409392983219
0.00038903952,0.9351514420176179,0.9999225826430286,0.9664529917880826
0.00038987398,0.9351740116812279,0.9999225826430286,0.9664650445784606
0.0003899932,0.9352191542768874,0.9999225826430286,0.9664891510611129
0.00039094687,0.935264301230992,0.9999225826430286,0.9665132587463684
0.00039106607,0.9353997682502897,0.9999225826430286,0.9665855890186541
0.0003915429,0.9354223499022283,0.9999225826430286,0.9665976451165623
0.00039166212,0.9354449326444885,0.9999225826430286,0.9666097015152226
0.00039213896,0.9354675164771493,0.9999225826430286,0.9666217582146461
0.00039237738,0.9354901014002898,0.9999225826430286,0.9666338152148443
0.0003924966,0.9355126874139887,0.9999225826430286,0.9666458725158282
0.00039297342,0.9355578627133786,0.9999225826430286,0.9666699880201988
0.00039321184,0.9355804519992273,0.9999225826430286,0.9666820462236079
0.0003940463,0.9356256338436277,0.9999225826430286,0.9667061635329297
0.00039416552,0.9356708200521588,0.9999225826430286,0.9667302820456652
0.00039428473,0.9356934147931709,0.9999225826430286,0.9667423417533412
0.00039464235,0.9357160106254528,0.9999225826430286,0.9667544017619043
0.00039488077,0.9357386075490836,0.9999225826430286,0.9667664620713659
0.00039559603,0.9357612055641422,0.9999225826430286,0.966778522681737
0.00039571524,0.9357838046707079,0.9999225826430286,0.9667905835930293
0.00039631128,0.9358064048688596,0.9999225826430286,0.9668026448052535
0.00039702654,0.9358290061586765,0.9999225826430286,0.9668147063184214
0.00039738417,0.9358516085402376,0.9999225826430286,0.9668267681325439
0.00039762259,0.9359420289855073,0.9999225826430286,0.9668750183988067
0.000397861,0.9359646368269765,0.9999225826430286,0.9668870817178719
0.0003979802,0.9359872457606647,0.9999225826430286,0.9668991453379593
0.00039809942,0.9360098557866512,0.9999225826430286,0.9669112092590804
0.00039821863,0.936032466905015,0.9999225826430286,0.9669232734812464
0.00039857626,0.9360550791158353,0.9999225826430286,0.9669353380044685
0.0003990531,0.9360776924191911,0.9999225826430286,0.966947402828758
0.00040012598,0.9361907753267776,0.9999225826430286,0.9670077314666108
0.0004003644,0.9362360161403339,0.9999225826430286,0.9670318650296181
0.0004004836,0.9362586381868264,0.9999225826430286,0.9670439322628525
0.00040119886,0.9363038855596366,0.9999225826430286,0.9670680676328393
0.00040131807,0.9363265108861126,0.9999225826430286,0.9670801357696139
0.00040143728,0.936349137306075,0.9999225826430286,0.9670922042075915
0.0004016757,0.9364170231276735,0.9999225826430286,0.9671284113288525
0.0004017949,0.9364396539223742,0.9999225826430286,0.9671404809717534
0.00040191412,0.9364622858109578,0.9999225826430286,0.9671525509159135
0.00040274858,0.9365075528700907,0.9999225826430286,0.9671766917080556
0.000402987,0.9365301880407986,0.9999225826430286,0.9671887625560605
0.00040322542,0.9365754616648941,0.9999225826430286,0.9672129051559939
0.00040346384,0.9365981001184405,0.9999225826430286,0.9672249769079452
0.00040358305,0.936643380308927,0.9999225826430286,0.9672491213158728
0.00040370226,0.9366660220460259,0.9999225826430286,0.967261193971872
0.00040382147,0.9369378082986749,0.9999225826430286,0.967406089354096
0.00040513277,0.9369604642727603,0.9999225826430286,0.9674181659288099
0.0004053712,0.937051099126986,0.9999225826430286,0.9674664752429648
0.00040608644,0.9370737605804111,0.9999225826430286,0.9674785533253848
0.00040632486,0.9371417515176433,0.9999225826430286,0.9675147893821405
0.0004066825,0.9371644173559716,0.9999225826430286,0.9675268686709286
0.0004069209,0.9371870842907244,0.9999225826430286,0.967538948261337
0.00040704012,0.9372097523219814,0.9999225826430286,0.9675510281533771
0.00040715933,0.9372324214498222,0.9999225826430286,0.9675631083470599
0.00040739775,0.9372550916743263,0.9999225826430286,0.9675751888423969
0.00040763617,0.9373004354136429,0.9999225826430286,0.9675993507380786
0.00040775537,0.9374364929597909,0.9999225826430286,0.9676718436659993
0.00040787458,0.9374591730578472,0.9999225826430286,0.9676839268767323
0.0004079938,0.9375952766956227,0.9999225826430286,0.9677564324786375
0.000408113,0.9376406533575318,0.9999225826430286,0.9677806034271655
0.0004082322,0.9376633433355919,0.9999225826430286,0.9677926893542103
0.00040835142,0.9376860344118287,0.9999225826430286,0.9678047755831239
0.00040858984,0.9377087265863221,0.9999225826430286,0.967816862113918
0.00040882826,0.9378222039354261,0.9999225826430286,0.9678772992964878
0.0004094243,0.9378449027011327,0.9999225826430286,0.9678893876388008
0.00040966272,0.9378676025656542,0.9999225826430286,0.9679014762830733
0.00041002035,0.9378903035290701,0.9999225826430286,0.9679135652293166
0.0004104972,0.9379357087529048,0.9999225826430286,0.9679377440277606
0.00041085482,0.937958413013483,0.9999225826430286,0.967949833879984
0.00041109324,0.9380492410487327,0.9999225826430286,0.9679981963091513
0.00041121244,0.9380946616632369,0.9999225826430286,0.9680223793360574
0.00041145086,0.9381173736199884,0.9999225826430286,0.9680344713026304
0.00041168928,0.9381400866765126,0.9999225826430286,0.9680465635712991
0.00041240454,0.9381855160891988,0.9999225826430286,0.9680707490149669
0.00041288137,0.9382082324455205,0.9999225826430286,0.9680828421899892
0.00041300058,0.9382309499019347,0.9999225826430286,0.9680949356671521
0.00041395426,0.938253668458521,0.9999225826430286,0.9681070294464665
0.0004143119,0.9382763881153595,0.9999225826430286,0.9681191235279444
0.0004145503,0.93829910887253,0.9999225826430286,0.9681312179115966
0.0004146695,0.9383218307301125,0.9999225826430286,0.9681433125974348
0.00041514635,0.9383672777468336,0.9999225826430286,0.968167502875714
0.00041526556,0.9386173150525653,0.9999225826430286,0.9683005710173955
0.00041550398,0.938685530172727,0.9999225826430286,0.9683368686773619
0.0004156232,0.9389584898344925,0.9999225826430286,0.9684820865343492
0.0004157424,0.938981243638831,0.9999225826430286,0.9684941899885054
0.00041598082,0.9390495116690497,0.9999225826430286,0.9685305021661749
0.00041633844,0.9392316082899043,0.9999225826430286,0.9686273479534266
0.00041645765,0.939254375333301,0.9999225826430286,0.9686394550386419
0.00041681528,0.9392771434804742,0.9999225826430286,0.9686515624265192
0.00041753054,0.9392999127315039,0.9999225826430286,0.9686636701170698
0.00041764975,0.939368227108536,0.9999225826430286,0.968699995004875
0.00041776896,0.9393910007757952,0.9999225826430286,0.9687121039062325
0.00041800737,0.9394137755473125,0.9999225826430286,0.9687242131103201
0.0004182458,0.9394593284034428,0.9999225826430286,0.968748432426731
0.00041860342,0.9395048856775695,0.9999225826430286,0.9687726529541986
0.00041884184,0.9395276659715823,0.9999225826430286,0.968784763672107
0.00041991472,0.9395732298739088,0.9999225826430286,0.9688089860163299
0.00042003393,0.9396643709380154,0.9999225826430286,0.9688574343387177
0.00042015314,0.9397099481010817,0.9999225826430286,0.9688816603170646
0.00042134523,0.9397327383406495,0.9999225826430286,0.968893773760566
0.00042194128,0.939755529685681,0.9999225826430286,0.9689058875069676
0.0004220605,0.9397783221362567,0.9999225826430286,0.9689180015562813
0.0004221797,0.9398239103543622,0.9999225826430286,0.9689422305636894
0.00042253733,0.939846706122053,0.9999225826430286,0.9689543455218067
0.00042289495,0.9401203416149069,0.9999225826430286,0.969099748653131
0.000423491,0.9401431517651341,0.9999225826430286,0.9691118675505793
0.0004236102,0.940165963022274,0.9999225826430286,0.9691239867511325
0.00042372942,0.9402115888576142,0.9999225826430286,0.9691482260615998
0.00042384863,0.9402572191215725,0.9999225826430286,0.9691724665846239
0.00042432547,0.9402800359144847,0.9999225826430286,0.969184587300873
0.00042444468,0.9403256728225787,0.9999225826430286,0.9692088296429026
0.00042504072,0.9403484929379217,0.9999225826430286,0.9692209512687057
0.00042539835,0.9404397844764817,0.9999225826430286,0.969269440804106
0.00042563677,0.9404854368932039,0.9999225826430286,0.9692936873912783
0.00042575598,0.9405082647637079,0.9999225826430286,0.9693058111397721
0.0004261136,0.9405310937424147,0.9999225826430286,0.9693179351915532
0.00042623281,0.9405995873285593,0.9999225826430286,0.9693543091667322
0.00042659044,0.9406224207408846,0.9999225826430286,0.9693664344317753
0.00042670965,0.9406452552618163,0.9999225826430286,0.9693785600001623
0.00042682886,0.9406909276298221,0.9999225826430286,0.9694028120470138
0.00042694807,0.9407594444983975,0.9999225826430286,0.9694391923926552
0.00042706728,0.9408736614622538,0.9999225826430286,0.9694998323704553
0.0004271865,0.9408965081831868,0.9999225826430286,0.9695119612763774
0.00042802095,0.940965055003764,0.9999225826430286,0.9695483498150729
0.00042837858,0.9409879061634854,0.9999225826430286,0.9695604799349857
0.0004287362,0.9410107584331059,0.9999225826430286,0.9695726103584249
0.00042909384,0.9410564663023679,0.9999225826430286,0.9695968721159269
0.00042945147,0.9410793219021713,0.9999225826430286,0.9696090034500129
0.00042957067,0.9411021786121974,0.9999225826430286,0.9696211350876706
0.0004299283,0.9411936165561466,0.9999225826430286,0.9696696646742466
0.0004300475,0.9412164788184998,0.9999225826430286,0.9696817978299339
0.00043052435,0.9412850722701324,0.9999225826430286,0.9697181991188822
0.00043076277,0.9413308067925078,0.9999225826430286,0.9697424681632005
0.00043088198,0.9413536757203246,0.9999225826430286,0.9697546031408996
0.00043159723,0.9413765457593353,0.9999225826430286,0.9697667384223072
0.00043171644,0.941399416909621,0.9999225826430286,0.9697788740074348
0.00043219328,0.941468037028938,0.9999225826430286,0.9698152825852508
0.0004325509,0.9414909126251336,0.9999225826430286,0.9698274193853721
0.00043267012,0.9415137893330093,0.9999225826430286,0.9698395564892702
0.00043410063,0.9415366671526462,0.9999225826430286,0.9698516938969567
0.00043433905,0.9415824261275272,0.9999225826430286,0.9698759696237407
0.00043445826,0.9416281895504253,0.9999225826430286,0.9699002465658145
0.0004350543,0.941948658109685,0.9999225826430286,0.9700702191961272
0.0004351735,0.9419944571400788,0.9999225826430286,0.9700945058638096
0.00043576956,0.9420173583254321,0.9999225826430286,0.9701066496536871
0.0004361272,0.9420402606243314,0.9999225826430286,0.9701187937476039
0.0004362464,0.9420631640368579,0.9999225826430286,0.9701309381455717
0.00043684244,0.9422006079027355,0.9999225826430286,0.9702038109190845
0.00043791533,0.9422693448762219,0.9999225826430286,0.9702402514114521
0.00043839216,0.9423380918796663,0.9999225826430286,0.9702766946413052
0.00043851137,0.9423610097767401,0.9999225826430286,0.9702888429929728
0.0004387498,0.9424068489152642,0.9999225826430286,0.9703131406089519
0.0004389882,0.942429770156877,0.9999225826430286,0.9703252898732861
0.00043922663,0.9424526925134991,0.9999225826430286,0.9703374394418655
0.00043946505,0.9425214662742332,0.9999225826430286,0.9703738899731875
0.00043970346,0.9425443930917052,0.9999225826430286,0.9703860407588611
0.00043994188,0.9425673210245932,0.9999225826430286,0.970398191848837
0.0004401803,0.9425902500729785,0.9999225826430286,0.9704103432431264
0.00044065714,0.9426819774231219,0.9999225826430286,0.9704589518636487
0.00044077635,0.9427507846524416,0.9999225826430286,0.9704954115248935
0.00044101477,0.9428425432513322,0.9999225826430286,0.9705440286682777
0.0004416108,0.9428654856920382,0.9999225826430286,0.9705561837152223
0.0004425645,0.9428884292493004,0.9999225826430286,0.970568339066629
0.00044292212,0.9429113739232005,0.9999225826430286,0.9705804947225095
0.0004438758,0.9429343197138199,0.9999225826430286,0.9705926506828751
0.00044447184,0.9430031637868095,0.9999225826430286,0.9706291203909974
0.00044471025,0.9430261140451216,0.9999225826430286,0.970641277569418
0.00044482946,0.9430490654205608,0.9999225826430286,0.9706534350523809
0.0004451871,0.9430949715231466,0.9999225826430286,0.9706777509319797
0.0004454255,0.9431638390575177,0.9999225826430286,0.9707142270357317
0.00044602156,0.9432327166504382,0.9999225826430286,0.9707507058809828
0.0004467368,0.9433245690914402,0.9999225826430286,0.9707993486064062
0.00044709444,0.9433475349969568,0.9999225826430286,0.9708115100494613
0.00044733286,0.943370502020743,0.9999225826430286,0.9708236717972191
0.0004490018,0.943439409802537,0.9999225826430286,0.9708601588688225
0.00044935942,0.9434623813002191,0.9999225826430286,0.9708723218355052
0.00044947863,0.9434853539165794,0.9999225826430286,0.9708844851069479
0.00044959784,0.9435313025056615,0.9999225826430286,0.9709088125641585
0.00045114756,0.9435542784785468,0.9999225826430286,0.9709209767499496
0.00045126677,0.9435772555704371,0.9999225826430286,0.9709331412405462
0.00045257807,0.9437840997661731,0.9999225826430286,0.9710426353740633
0.00045269728,0.9439220462850183,0.9999225826430286,0.9711156451839722
0.0004528165,0.9439450412921143,0.9999225826430286,0.9711278145530186
0.0004531741,0.9439680374196063,0.9999225826430286,0.9711399842270655
0.00045329332,0.9439910346675762,0.9999225826430286,0.9711521542061244
0.00045341253,0.9440600331351721,0.9999225826430286,0.971188665973488
0.00045365095,0.9440830348658724,0.9999225826430286,0.9712008371727094
0.000454247,0.9441060377174602,0.9999225826430286,0.9712130086770006
0.0004543662,0.9441290416900173,0.9999225826430286,0.9712251804863723
0.00045448542,0.9441520467836257,0.9999225826430286,0.9712373526008363
0.00045460463,0.9441750529983675,0.9999225826430286,0.9712495250204041
0.00045496225,0.9442670890703059,0.9999225826430286,0.9712982177499425
0.00045520067,0.9443131138352058,0.9999225826430286,0.9713225659456327
0.0004556775,0.9443361279001755,0.9999225826430286,0.971334740501248
0.00045591593,0.9443821593955642,0.9999225826430286,0.971359090528077
0.00045663118,0.9444512150535014,0.9999225826430286,0.971395617857488
0.0004569292,0.9444742358504363,0.9999225826430286,0.9714077942444488
0.00045728683,0.9444972577696527,0.9999225826430286,0.971419970936674
0.00045740604,0.9445663302618107,0.9999225826430286,0.9714565028450511
0.00045776367,0.9445893566709734,0.9999225826430286,0.9714686807584489
0.00045847893,0.9446123842028279,0.9999225826430286,0.9714808589771684
0.00045883656,0.9446584426349408,0.9999225826430286,0.9715052163306189
0.0004605055,0.9446814735353634,0.9999225826430286,0.9715173954653729
0.0004607439,0.9447275387053518,0.9999225826430286,0.9715417546509953
0.00046122074,0.9447736083680784,0.9999225826430286,0.971566115058181
0.00046157837,0.9448657611743764,0.9999225826430286,0.9716148395376081
0.000461936,0.9448888021849395,0.9999225826430286,0.9716270214210853
0.00046229362,0.9450040240957979,0.9999225826430286,0.9716879354207683
0.00046241283,0.9450270718501537,0.9999225826430286,0.9717001191372447
0.00046265125,0.9450962218590697,0.9999225826430286,0.9717366721199603
0.0004632473,0.9451192741109322,0.9999225826430286,0.971748857058666
0.00046348572,0.9451423274873771,0.9999225826430286,0.9717610423029579
0.00046396255,0.9451653819884867,0.9999225826430286,0.9717732278528473
0.00046408176,0.9451884376143432,0.9999225826430286,0.9717854137083456
0.00046432018,0.945442123755612,0.9999225826430286,0.9719194782923144
0.0004645586,0.9454651928848546,0.9999225826430286,0.9719316678160183
0.00046503544,0.9455344070278184,0.9999225826430286,0.9719682382217277
0.00046551228,0.9455574806608262,0.9999225826430286,0.9719804289685351
0.00046563148,0.9456036313053664,0.9999225826430286,0.9720048113795748
0.0004658699,0.9456497864551556,0.9999225826430286,0.9720291950139253
0.00046610832,0.9456728657197248,0.9999225826430286,0.9720413872898707
0.00046670437,0.9456959461108535,0.9999225826430286,0.972053579871678
0.00046682358,0.9457190276286245,0.9999225826430286,0.972065772759359
0.0004669428,0.94574211027312,0.9999225826430286,0.9720779659529252
0.000467062,0.9457651940444227,0.9999225826430286,0.9720901594523882
0.0004671812,0.9457882789426152,0.9999225826430286,0.9721023532577591
0.00046730042,0.9458113649677797,0.9999225826430286,0.9721145473690499
0.00046765804,0.9458575403993555,0.9999225826430286,0.9721389365094363
0.00046813488,0.9459729987060863,0.9999225826430286,0.9721999147148028
0.0004682541,0.94599609375,0.9999225826430286,0.9722121112738655
0.0004684925,0.9460191899216289,0.9999225826430286,0.9722243081389513
0.00046873093,0.9460422872210558,0.9999225826430286,0.9722365053100722
0.00046908855,0.946065385648363,0.9999225826430286,0.9722487027872393
0.0004696846,0.9460884852036332,0.9999225826430286,0.9722609005704643
0.0004698038,0.9461115858869491,0.9999225826430286,0.9722730986597587
0.00047004223,0.9461346876983934,0.9999225826430286,0.972285297055134
0.00047039986,0.9461577906380485,0.9999225826430286,0.9722974957566017
0.00047075748,0.9462271062271063,0.9999225826430286,0.9723340936976747
0.00047123432,0.9462733222623816,0.9999225826430286,0.97235849385573
0.0004720688,0.9463195428124848,0.9999225826430286,0.9723828952384316
0.00047314167,0.9463657678780774,0.9999225826430286,0.9724072978458715
0.00047326088,0.9465969609615479,0.9999225826430286,0.9725293292573763
0.00047397614,0.9466432131339783,0.9999225826430286,0.9725537392151837
0.00047421455,0.9466894698265331,0.9999225826430286,0.9725781503983755
0.00047540665,0.9467125998680642,0.9999225826430286,0.9725903564495191
0.00047659874,0.9467588633420481,0.9999225826430286,0.9726147694709597
0.00047707558,0.9467819967746665,0.9999225826430286,0.9726269764412799
0.000477314,0.9468051313378131,0.9999225826430286,0.9726391837180154
0.0004775524,0.9468514038560223,0.9999225826430286,0.9726635991907783
0.00047886372,0.9468745418112506,0.9999225826430286,0.9726758073868286
0.00047922134,0.9469439624624257,0.9999225826430286,0.9727124338137942
0.00047957897,0.947013393293577,0.9999225826430286,0.972749062999224
0.0004798174,0.9470365391665648,0.9999225826430286,0.9727612733407466
0.00048017502,0.9470596861709928,0.9999225826430286,0.9727734839888112
0.00048029423,0.947082834306944,0.9999225826430286,0.9727856949434295
0.00048089027,0.9471059835745014,0.9999225826430286,0.9727979062046133
0.00048100948,0.9471291339737479,0.9999225826430286,0.9728101177723738
0.0004811287,0.9471522855047666,0.9999225826430286,0.9728223296467227
0.00048172474,0.9472217468892854,0.9999225826430286,0.9728589671094148
0.00048196316,0.9472449029482227,0.9999225826430286,0.9728711802102327
0.00048208237,0.9472680601393473,0.9999225826430286,0.9728833936176967
0.0004823208,0.947291218462742,0.9999225826430286,0.972895607331818
0.00048291683,0.94731437791849,0.9999225826430286,0.9729078213526089
0.00048303604,0.9473375385066745,0.9999225826430286,0.9729200356800802
0.00048315525,0.9473838630806846,0.9999225826430286,0.9729444652551117
0.00048339367,0.9474301921854369,0.9999225826430286,0.9729688960570049
0.00048351288,0.9474533584370491,0.9999225826430286,0.9729811119180533
0.00048422813,0.9474765258215962,0.9999225826430286,0.9729933280858519
0.00048434734,0.9474996943391613,0.9999225826430286,0.973005544560412
0.00048553944,0.9475228639898273,0.9999225826430286,0.9730177613417454
0.0004862547,0.9475460347736776,0.9999225826430286,0.9730299784298635
0.00048696995,0.9475923797412633,0.9999225826430286,0.9730544135265001
0.00048708916,0.947615553925165,0.9999225826430286,0.9730666315350416
0.00048744678,0.9476387292425836,0.9999225826430286,0.9730788498504142
0.0004876852,0.947661905693602,0.9999225826430286,0.9730910684726292
0.00048792362,0.9476850832783036,0.9999225826430286,0.9731032874016984
0.00048828125,0.9477314418490889,0.9999225826430286,0.9731277261804451
0.0004887581,0.947754622835339,0.9999225826430286,0.9731399460301458
0.0004889965,0.947777804955605,0.9999225826430286,0.9731521661867468
0.0004892349,0.9478705447784926,0.9999225826430286,0.9732010498823853
0.00048935413,0.9478937325700866,0.9999225826430286,0.9732132715736613
0.0004899502,0.9479169214961959,0.9999225826430286,0.973225493571907
0.00049090385,0.9479633027522936,0.9999225826430286,0.9732499384893537
0.00049102306,0.948032883147387,0.9999225826430286,0.9732866081680859
0.0004914999,0.9480560788823371,0.9999225826430286,0.9732988320083927
0.00049209595,0.9480792757523856,0.9999225826430286,0.9733110561557501
0.00049221516,0.9481024737576158,0.9999225826430286,0.9733232806101697
0.0004925728,0.948125672898111,0.9999225826430286,0.9733355053716632
0.00049316883,0.9483809383948895,0.9999225826430286,0.9734699980182717
0.0004943609,0.9484041511650676,0.9999225826430286,0.9734822264655534
0.00049448013,0.9484273650715946,0.9999225826430286,0.9734944552200594
0.00049471855,0.9484737962940298,0.9999225826430286,0.9735189136507905
0.00049483776,0.9484970136101047,0.9999225826430286,0.9735311433270387
0.0004950762,0.9485202320628626,0.9999225826430286,0.9735433733105576
0.0004951954,0.9485434516523867,0.9999225826430286,0.9735556036013586
0.00049591064,0.9485666723787608,0.9999225826430286,0.9735678341994534
0.00049602985,0.9485898942420682,0.9999225826430286,0.9735800651048534
0.0004969835,0.9486131172423924,0.9999225826430286,0.9735922963175705
0.00049710274,0.9486363413798169,0.9999225826430286,0.9736045278376158
0.00049722195,0.9487757100881489,0.9999225826430286,0.9736779234124355
0.0004975796,0.9487989421876147,0.9999225826430286,0.9736901570841047
0.000497818,0.9488221754248494,0.9999225826430286,0.9737023910631951
0.00049972534,0.9488454097999364,0.9999225826430286,0.9737146253497183
0.00049996376,0.9488686453129591,0.9999225826430286,0.9737268599436856
0.0005004406,0.9488918819640014,0.9999225826430286,0.9737390948451091
0.00050115585,0.9489151197531469,0.9999225826430286,0.973751330054
0.0005027056,0.949008082292432,0.9999225826430286,0.973800273964471
0.000502944,0.9490313257733474,0.9999225826430286,0.9738125107108735
0.00050342083,0.9490545703928677,0.9999225826430286,0.9738247477648131
0.00050389767,0.9490778161510764,0.9999225826430286,0.9738369851263011
0.0005041361,0.9491010630480576,0.9999225826430286,0.9738492227953496
0.00050473213,0.9491243110838947,0.9999225826430286,0.97386146077197
0.0005053282,0.9491475602586714,0.9999225826430286,0.9738736990561737
0.00050616264,0.9491708105724714,0.9999225826430286,0.9738859376479724
0.00050628185,0.9492405683488486,0.9999225826430286,0.9739226552690552
0.00050640106,0.9492638232195791,0.9999225826430286,0.9739348950913502
0.0005065203,0.9492870792297515,0.9999225826430286,0.9739471352212983
0.0005066395,0.949380114666536,0.9999225826430286,0.9739960988178529
0.0005069971,0.9494033763751746,0.9999225826430286,0.9740083404862401
0.0005071163,0.9494266392237577,0.9999225826430286,0.9740205824623499
0.0005079508,0.9494499032123692,0.9999225826430286,0.974032824746194
0.0005081892,0.9494731683410929,0.9999225826430286,0.974045067337784
0.0005084276,0.9494964346100125,0.9999225826430286,0.9740573102371316
0.00050866604,0.9495662402587854,0.9999225826430286,0.9740940407818346
0.0005093813,0.9496127830604842,0.9999225826430286,0.9741185293506367
0.00050985813,0.9496826058184848,0.9999225826430286,0.9741552645125721
0.00051009655,0.9497291600284321,0.9999225826430286,0.9741797561598196
0.0005104542,0.9498222821424194,0.9999225826430286,0.9742287431490284
0.0005108118,0.9498688500478023,0.9999225826430286,0.9742532384911761
0.0005110502,0.9498921357128849,0.9999225826430286,0.9742654866241763
0.00051140785,0.9499154225196734,0.9999225826430286,0.974277735065143
0.0005118847,0.9499387104682521,0.9999225826430286,0.9742899838140877
0.0005122423,0.9499619995587045,0.9999225826430286,0.9743022328710221
0.00051271915,0.9499852897911151,0.9999225826430286,0.9743144822359577
0.0005134344,0.9500085811655674,0.9999225826430286,0.9743267319089064
0.00051379204,0.9500318736821458,0.9999225826430286,0.9743389818898793
0.00051403046,0.9500784621420165,0.9999225826430286,0.9743634827759456
0.00051414967,0.9501017580854768,0.9999225826430286,0.974375733681062
0.00051510334,0.9501250551713991,0.9999225826430286,0.9743879848942493
0.00051546097,0.9501716527709662,0.9999225826430286,0.9744124882448835
0.0005159378,0.95021825494139,0.9999225826430286,0.9744369928279412
0.00051665306,0.9502415577408834,0.9999225826430286,0.9744492455816577
0.0005168915,0.9502648616833431,0.9999225826430286,0.974461498643515
0.00051772594,0.9503114729974984,0.9999225826430286,0.9744860056916984
0.00051778555,0.9503813985430821,0.9999225826430286,0.9745227685753196
0.0005185008,0.9504280212906866,0.9999225826430286,0.9745472787054333
0.0005187392,0.9504513343799058,0.9999225826430286,0.9745595342328351
0.0005195737,0.9504979639895992,0.9999225826430286,0.9745840462123861
0.0005206466,0.9505212805102417,0.9999225826430286,0.9745963026645589
0.00052148104,0.9505445981748601,0.9999225826430286,0.9746085594250117
0.0005221963,0.9506145580334143,0.9999225826430286,0.9746453315561684
0.0005223155,0.9506612036605412,0.9999225826430286,0.9746698478518873
0.00052291155,0.9507078538655936,0.9999225826430286,0.9746943653810065
0.00052446127,0.9507311806850525,0.9999225826430286,0.9747066246081201
0.0005246997,0.9507545086492455,0.9999225826430286,0.9747188841436191
0.0005257726,0.9507778377582569,0.9999225826430286,0.9747311439875143
0.0005283952,0.9508478319550441,0.9999225826430286,0.974767925369696
0.00052958727,0.9508945004785393,0.9999225826430286,0.9747924478333468
0.0005298257,0.9509878512700944,0.9999225826430286,0.9748414964623386
0.0005301833,0.9510111918319262,0.9999225826430286,0.9748537593908401
0.0005303025,0.9510345335395037,0.9999225826430286,0.974866022627866
0.0005322099,0.9511045655375552,0.9999225826430286,0.9749028141902083
0.0005348325,0.9511512592665324,0.9999225826430286,0.974927343441273
0.0005350709,0.9511746078503571,0.9999225826430286,0.9749396085296912
0.00053554773,0.951314723429329,0.9999225826430286,0.975013205541338
0.00053566694,0.9513380800392831,0.9999225826430286,0.975025472790244
0.00053578615,0.9513614377961649,0.9999225826430286,0.9750377403478375
0.0005361438,0.9514315179492217,0.9999225826430286,0.9750745448728612
0.00053697824,0.9514782437874472,0.9999225826430286,0.9750990827665292
0.00053709745,0.9515249742154118,0.9999225826430286,0.9751236218952276
0.0005375743,0.9515717092337918,0.9999225826430286,0.9751481622590495
0.0005378127,0.9516184488432634,0.9999225826430286,0.9751727038580885
0.00053828955,0.9517119418381883,0.9999225826430286,0.9752217907621903
0.0005388856,0.9517353179574092,0.9999225826430286,0.9752340632603722
0.0005390048,0.9518054532056006,0.9999225826430286,0.9752708826082794
0.00053936243,0.9518288339187895,0.9999225826430286,0.9752831563420745
0.0005400777,0.9518522157806819,0.9999225826430286,0.9752954303848022
0.0005403161,0.9518989829509164,0.9999225826430286,0.9753199793971018
0.00054103136,0.9519223682594276,0.9999225826430286,0.9753322543666968
0.0005415082,0.9519457547169812,0.9999225826430286,0.9753445296452712
0.0005417466,0.9519691423236617,0.9999225826430286,0.9753568052328364
0.0005418658,0.9519925310795538,0.9999225826430286,0.975369081129404
0.00054222345,0.9520860975969335,0.9999225826430286,0.975418187805933
0.0005425811,0.9522966895229669,0.9999225826430286,0.9755286959093202
0.0005427003,0.952343500380957,0.9999225826430286,0.9755532566661537
0.0005428195,0.9523669075357617,0.9999225826430286,0.9755655375083484
0.0005429387,0.9524137252974142,0.9999225826430286,0.9755901001203524
0.0005431771,0.9524371359044318,0.9999225826430286,0.975602381890185
0.00054341555,0.9524605476623568,0.9999225826430286,0.9756146639692536
0.00054353476,0.9525307898424248,0.9999225826430286,0.9756515120619916
0.00054425,0.9525542062048281,0.9999225826430286,0.9756637953781208
0.00054496527,0.9526010423837152,0.9999225826430286,0.9756883629382739
0.0005450845,0.9526244622003688,0.9999225826430286,0.9757006471823211
0.0005453229,0.9526478831686089,0.9999225826430286,0.9757129317356978
0.00054591894,0.9526947285601888,0.9999225826430286,0.975737501770486
0.0005463958,0.9527181529836984,0.9999225826430286,0.9757497872519211
0.000546515,0.9527415785591345,0.9999225826430286,0.9757620730427323
0.0005466342,0.9527650052865819,0.9999225826430286,0.9757743591429313
0.0005467534,0.9527884331661257,0.9999225826430286,0.9757866455525298
0.00054734945,0.9528118621978509,0.9999225826430286,0.9757989322715395
0.0005475879,0.9528352923818423,0.9999225826430286,0.975811219299972
0.0005478263,0.9528587237181851,0.9999225826430286,0.9758235066378395
0.0005483031,0.9529524605887706,0.9999225826430286,0.9758726590838879
0.0005490184,0.9530462159037804,0.9999225826430286,0.9759218164818249
0.0005492568,0.9530696576151122,0.9999225826430286,0.9759341066051295
0.0005503297,0.9530931004796458,0.9999225826430286,0.9759463970379855
0.0005506873,0.9531165444974664,0.9999225826430286,0.9759586877804047
0.00055092573,0.9531634359933091,0.9999225826430286,0.9759832701939796
0.00055104494,0.9532103321033211,0.9999225826430286,0.9760078538459477
0.0005527139,0.9532337818888533,0.9999225826430286,0.9760201461363585
0.0005528331,0.9532806849213964,0.9999225826430286,0.9760447316460916
0.0005530715,0.9533041381685775,0.9999225826430286,0.9760570248654377
0.00055354834,0.9533275925698118,0.9999225826430286,0.9760693183944521
0.0005546212,0.9533510481251846,0.9999225826430286,0.9760816122331467
0.0005555749,0.9534214217169853,0.9999225826430286,0.9761184956074286
0.00055629015,0.9534448818897637,0.9999225826430286,0.9761307906849609
0.0005570054,0.9534918056990994,0.9999225826430286,0.9761553817692535
0.0005571246,0.953515269335827,0.9999225826430286,0.9761676777760371
0.00055748224,0.9535387341273748,0.9999225826430286,0.9761799740925945
0.00055783987,0.953562200073828,0.9999225826430286,0.9761922707189373
0.0005585551,0.9535856671752719,0.9999225826430286,0.9762045676550776
0.00055891275,0.9536091354317919,0.9999225826430286,0.9762168649010267
0.0005591512,0.9536326048434731,0.9999225826430286,0.9762291624567963
0.0005592704,0.9537030200103375,0.9999225826430286,0.9762660569831464
0.00056022406,0.9537264940435168,0.9999225826430286,0.9762783557783157
0.0005604625,0.953749969232284,0.9999225826430286,0.9762906548833643
0.00056117773,0.9537734455767243,0.9999225826430286,0.9763029542983037
0.00056380033,0.9537969230769231,0.9999225826430286,0.9763152540231458
0.0005655885,0.9538204017329658,0.9999225826430286,0.9763275540579023
0.0005657077,0.9538438815449376,0.9999225826430286,0.9763398544025846
0.0005658269,0.953867362512924,0.9999225826430286,0.9763521550572049
0.0005660653,0.9539378123538246,0.9999225826430286,0.9763890588808092
0.00056654215,0.9539847846960632,0.9999225826430286,0.9764136629797824
0.0005668998,0.9540082726019302,0.9999225826430286,0.976425965494275
0.0005671382,0.9540787432595474,0.9999225826430286,0.9764628748979189
0.0005673766,0.95412572948216,0.9999225826430286,0.9764874827172698
0.00056797266,0.954149224328983,0.9999225826430286,0.976499787092057
0.0005682111,0.9541727203329311,0.9999225826430286,0.9765120917769344
0.0005684495,0.9541962174940898,0.9999225826430286,0.9765243967719133
0.0005685687,0.9542667159216845,0.9999225826430286,0.9765613136175788
0.0005686879,0.9542902177125406,0.9999225826430286,0.9765736198530823
0.0005695224,0.9543137206610349,0.9999225826430286,0.9765859263987464
0.00056988,0.9543372247672528,0.9999225826430286,0.9765982332545826
0.0005701184,0.95436073003128,0.9999225826430286,0.9766105404206026
0.00057047606,0.9543842364532019,0.9999225826430286,0.9766228478968183
0.0005710721,0.9544077440331042,0.9999225826430286,0.9766351556832412
0.0005713105,0.9544312527710724,0.9999225826430286,0.9766474637798834
0.00057166815,0.9544547626671922,0.9999225826430286,0.9766597721867563
0.0005722642,0.9545017859342284,0.9999225826430286,0.9766843899312414
0.0005723834,0.954525299305316,0.9999225826430286,0.976696699268877
0.00057280064,0.9545488138348976,0.9999225826430286,0.9767090089167904
0.0005733967,0.9545723295230587,0.9999225826430286,0.9767213188749932
0.0005745888,0.9545958463698849,0.9999225826430286,0.9767336291434973
0.000574708,0.9546193643754619,0.9999225826430286,0.9767459397223142
0.0005751848,0.954689925345554,0.9999225826430286,0.9767828733207599
0.0005776882,0.9547134479869905,0.9999225826430286,0.9767951851409457
0.0005778074,0.9547604967474866,0.9999225826430286,0.9768198097124441
0.00057828426,0.9547840228667176,0.9999225826430286,0.97683212246378
0.0005787611,0.9548075501453847,0.9999225826430286,0.9768444355255228
0.00057923794,0.9548310785835736,0.9999225826430286,0.9768567488976841
0.00057935715,0.9549252039332626,0.9999225826430286,0.9769060054907492
0.00057959557,0.954948738170347,0.9999225826430286,0.9769183204151793
0.0005800724,0.9549958101247104,0.9999225826430286,0.9769429511955182
0.0005801916,0.955019347842161,0.9999225826430286,0.9769552670514504
0.0005816221,0.9550899679566182,0.9999225826430286,0.9769922164824394
0.000582695,0.9551135103157583,0.9999225826430286,0.9770045335805388
0.00058329105,0.9551370538355354,0.9999225826430286,0.9770168509892097
0.0005838871,0.9551605985160352,0.9999225826430286,0.9770291687084632
0.0005854368,0.9551841443573436,0.9999225826430286,0.9770414867383116
0.00058579445,0.9552076913595464,0.9999225826430286,0.9770538050787665
0.0005866289,0.9552312395227295,0.9999225826430286,0.9770661237298395
0.0005867481,0.9552547888469788,0.9999225826430286,0.9770784426915423
0.00058698654,0.95527833933238,0.9999225826430286,0.977090761963887
0.00058710575,0.9553018909790193,0.9999225826430286,0.9771030815468849
0.0005874634,0.9553254437869823,0.9999225826430286,0.9771154014405482
0.0005887747,0.955348997756355,0.9999225826430286,0.9771277216448884
0.0005890131,0.9553725528872232,0.9999225826430286,0.977140042159917
0.0005891323,0.9554196666337903,0.9999225826430286,0.9771646841220877
0.0005893707,0.9554903459670061,0.9999225826430286,0.9772016493958028
0.00058960915,0.9555139080686526,0.9999225826430286,0.9772139717752103
0.00058984756,0.955584601346519,0.9999225826430286,0.9772509407781065
0.0005902052,0.9556081680970702,0.9999225826430286,0.9772632644006686
0.0005905628,0.9556317360100623,0.9999225826430286,0.9772755883340487
0.00059080124,0.9556788753237144,0.9999225826430286,0.97730023713331
0.00059092045,0.9557024467245462,0.9999225826430286,0.9773125619992147
0.00059223175,0.9557260192881631,0.9999225826430286,0.9773248871759843
0.00059247017,0.9557495930146515,0.9999225826430286,0.9773372126636307
0.00059342384,0.955773167904097,0.9999225826430286,0.9773495384621657
0.0005940199,0.9557967439565861,0.9999225826430286,0.9773618645716011
0.00059473515,0.9558203211722045,0.9999225826430286,0.9773741909919486
0.00059497356,0.9558910597986975,0.9999225826430286,0.977411172118581
0.0005950928,0.9559853942563901,0.9999225826430286,0.9774604846409073
0.0005956888,0.9560089807801436,0.9999225826430286,0.9774728135489749
0.00059592724,0.9560325684678016,0.9999225826430286,0.9774851427680605
0.0005965233,0.9560561573194503,0.9999225826430286,0.9774974722981757
0.00059735775,0.9560797473351756,0.9999225826430286,0.9775098021393328
0.0005978346,0.956103338515064,0.9999225826430286,0.9775221322915428
0.0005979538,0.9561505243676742,0.9999225826430286,0.9775467935291701
0.000598073,0.9561741190405686,0.9999225826430286,0.9775591246146109
0.00059890747,0.9561977148779706,0.9999225826430286,0.9775714560111518
0.000600338,0.9562213118799664,0.9999225826430286,0.977583787718805
0.000600934,0.9562449100466425,0.9999225826430286,0.9775961197375821
0.00060105324,0.9562685093780849,0.9999225826430286,0.9776084520674949
0.00060141087,0.95629210987438,0.9999225826430286,0.9776207847085552
0.0006017685,0.9563157115356138,0.9999225826430286,0.9776331176607748
0.00060224533,0.9563393143618728,0.9999225826430286,0.9776454509241651
0.00060248375,0.9563629183532432,0.9999225826430286,0.9776577844987385
0.00060260296,0.9563865235098111,0.9999225826430286,0.9776701183845063
0.00060355663,0.9564101298316632,0.9999225826430286,0.9776824525814807
0.0006041527,0.9564337373188853,0.9999225826430286,0.9776947870896731
0.0006057024,0.956457345971564,0.9999225826430286,0.9777071219090954
0.00060617924,0.9564809557897855,0.9999225826430286,0.9777194570397594
0.00060653687,0.9565517922385701,0.9999225826430286,0.9777564642993193
0.00060760975,0.9565754067198262,0.9999225826430286,0.9777688006750678
0.0006084442,0.9566698763054589,0.9999225826430286,0.977818149291186
0.0006085634,0.9567171180958495,0.9999225826430286,0.9778428254672843
0.0006096363,0.9567407407407408,0.9999225826430286,0.9778551640223846
0.0006109476,0.9567879895303472,0.9999225826430286,0.977879842066746
0.0006117821,0.9568116156752352,0.9999225826430286,0.977892181556031
0.00061380863,0.9568352429869617,0.9999225826430286,0.9779045213567343
0.0006159544,0.9569533970511965,0.9999225826430286,0.9779662250319406
0.000616312,0.9570006668477858,0.9999225826430286,0.977990908682365
0.00061810017,0.9570243034973326,0.9999225826430286,0.9780032509748405
0.0006198883,0.957047941314496,0.9999225826430286,0.9780155935788406
0.000620842,0.9570715802993628,0.9999225826430286,0.978027936494377
0.0006209612,0.9570952204520192,0.9999225826430286,0.9780402797214617
0.0006210804,0.957166147917593,0.9999225826430286,0.9780773112721227
0.00062155724,0.9571897927422741,0.9999225826430286,0.9780896557455179
0.0006222725,0.9572607342259993,0.9999225826430286,0.9781266910353938
0.0006223321,0.9572843837240902,0.9999225826430286,0.9781390367552887
0.0006224513,0.9573080343907501,0.9999225826430286,0.9781513827868377
0.00062292814,0.9573553392301231,0.9999225826430286,0.9781760757849463
0.00062328577,0.9573789934030094,0.9999225826430286,0.9781884227515292
0.00062543154,0.9574263052556151,0.9999225826430286,0.9782131176198117
0.00062674284,0.9574499629355078,0.9999225826430286,0.9782254655215347
0.00062698126,0.9574736217845758,0.9999225826430286,0.9782378137349949
0.0006272197,0.957497281802906,0.9999225826430286,0.9782501622602037
0.0006278157,0.9575209429905849,0.9999225826430286,0.978262511097173
0.00062936544,0.9575682688743359,0.9999225826430286,0.978287209706441
0.0006300807,0.9576629346778379,0.9999225826430286,0.9783366106666235
0.00063055754,0.957686604053386,0.9999225826430286,0.9783489616862477
0.00063091516,0.9577102745989767,0.9999225826430286,0.9783613130177271
0.00063210726,0.9577339463146968,0.9999225826430286,0.9783736646610731
0.0006324649,0.9577576192006327,0.9999225826430286,0.978386016616298
0.0006325841,0.9577812932568717,0.9999225826430286,0.9783983688834132
0.0006329417,0.9578523224482733,0.9999225826430286,0.9784354275562203
0.0006341338,0.9578760011865916,0.9999225826430286,0.9784477810710158
0.000634253,0.9578996810956466,0.9999225826430286,0.9784601348977608
0.00063461065,0.9579233621755253,0.9999225826430286,0.9784724890364672
0.0006355643,0.9579470444263146,0.9999225826430286,0.9784848434871467
0.00063699484,0.9579707278481012,0.9999225826430286,0.9784971982498114
0.00063723326,0.9579944124409722,0.9999225826430286,0.9785095533244729
0.00063866377,0.958018098205014,0.9999225826430286,0.978521908711143
0.000639379,0.958041785140314,0.9999225826430286,0.9785342644098336
0.00063961744,0.9580654732469588,0.9999225826430286,0.9785466204205565
0.0006404519,0.9580891625250353,0.9999225826430286,0.9785589767433235
0.0006414056,0.9581128529746303,0.9999225826430286,0.9785713333781463
0.0006443858,0.958160237388724,0.9999225826430286,0.9785960475840073
0.00064474344,0.9582076264899352,0.9999225826430286,0.9786207630382339
0.0006458163,0.9582787189316186,0.9999225826430286,0.978657838560466
0.00064593554,0.9583261197536665,0.9999225826430286,0.9786825571360204
0.0006468892,0.9583498219232292,0.9999225826430286,0.978694916892053
0.0006479621,0.9583972297798664,0.9999225826430286,0.978719637340688
0.00064843893,0.9584209354671152,0.9999225826430286,0.978731998033314
0.000649035,0.9584446423271,0.9999225826430286,0.9787443590381616
0.000649631,0.958468350359908,0.9999225826430286,0.9787567203552425
0.0006507039,0.9585157699443414,0.9999225826430286,0.9787814439261515
0.00065106153,0.9585394814961409,0.9999225826430286,0.9787938061800032
0.0006517768,0.9585631942211117,0.9999225826430286,0.9788061687461357
0.000651896,0.958586908119341,0.9999225826430286,0.9788185316245607
0.0006520152,0.9586106231909156,0.9999225826430286,0.97883089481529
0.00065237284,0.9586580568544496,0.9999225826430286,0.9788556221337087
0.00065249205,0.9586817754465832,0.9999225826430286,0.9788679862614219
0.00065261126,0.9587054952124107,0.9999225826430286,0.9788803507014868
0.0006533265,0.9587529382654955,0.9999225826430286,0.9789050805187186
0.0006534457,0.9587766615529272,0.9999225826430286,0.9789174458959096
0.00065404177,0.9588003860144013,0.9999225826430286,0.9789298115854994
0.000654757,0.9588241116500049,0.9999225826430286,0.9789421775875
0.00065511465,0.9589427574430173,0.9999225826430286,0.9790040122840803
0.0006555915,0.9589664901252289,0.9999225826430286,0.9790163801607946
0.0006560683,0.9589902239821805,0.9999225826430286,0.9790287483500026
0.00065642595,0.959013959013959,0.9999225826430286,0.9790411168517162
0.0006571412,0.9591326517983119,0.9999225826430286,0.9791029640482827
0.0006572604,0.9591563938808851,0.9999225826430286,0.9791153344252785
0.00065761805,0.9591801371388965,0.9999225826430286,0.9791277051148628
0.0006582141,0.9592038815724329,0.9999225826430286,0.9791400761170475
0.0006584525,0.9592276271815818,0.9999225826430286,0.9791524474318443
0.0006594062,0.9592513739664307,0.9999225826430286,0.9791648190592651
0.0006596446,0.9592751219270665,0.9999225826430286,0.9791771909993219
0.00066167116,0.9592988710635769,0.9999225826430286,0.9791895632520264
0.0006625056,0.9593226213760491,0.9999225826430286,0.9792019358173905
0.0006635785,0.9593463728645705,0.9999225826430286,0.9792143086954261
0.00066393614,0.9593701255292283,0.9999225826430286,0.979226681886145
0.00066429377,0.9593938793701099,0.9999225826430286,0.979239055389559
0.0006662011,0.9594176343873029,0.9999225826430286,0.97925142920568
0.0006663203,0.9594413905808944,0.9999225826430286,0.9792638033345199
0.00066691637,0.9594889064976229,0.9999225826430286,0.9792885525304037
0.0006671548,0.9595601891978901,0.9999225826430286,0.9793256786699172
0.0006675124,0.9595839524517088,0.9999225826430286,0.9793380546753192
0.00066787004,0.959607716882538,0.9999225826430286,0.979350430993523
0.00066810846,0.9596552492755777,0.9999225826430286,0.9793751845683837
0.0006682277,0.959702786377709,0.9999225826430286,0.9793999393945944
0.0006687641,0.9597265566949027,0.9999225826430286,0.9794123172769853
0.00066900253,0.9597741008619836,0.9999225826430286,0.9794370739803983
0.0006695986,0.9598216497399059,0.9999225826430286,0.9794618319353983
0.00067067146,0.9598692033293698,0.9999225826430286,0.9794865911420803
0.0006710291,0.9598929818911487,0.9999225826430286,0.9794989712148315
0.0006713867,0.9599881079206204,0.9999225826430286,0.9795484946355163
0.00067174435,0.9600118923740152,0.9999225826430286,0.9795608762731667
0.00067186356,0.9600594648166502,0.9999225826430286,0.9795856404875255
0.00067198277,0.9600832528060655,0.9999225826430286,0.9795980230642577
0.0006722212,0.9601070419743297,0.9999225826430286,0.9796104059540409
0.0006723404,0.9601308323215303,0.9999225826430286,0.979622789156887
0.0006725788,0.960202210437627,0.9999225826430286,0.9796599406439217
0.000672698,0.9602260055014497,0.9999225826430286,0.9796723250991382
0.00067293644,0.9602498017446471,0.9999225826430286,0.9796847098674769
0.00067555904,0.9602735991673069,0.9999225826430286,0.9796970949489497
0.0006760359,0.9602973977695167,0.9999225826430286,0.9797094803435685
0.0006761551,0.9603211975513644,0.9999225826430286,0.9797218660513455
0.000677228,0.9603449985129374,0.9999225826430286,0.9797342520722919
0.0006790161,0.9603688006543237,0.9999225826430286,0.9797466384064201
0.0006802082,0.9604640210197556,0.9999225826430286,0.9797961868749869
0.0006803274,0.960487829061524,0.9999225826430286,0.9798085747752016
0.00068056583,0.9605116382836321,0.9999225826430286,0.9798209629886692
0.00068080425,0.9605354486861676,0.9999225826430286,0.9798333515154015
0.0006810427,0.9605830730328723,0.9999225826430286,0.9798581295087082
0.00068187714,0.960606886977217,0.9999225826430286,0.9798705189753064
0.00068211555,0.9606545184083303,0.9999225826430286,0.9798952988484515
0.0006824732,0.9607021545632608,0.9999225826430286,0.9799200799749409
0.0006836653,0.9607259744123773,0.9999225826430286,0.9799324710082198
0.00068461895,0.9607497954427116,0.9999225826430286,0.9799448623548701
0.00068485737,0.9607736176543517,0.9999225826430286,0.9799572540149043
0.000685215,0.9607974410473853,0.9999225826430286,0.9799696459883339
0.000688076,0.9608212656219004,0.9999225826430286,0.979982038275171
0.00068831444,0.9608927464352139,0.9999225826430286,0.9800192170162458
0.0006892681,0.9609165757365341,0.9999225826430286,0.9800316105568316
0.0006893873,0.9609404062197753,0.9999225826430286,0.9800440044108844
0.00068950653,0.9609642378850255,0.9999225826430286,0.9800563985784156
0.0006905794,0.9609880707323727,0.9999225826430286,0.9800687930594378
0.0006906986,0.9610119047619048,0.9999225826430286,0.9800811878539627
0.00069081783,0.9610595763678754,0.9999225826430286,0.9801059783835673
0.00069093704,0.9611072527036413,0.9999225826430286,0.980130770167325
0.0006918907,0.9611787760771959,0.9999225826430286,0.9801679601947069
0.0006928444,0.9612026195673745,0.9999225826430286,0.9801803574976804
0.0006929636,0.9612264642405299,0.9999225826430286,0.9801927551142636
0.0006930828,0.9612503100967502,0.9999225826430286,0.9802051530444683
0.00069379807,0.9612741571361234,0.9999225826430286,0.9802175512883066
0.0006939173,0.9612980053587378,0.9999225826430286,0.9802299498457901
0.0006940365,0.9613218547646811,0.9999225826430286,0.980242348716931
0.0006941557,0.9613457053540416,0.9999225826430286,0.980254747901741
0.00069510937,0.9613695571269073,0.9999225826430286,0.980267147400232
0.0006958246,0.9613934100833664,0.9999225826430286,0.980279547212416
0.00069594383,0.9614172642235069,0.9999225826430286,0.9802919473383049
0.0006965399,0.961441119547417,0.9999225826430286,0.9803043477779105
0.0006968975,0.9614888337468983,0.9999225826430286,0.9803291495983196
0.0006980896,0.9615842763549732,0.9999225826430286,0.9803787570042632
0.000698328,0.9617990915183557,0.9999225826430286,0.9804903920261046
0.0006984472,0.9618229657945688,0.9999225826430286,0.9805027974867981
0.00069856644,0.9618707179028895,0.9999225826430286,0.9805276093499548
0.00069880486,0.9618945957351737,0.9999225826430286,0.9805400157524418
0.0006995201,0.9619901189205293,0.9999225826430286,0.980589644502059
0.00069975853,0.962133439276935,0.9999225826430286,0.9806640970468031
0.00069987774,0.9621573301549463,0.9999225826430286,0.9806765069034507
0.00069999695,0.9621812222194631,0.9999225826430286,0.9806889170741844
0.00070011616,0.9622051154705736,0.9999225826430286,0.9807013275590161
0.0007007122,0.9622290099083662,0.9999225826430286,0.9807137383579576
0.0007008314,0.9622768023443514,0.9999225826430286,0.9807385608982184
0.00070118904,0.9623007003427209,0.9999225826430286,0.9807509726395617
0.00070154667,0.9624202081418742,0.9999225826430286,0.9808130360588807
0.0007016659,0.9625158357552723,0.9999225826430286,0.9808626924501763
0.0007017851,0.962539745627981,0.9999225826430286,0.9808751073336331
0.00070238113,0.9625875689372485,0.9999225826430286,0.9808999380433893
0.0007033348,0.9626114823739845,0.9999225826430286,0.9809123538697128
0.000703454,0.9626353969989069,0.9999225826430286,0.9809247700103488
0.0007035732,0.9627310673822301,0.9999225826430286,0.9809744377162603
0.00070393085,0.9627549879494124,0.9999225826430286,0.9809868554286394
0.00070524216,0.9627789097053123,0.9999225826430286,0.980999273455403
0.000705719,0.9628028326500186,0.9999225826430286,0.9810116917965628
0.0007058382,0.9628506821062048,0.9999225826430286,0.9810365294221195
0.00070619583,0.9630181926632866,0.9999225826430286,0.9811234710168077
0.00070655346,0.963042127500932,0.9999225826430286,0.981135892502588
0.00070667267,0.9630900007456565,0.9999225826430286,0.9811607364177433
0.0007073879,0.9631139391529131,0.9999225826430286,0.9811731588471424
0.0007081032,0.9631378787502175,0.9999225826430286,0.9811855815911051
0.0007084608,0.9631618195376584,0.9999225826430286,0.9811980046496434
0.0007086992,0.9631857615153248,0.9999225826430286,0.9812104280227689
0.0007106066,0.9632097046833051,0.9999225826430286,0.9812228517104941
0.000710845,0.9632336490416884,0.9999225826430286,0.9812352757128306
0.0007109642,0.9632815413300186,0.9999225826430286,0.9812601246613853
0.0007112026,0.9633054892601431,0.9999225826430286,0.9812725496076273
0.00071144104,0.9633294383810258,0.9999225826430286,0.9812849748685287
0.0007125735,0.9633533886927552,0.9999225826430286,0.9812974004441012
0.00071281195,0.9633773401954203,0.9999225826430286,0.9813098263343568
0.00071305037,0.9634012928891099,0.9999225826430286,0.9813222525393074
0.0007131696,0.9634252467739128,0.9999225826430286,0.9813346790589648
0.0007135272,0.963449201849918,0.9999225826430286,0.9813471058933413
0.00071400404,0.9634731581172141,0.9999225826430286,0.9813595330424486
0.0007144809,0.9634971155758902,0.9999225826430286,0.9813719605062989
0.0007147193,0.9635210742260351,0.9999225826430286,0.9813843882849038
0.00071519613,0.9635450340677376,0.9999225826430286,0.9813968163782757
0.00071531534,0.9637607262778262,0.9999225826430286,0.9815086833850991
0.00071555376,0.963784698039996,0.9999225826430286,0.9815211146267963
0.00071567297,0.9638086709947019,0.9999225826430286,0.9815335461833918
0.00071674585,0.9638326451420327,0.9999225826430286,0.9815459780548976
0.0007169843,0.9638805970149253,0.9999225826430286,0.9815708427426881
0.0007175803,0.9639045747406652,0.9999225826430286,0.9815832755589967
0.00072079897,0.963928553659386,0.9999225826430286,0.9815957086902635
0.000721395,0.963952533771177,0.9999225826430286,0.9816081421365003
0.0007222295,0.963976515076127,0.9999225826430286,0.9816205758977193
0.0007228255,0.9640004975743252,0.9999225826430286,0.9816330099739323
0.00072413683,0.9640244812658606,0.9999225826430286,0.9816454443651516
0.00072437525,0.9640724522292994,0.9999225826430286,0.9816703140926558
0.00072449446,0.9640964395013809,0.9999225826430286,0.9816827494289649
0.0007272363,0.964120427967156,0.9999225826430286,0.9816951850803279
0.0007279515,0.9641444176267138,0.9999225826430286,0.9817076210467567
0.00072807074,0.9641684084801433,0.9999225826430286,0.9817200573282636
0.00072830915,0.9642403882045539,0.9999225826430286,0.9817573680633711
0.00072938204,0.964264383834362,0.9999225826430286,0.9817698056053092
0.0007303357,0.9642883806584874,0.9999225826430286,0.9817822434623851
0.00073069334,0.9643123786770196,0.9999225826430286,0.9817946816346106
0.0007314086,0.9643363778900476,0.9999225826430286,0.9818071201219979
0.0007329583,0.9643603782976605,0.9999225826430286,0.981819558924559
0.000733912,0.9644083826969984,0.9999225826430286,0.9818444374752499
0.00073450804,0.9644323866889016,0.9999225826430286,0.9818568772234039
0.0007349849,0.9644563918757467,0.9999225826430286,0.9818693172867794
0.0007355809,0.9644803982576229,0.9999225826430286,0.9818817576653885
0.00073570013,0.9645044058346194,0.9999225826430286,0.9818941983592434
0.0007362962,0.9645284146068255,0.9999225826430286,0.9819066393683558
0.00073748827,0.9645764357372234,0.9999225826430286,0.9819315223324011
0.0007376075,0.9646004480955938,0.9999225826430286,0.9819439642873579
0.0007379651,0.9646484763991237,0.9999225826430286,0.9819688491432002
0.0007389188,0.9646724923444618,0.9999225826430286,0.9819812920441096
0.00073963404,0.9647685680850534,0.9999225826430286,0.9820310668012815
0.00074118376,0.9647925900104577,0.9999225826430286,0.9820435112790181
0.00074213743,0.9648166131321432,0.9999225826430286,0.9820559560721559
0.000744164,0.9648646629647153,0.9999225826430286,0.9820808466046841
0.00074487925,0.9649127175834848,0.9999225826430286,0.9821057383989618
0.00074511766,0.9649367466879171,0.9999225826430286,0.9821181847692865
0.00074642897,0.9649848084873238,0.9999225826430286,0.9821430784563683
0.00074750185,0.9650569101641304,0.9999225826430286,0.9821804213532509
0.00074857473,0.9650809464508094,0.9999225826430286,0.982192869616596
0.00074881315,0.9651049839348427,0.9999225826430286,0.9822053181954861
0.0007494092,0.9651771035719623,0.9999225826430286,0.9822426658255488
0.0007495284,0.9652732798565093,0.9999225826430286,0.9822924670839951
0.0007496476,0.965321375186846,0.9999225826430286,0.9823173696070183
0.0007497668,0.9653454246493436,0.9999225826430286,0.9823298213420221
0.00075012445,0.9654175802272275,0.9999225826430286,0.9823671784411447
0.0007510781,0.9654416344836177,0.9999225826430286,0.9823796314389298
0.0007520318,0.9654656899387053,0.9999225826430286,0.9823920847524401
0.0007522106,0.9654897465925797,0.9999225826430286,0.9824045383816878
0.00075268745,0.9655138044453304,0.9999225826430286,0.982416992326685
0.0007542372,0.9655378634970472,0.9999225826430286,0.9824294465874436
0.0007556677,0.9655619237478196,0.9999225826430286,0.9824419011639755
0.0007580519,0.9656341116953672,0.9999225826430286,0.9824792667883316
0.0007581711,0.9656581767432587,0.9999225826430286,0.9824917226280773
0.0007587671,0.9656822429906542,0.9999225826430286,0.9825041787836564
0.0007597208,0.9657063104376433,0.9999225826430286,0.9825166352550809
0.00076150894,0.9657303790843157,0.9999225826430286,0.9825290920423628
0.0007619858,0.9657544489307612,0.9999225826430286,0.9825415491455145
0.0007622242,0.9657785199770693,0.9999225826430286,0.9825540065645475
0.0007623434,0.96580259222333,0.9999225826430286,0.9825664642994739
0.00076425076,0.9658266656696328,0.9999225826430286,0.9825789223503062
0.00076651573,0.9658507403160675,0.9999225826430286,0.9825913807170558
0.0007674694,0.9658748161627241,0.9999225826430286,0.9826038393997351
0.0007688999,0.965922971457061,0.9999225826430286,0.9826287577129302
0.00076949596,0.965947050904921,0.9999225826430286,0.9826412173434703
0.0007702112,0.9659952134024731,0.9999225826430286,0.9826661375524954
0.00077331066,0.9660192964523447,0.9999225826430286,0.9826785981310044
0.00077426434,0.9660433807030666,0.9999225826430286,0.9826910590255273
0.00077438354,0.9660674661547284,0.9999225826430286,0.9827035202360757
0.00077462196,0.96609155280742,0.9999225826430286,0.9827159817626621
0.0007748604,0.9661156406612312,0.9999225826430286,0.982728443605298
0.00077831745,0.966163819972572,0.9999225826430286,0.9827533682387674
0.0007792711,0.9662120040894696,0.9999225826430286,0.9827782941365804
0.00077962875,0.9662601930126431,0.9999225826430286,0.982803221298833
0.0007802248,0.966284289276808,0.9999225826430286,0.9828156853541541
0.0007804632,0.9663083867428115,0.9999225826430286,0.9828281497256212
0.0007812977,0.9663324854107437,0.9999225826430286,0.9828406144132463
0.0007815361,0.9663565852806943,0.9999225826430286,0.9828530794170415
0.00078213215,0.9663806863527534,0.9999225826430286,0.9828655447370188
0.00078451633,0.9664047886270108,0.9999225826430286,0.9828780103731902
0.00078463554,0.9664288921035566,0.9999225826430286,0.9828904763255677
0.00078582764,0.9664771026638731,0.9999225826430286,0.9829154091789892
0.0007865429,0.9665012097478237,0.9999225826430286,0.9829278760800573
0.0007878542,0.9665253180344225,0.9999225826430286,0.9829403432973797
0.0007879734,0.966573538215925,0.9999225826430286,0.9829652786808353
0.0007890463,0.9665976501110085,0.9999225826430286,0.9829777468469927
0.0007891655,0.9666217632091004,0.9999225826430286,0.9829902153294524
0.0007919669,0.9666458775102906,0.9999225826430286,0.9830026841282267
0.00079387426,0.9666699930146692,0.9999225826430286,0.9830151532433271
0.0007956624,0.9666941097223262,0.9999225826430286,0.9830276226747664
0.00079613924,0.9667182276333516,0.9999225826430286,0.9830400924225561
0.0007969737,0.9667423467478357,0.9999225826430286,0.9830525624867085
0.0007984042,0.9667664670658682,0.9999225826430286,0.9830650328672353
0.00079888105,0.9668147113129397,0.9999225826430286,0.9830899745774614
0.0007992387,0.9668388352421589,0.9999225826430286,0.9831024459071845
0.0008010268,0.966862960375287,0.9999225826430286,0.9831149175533302
0.00080126524,0.9668870867124142,0.9999225826430286,0.9831273895159109
0.0008047223,0.9669112142536308,0.9999225826430286,0.9831398617949385
0.0008048415,0.9669353429990267,0.9999225826430286,0.983152334390425
0.00080519915,0.9669594729486923,0.9999225826430286,0.9831648073023824
0.0008055568,0.9669836041027177,0.9999225826430286,0.983177280530823
0.00080662966,0.9670077364611929,0.9999225826430286,0.9831897540757586
0.00080782175,0.9670560047918538,0.9999225826430286,0.983214702115163
0.0008084178,0.9670801407642199,0.9999225826430286,0.983227176609656
0.00080889463,0.9671042779413968,0.9999225826430286,0.9832396514206924
0.0008124709,0.9671525559105432,0.9999225826430286,0.9832646019924427
0.00081306696,0.9671766967026932,0.9999225826430286,0.9832770777531811
0.00081318617,0.9672008387000149,0.9999225826430286,0.9832895538305108
0.0008133054,0.9672249819025985,0.9999225826430286,0.983302030224444
0.0008146167,0.9672491263105342,0.9999225826430286,0.9833145069349927
0.00081545115,0.9672732719239122,0.9999225826430286,0.9833269839621691
0.00081557035,0.9674423249775292,0.9999225826430286,0.9834143320189892
0.0008164048,0.9674906367041198,0.9999225826430286,0.9834392914569875
0.00081795454,0.9675389532560927,0.9999225826430286,0.9834642521619786
0.000818789,0.9675631133418233,0.9999225826430286,0.9834767329896263
0.0008189082,0.9675872746341707,0.9999225826430286,0.9834892141340588
0.0008214116,0.9676114371332252,0.9999225826430286,0.9835016955952873
0.0008215308,0.9676597657518168,0.9999225826430286,0.983526659468182
0.0008226037,0.9678047805779654,0.9999225826430286,0.9836015586912342
0.0008227229,0.9678531285125516,0.9999225826430286,0.9836265276340292
0.00082296133,0.9679014812779457,0.9999225826430286,0.9836514978445409
0.00082308054,0.967925659472422,0.9999225826430286,0.9836639834252204
0.0008241534,0.9679982013040546,0.9999225826430286,0.9837014420690996
0.0008262992,0.9680223843309683,0.9999225826430286,0.9837139289177128
0.00082701445,0.9680465685662178,0.9999225826430286,0.9837264160833398
0.00082725286,0.9680707540098936,0.9999225826430286,0.9837389035659924
0.00082838535,0.9680949406620862,0.9999225826430286,0.9837513913656827
0.0008291006,0.9681191285228863,0.9999225826430286,0.9837638794824228
0.000829339,0.9681433175923844,0.9999225826430286,0.9837763679162249
0.0008301735,0.9681675078706712,0.9999225826430286,0.983788856667101
0.000831604,0.9681916993578371,0.9999225826430286,0.983801345735063
0.00083243847,0.9682400859591694,0.9999225826430286,0.9838263248222936
0.0008325577,0.9682884773971062,0.9999225826430286,0.9838513051780132
0.0008343458,0.968312674930028,0.9999225826430286,0.9838637958315867
0.000834465,0.9683368736723729,0.9999225826430286,0.9838762868023186
0.00083482265,0.9683610736242315,0.9999225826430286,0.9838887780902211
0.0008351803,0.9683852747856947,0.9999225826430286,0.9839012696953062
0.0008357763,0.968409477156853,0.9999225826430286,0.9839137616175863
0.00083971024,0.9684336807377971,0.9999225826430286,0.9839262538570731
0.00084006786,0.9684820915294059,0.9999225826430286,0.9839512392877156
0.0008404255,0.9685789276340457,0.9999225826430286,0.984001213956014
0.0008414984,0.9686031396860314,0.9999225826430286,0.984013708416287
0.00084221363,0.9686273529485289,0.9999225826430286,0.9840262031938635
0.0008430481,0.9687242181054526,0.9999225826430286,0.9840761854774462
0.0008443594,0.9687484374218711,0.9999225826430286,0.9840886818417216
0.00084519386,0.9687726579493462,0.9999225826430286,0.984101178523373
0.00084745884,0.9687968796879688,0.9999225826430286,0.9841136755224126
0.0008479357,0.9688211026378297,0.9999225826430286,0.9841261728388524
0.0008484125,0.9688937787557511,0.9999225826430286,0.984163666692694
0.00084865093,0.9689180065514741,0.9999225826430286,0.9841761652788555
0.00084877014,0.9689422355588897,0.9999225826430286,0.9841886641824779
0.00084996223,0.968966465778089,0.9999225826430286,0.9842011634035728
0.0008507967,0.9689906972091628,0.9999225826430286,0.9842136629421528
0.00085163116,0.969014929852202,0.9999225826430286,0.9842261627982297
0.0008518696,0.9690391637072976,0.9999225826430286,0.9842386629718157
0.000852108,0.9690633987745405,0.9999225826430286,0.9842511634629231
0.00085413456,0.9690876350540216,0.9999225826430286,0.9842636642715635
0.000854969,0.969111872545832,0.9999225826430286,0.9842761653977493
0.00085544586,0.9691603511668042,0.9999225826430286,0.9843011686028056
0.0008555651,0.9691845922961481,0.9999225826430286,0.9843136706817001
0.000857234,0.9692330781930062,0.9999225826430286,0.9843386757922826
0.00085902214,0.9692573229607024,0.9999225826430286,0.9843511788239948
0.0008597374,0.9692815689413649,0.9999225826430286,0.9843636821733371
0.00086021423,0.9693058161350844,0.9999225826430286,0.9843761858403216
0.00086164474,0.9693300645419523,0.9999225826430286,0.9843886898249604
0.00086236,0.9693543141620594,0.9999225826430286,0.9844011941272656
0.00086325407,0.9694028170423558,0.9999225826430286,0.9844262036849235
0.0008636117,0.969427070302727,0.9999225826430286,0.9844387089403004
0.0008637309,0.9694513247767019,0.9999225826430286,0.9844512145133922
0.0008639693,0.9694755804643715,0.9999225826430286,0.984463720404211
0.0008658767,0.9694998373658268,0.9999225826430286,0.9844762266127687
0.0008661151,0.969524095481159,0.9999225826430286,0.9844887331390777
0.00086671114,0.9695726153538184,0.9999225826430286,0.9845137471449974
0.0008673072,0.969596877111328,0.9999225826430286,0.9845262546246324
0.000867784,0.9696454042691625,0.9999225826430286,0.9845512705373133
0.0008688569,0.9696696696696697,0.9999225826430286,0.9845637789703835
0.00086957216,0.9696939362846918,0.9999225826430286,0.9845762877212896
0.00087052584,0.9697182041143201,0.9999225826430286,0.9845887967900437
0.0008715987,0.9697424731586456,0.9999225826430286,0.9846013061766581
0.0008748174,0.9697667434177595,0.9999225826430286,0.9846138158811446
0.00087577105,0.9698152875807178,0.9999225826430286,0.984638836243783
0.00087589025,0.9698395614847446,0.9999225826430286,0.9846513469019592
0.00087600946,0.9698638366039247,0.9999225826430286,0.9846638578780561
0.0008776784,0.9698881129383494,0.9999225826430286,0.9846763691720857
0.00087839365,0.9699123904881102,0.9999225826430286,0.9846888807840604
0.00087863207,0.9699366692532979,0.9999225826430286,0.9847013927139922
0.00087958574,0.9699609492340042,0.9999225826430286,0.9847139049618931
0.0008805394,0.9699852304303201,0.9999225826430286,0.9847264175277757
0.0008814931,0.9700337964701464,0.9999225826430286,0.984751443613533
0.0008817315,0.9700580813138394,0.9999225826430286,0.9847639571334321
0.0008819699,0.9700823673735073,0.9999225826430286,0.984776470971361
0.0008841157,0.9701066546492414,0.9999225826430286,0.9847889851273318
0.00088495016,0.9702281092721036,0.9999225826430286,0.9848515606782404
0.00088506937,0.9702524038461539,0.9999225826430286,0.9848640767427178
0.0008853078,0.97027669963691,0.9999225826430286,0.984876593125322
0.0008866191,0.9703009966444633,0.9999225826430286,0.984889109826065
0.00088840723,0.9703252948689054,0.9999225826430286,0.9849016268449594
0.00088864565,0.9703495943103275,0.9999225826430286,0.984914144182017
0.0008891225,0.9703738949688212,0.9999225826430286,0.9849266618372498
0.0008922219,0.9703981968444778,0.9999225826430286,0.9849391798106701
0.00089257956,0.9704224999373888,0.9999225826430286,0.9849516981022901
0.00089269876,0.97047110977534,0.9999225826430286,0.9849767356401776
0.0008929372,0.9705197244834064,0.9999225826430286,0.9850017744510092
0.0008931756,0.9705440336639616,0.9999225826430286,0.9850142943338094
0.000893414,0.97056834406232,0.9999225826430286,0.985026814534882
0.00089401007,0.9706169685128128,0.9999225826430286,0.9850518558918928
0.00089520216,0.9706412825651303,0.9999225826430286,0.9850643770478558
0.0008955598,0.9706899143243649,0.9999225826430286,0.9850894203147563
0.00089627504,0.9707385509570097,0.9999225826430286,0.9851144648550378
0.00089651346,0.9707628711010898,0.9999225826430286,0.985126987602727
0.0008966327,0.9707871924637972,0.9999225826430286,0.9851395106687978
0.0008970499,0.9708115150452233,0.9999225826430286,0.9851520340532622
0.0008984804,0.9708844901027311,0.9999225826430286,0.9851896061171405
0.00089907646,0.9709088175599488,0.9999225826430286,0.9852021307753018
0.0008991957,0.9710061395815061,0.9999225826430286,0.9852522325926142
0.0008993149,0.9710304731355253,0.9999225826430286,0.9852647588431697
0.00090014935,0.9711034811157615,0.9999225826430286,0.9853023395059767
0.0009009838,0.9711278195488722,0.9999225826430286,0.9853148670306663
0.00090289116,0.971152159201985,0.9999225826430286,0.9853273948739198
0.0009032488,0.9711765000751917,0.9999225826430286,0.9853399230357492
0.0009057522,0.9712008421685842,0.9999225826430286,0.985352451516167
0.0009070635,0.9712251854822539,0.9999225826430286,0.9853649803151849
0.0009087324,0.9712982227458451,0.9999225826430286,0.9854025686239627
0.00091183186,0.9713712709952369,0.9999225826430286,0.9854401598005809
0.0009133816,0.9713956228534182,0.9999225826430286,0.9854526908301418
0.0009138584,0.9714199759326113,0.9999225826430286,0.9854652221784
0.00091409683,0.971444330232908,0.9999225826430286,0.9854777538453682
0.00091421604,0.9714686857544,0.9999225826430286,0.9854902858310581
0.0009148121,0.9714930424971794,0.9999225826430286,0.9855028181354821
0.00091564655,0.9715174004613378,0.9999225826430286,0.9855153507586523
0.000915885,0.9715417596469674,0.9999225826430286,0.985527883700581
0.0009163618,0.9715661200541598,0.9999225826430286,0.9855404169612801
0.00091791153,0.971590481683007,0.9999225826430286,0.9855529505407621
0.00091803074,0.9716148445336008,0.9999225826430286,0.9855654844390388
0.0009199381,0.9716392086060333,0.9999225826430286,0.9855780186561226
0.0009214878,0.9716635739003963,0.9999225826430286,0.9855905531920256
0.00092351437,0.9716879404167816,0.9999225826430286,0.9856030880467598
0.00092470646,0.9717123081552814,0.9999225826430286,0.9856156232203376
0.0009266138,0.9717366771159874,0.9999225826430286,0.9856281587127712
0.0009292364,0.9718097913322632,0.9999225826430286,0.9856657671033274
0.00092989206,0.9718585402558314,0.9999225826430286,0.9856908409581999
0.0009303689,0.9718829165517069,0.9999225826430286,0.9857033783640231
0.000931561,0.9719072940704324,0.9999225826430286,0.9857159160887871
0.0009316802,0.9719316728121002,0.9999225826430286,0.9857284541325042
0.0009331107,0.9720292000100343,0.9999225826430286,0.9857786094971462
0.00093358755,0.9720535848677939,0.9999225826430286,0.9857911491358111
0.0009341836,0.9720779709490479,0.9999225826430286,0.9858036890935018
0.0009352565,0.9721023582538886,0.9999225826430286,0.9858162293702311
0.0009390712,0.972126746782408,0.9999225826430286,0.9858287699660105
0.0009403825,0.9721511365346982,0.9999225826430286,0.9858413108808527
0.0009432435,0.9721755275108513,0.9999225826430286,0.9858538521147696
0.00094395876,0.9722243131351148,0.9999225826430286,0.9858789355398765
0.0009444356,0.9722487077834094,0.9999225826430286,0.9858914777310909
0.0009456277,0.9722731036559356,0.9999225826430286,0.9859040202414286
0.00094658136,0.9722975007527853,0.9999225826430286,0.985916563070902
0.0009482503,0.972395101385264,0.9999225826430286,0.9859667375803962
0.0009483695,0.9724195046051146,0.9999225826430286,0.9859792820057307
0.0009519458,0.9724439090498419,0.9999225826430286,0.985991826750274
0.0009544492,0.9724683147195382,0.9999225826430286,0.9860043718140381
0.0009562373,0.9724927216142958,0.9999225826430286,0.9860169171970355
0.0009563565,0.9725171297342068,0.9999225826430286,0.9860294628992782
0.0009576678,0.9725415390793635,0.9999225826430286,0.9860420089207782
0.0009583831,0.9725903614457831,0.9999225826430286,0.9860671019216
0.0009587407,0.9726147744672307,0.9999225826430286,0.9860796489009457
0.00095897913,0.9726391887142929,0.9999225826430286,0.9860921961995978
0.00096178055,0.9726636041870623,0.9999225826430286,0.9861047438175681
0.0009636879,0.9726880208856311,0.9999225826430286,0.9861172917548692
0.00096440315,0.9727124388100916,0.9999225826430286,0.9861298400115132
0.0009646416,0.9727368579605362,0.9999225826430286,0.9861423885875119
0.0009665489,0.9727612783370572,0.9999225826430286,0.986154937482878
0.00096964836,0.972785699939747,0.9999225826430286,0.9861674866976236
0.00096976757,0.9728101227686977,0.9999225826430286,0.9861800362317608
0.0009723902,0.972834546824002,0.9999225826430286,0.9861925860853017
0.00097334385,0.9728833986140404,0.9999225826430286,0.9862176867506434
0.0009756088,0.9729078263489592,0.9999225826430286,0.9862302375624687
0.00097608566,0.9729566854990583,0.9999225826430286,0.9862553401444893
0.0009772778,0.9730299834262468,0.9999225826430286,0.9862929964136281
0.0009781122,0.97305441852289,0.9999225826430286,0.9863055491423518
0.0009795427,0.9730788548468107,0.9999225826430286,0.9863181021906012
0.0009800196,0.9732254985683428,0.9999225826430286,0.9863934271908218
0.0009840727,0.9732499434857961,0.9999225826430286,0.9864059824760932
0.0009841919,0.973274389631267,0.9999225826430286,0.986418538080988
0.0009860992,0.9732988370048479,0.9999225826430286,0.9864310940055181
0.0009863377,0.9733232856066315,0.9999225826430286,0.9864436502496962
0.0009874105,0.9733477354367103,0.9999225826430286,0.9864562068135342
0.0009901524,0.9733721864951769,0.9999225826430286,0.9864687636970445
0.00099051,0.973445547041829,0.9999225826430286,0.9865064362657304
0.0009909868,0.9734700030147724,0.9999225826430286,0.9865189944280515
0.0009940267,0.9734944602165666,0.9999225826430286,0.9865315529101059
0.0009966493,0.9735433783070777,0.9999225826430286,0.986556670833463
0.0010024905,0.9735678391959799,0.9999225826430286,0.9865692302747902
0.0010032058,0.9735923013141033,0.9999225826430286,0.9865817900358996
0.0010046363,0.9736167646615408,0.9999225826430286,0.9865943501168034
0.0010080934,0.9736412292383848,0.9999225826430286,0.9866069105175135
0.0010094047,0.9736656950447281,0.9999225826430286,0.9866194712380424
0.0010095239,0.9736901620806634,0.9999225826430286,0.9866320322784022
0.001010716,0.9737146303462834,0.9999225826430286,0.9866445936386053
0.0010121465,0.9737390998416807,0.9999225826430286,0.9866571553186637
0.0010139346,0.9737635705669482,0.9999225826430286,0.9866697173185898
0.0010156035,0.9737880425221784,0.9999225826430286,0.9866822796383955
0.001015842,0.9738125157074642,0.9999225826430286,0.9866948422780933
0.0010163188,0.9738369901228983,0.9999225826430286,0.9867074052376953
0.0010183454,0.9738614657685735,0.9999225826430286,0.986719968517214
0.0010255575,0.9738859426445824,0.9999225826430286,0.9867325321166611
0.001026392,0.973910420751018,0.9999225826430286,0.9867450960360492
0.001026988,0.9739349000879729,0.9999225826430286,0.9867576602753906
0.0010284185,0.9739593806555399,0.9999225826430286,0.9867702248346971
0.001028657,0.973983862453812,0.9999225826430286,0.9867827897139813
0.0010291338,0.9740083454828817,0.9999225826430286,0.9867953549132553
0.0010324717,0.9740328297428421,0.9999225826430286,0.9868079204325314
0.0010342598,0.9740573152337858,0.9999225826430286,0.9868204862718216
0.001034975,0.9741307790934459,0.9999225826430286,0.9868581857098999
0.0010356903,0.9741552695092518,0.9999225826430286,0.9868707528293695
0.001044035,0.9742042540352994,0.9999225826430286,0.9868958880285469
0.0010442734,0.974228748145727,0.9999225826430286,0.9869084561082793
0.0010458231,0.9742532434878809,0.9999225826430286,0.9869210245081235
0.001046896,0.9742777400618541,0.9999225826430286,0.9869335932280922
0.0010506511,0.9743022378677395,0.9999225826430286,0.9869461622681973
0.0010513663,0.97432673690563,0.9999225826430286,0.9869587316284514
0.0010514855,0.9743512371756186,0.9999225826430286,0.9869713013088662
0.0010539889,0.9744247453791022,0.9999225826430286,0.9870090122711993
0.0010541081,0.9744492505784126,0.9999225826430286,0.9870215832323803
0.0010547042,0.9744737570102859,0.9999225826430286,0.9870341545137838
0.001065433,0.9744982646748152,0.9999225826430286,0.9870467261154215
0.0010680556,0.9745227735720933,0.9999225826430286,0.9870592980373061
0.0010685325,0.9745472837022133,0.9999225826430286,0.9870718702794494
0.0010686517,0.9745717950652683,0.9999225826430286,0.9870844428418637
0.0010691285,0.9745963076613512,0.9999225826430286,0.9870970157245613
0.001070559,0.9746208214905551,0.9999225826430286,0.9871095889275546
0.0010711551,0.9746453365529731,0.9999225826430286,0.9871221624508557
0.0010746121,0.9746698528486982,0.9999225826430286,0.9871347362944769
0.0010771155,0.9746943703778236,0.9999225826430286,0.9871473104584303
0.0010786057,0.9747188891404422,0.9999225826430286,0.9871598849427284
0.0010793209,0.9747434091366473,0.9999225826430286,0.9871724597473832
0.0010809898,0.9747679303665316,0.9999225826430286,0.987185034872407
0.0010819435,0.9748169765277114,0.9999225826430286,0.9872101860836107
0.001083374,0.9748415014591929,0.9999225826430286,0.9872227621698151
0.0010834932,0.9748660276247264,0.9999225826430286,0.9872353385764375
0.001086235,0.974890555024405,0.9999225826430286,0.9872479153034902
0.001090169,0.9749150836583218,0.9999225826430286,0.9872604923509852
0.0010921955,0.9749396135265701,0.9999225826430286,0.9872730697189351
0.0010942221,0.9749641446292429,0.9999225826430286,0.987285647407352
0.0010943413,0.9749886769664335,0.9999225826430286,0.9872982254162481
0.0010950565,0.9750132105382351,0.9999225826430286,0.9873108037456357
0.0010999441,0.9750377453447409,0.9999225826430286,0.9873233823955271
0.0011008978,0.9750622813860439,0.9999225826430286,0.9873359613659344
0.0011017323,0.9750868186622377,0.9999225826430286,0.9873485406568698
0.0011048913,0.9751113571734152,0.9999225826430286,0.9873611202683459
0.0011091828,0.9751358969196698,0.9999225826430286,0.9873737002003748
0.0011107326,0.9751604379010947,0.9999225826430286,0.9873862804529684
0.001110971,0.9751849801177832,0.9999225826430286,0.9873988610261396
0.0011187196,0.9752095235698286,0.9999225826430286,0.9874114419199002
0.0011268258,0.9752340682573241,0.9999225826430286,0.9874240231342625
0.0011271834,0.975258614180363,0.9999225826430286,0.9874366046692388
0.001131773,0.975307709733444,0.9999225826430286,0.9874617687010824
0.0011352301,0.975332259363673,0.9999225826430286,0.9874743511979742
0.0011384487,0.9753568102298185,0.9999225826430286,0.9874869340155291
0.0011386871,0.975381362331974,0.9999225826430286,0.9874995171537594
0.0011428595,0.9754059156702328,0.9999225826430286,0.987512100612677
0.0011469126,0.9754304702446883,0.9999225826430286,0.9875246843922947
0.0011487007,0.9754550260554339,0.9999225826430286,0.9875372684926244
0.0011504889,0.9754795831025628,0.9999225826430286,0.9875498529136784
0.0011513233,0.9755041413861685,0.9999225826430286,0.9875624376554689
0.001155138,0.9755287009063444,0.9999225826430286,0.9875750227180083
0.0011554956,0.9755778236567803,0.9999225826430286,0.9876001938053829
0.0011590123,0.9756023868872271,0.9999225826430286,0.9876127798302425
0.00115937,0.9756269513546177,0.9999225826430286,0.9876253661758999
0.0011636615,0.9756515170590457,0.9999225826430286,0.9876379528423678
0.0011671185,0.975749792248999,0.9999225826430286,0.9876883027165856
0.0011681914,0.9757743641400151,0.9999225826430286,0.9877008909872881
0.0011705756,0.9757989372686293,0.9999225826430286,0.9877134795788745
0.0011728406,0.975823511634935,0.9999225826430286,0.9877260684913568
0.0011746287,0.9758229027627371,0.9998967768573714,0.9877131663790595
0.0011767745,0.9758474789704327,0.9998967768573714,0.9877257556084623
0.0011786819,0.9758720564160686,0.9998967768573714,0.9877383451587898
0.0011805892,0.975896635099738,0.9998967768573714,0.987750935030054
0.0011813045,0.975921215021535,0.9998967768573714,0.9877635252222675
0.0011829138,0.9759457961815525,0.9998967768573714,0.9877761157354421
0.0011882782,0.9759703785798847,0.9998967768573714,0.9877887065695907
0.0011888742,0.9759949622166247,0.9998967768573714,0.9878012977247251
0.0011924505,0.9760195470918663,0.9998967768573714,0.9878138892008576
0.0011934042,0.976044133205703,0.9998967768573714,0.9878264809980007
0.0011968613,0.9760933091495365,0.9998967768573714,0.9878516655553676
0.0011979342,0.9761178989797203,0.9998967768573714,0.987864258315616
0.0011993647,0.9761424900488739,0.9998967768573714,0.9878768513969238
0.0012015104,0.9761670823570907,0.9998967768573714,0.9878894447993035
0.0012031794,0.9761916759044644,0.9998967768573714,0.9879020385227674
0.0012090802,0.9762162706910886,0.9998967768573714,0.9879146325673278
0.0012131333,0.9762408667170572,0.9998967768573714,0.987927226932997
0.0012132525,0.9762654639824636,0.9998967768573714,0.9879398216197869
0.0012148023,0.9763638654403427,0.9998967768573714,0.987990203578403
0.0012184978,0.9763884689043443,0.9998967768573714,0.9880027998709823
0.0012263656,0.9764130736083462,0.9998967768573714,0.9880153964847563
0.001232624,0.9764376795524419,0.9998967768573714,0.9880279934197373
0.001236558,0.9764622867367254,0.9998967768573714,0.9880405906759377
0.0012397766,0.9764868951612903,0.9998967768573714,0.9880531882533694
0.0012462139,0.9765115048262305,0.9998967768573714,0.9880657861520452
0.0012500286,0.9765361157316397,0.9998967768573714,0.988078384371977
0.001264751,0.9765607278776117,0.9998967768573714,0.9880909829131774
0.0012649894,0.9765853412642403,0.9998967768573714,0.9881035817756583
0.0012652278,0.9766099558916194,0.9998967768573714,0.9881161809594322
0.0012680888,0.9766345717598427,0.9998967768573714,0.9881287804645115
0.0012715459,0.9767084268105165,0.9998967768573714,0.988166580907704
0.0012726188,0.9767330476430552,0.9998967768573714,0.9881791816981275
0.001275599,0.9767576697169074,0.9998967768573714,0.9881917828099175
0.0012801886,0.976782293032167,0.9998967768573714,0.9882043842430868
0.0012874603,0.9768069175889278,0.9998967768573714,0.9882169859976473
0.0012880564,0.9768561704273289,0.9998967768573714,0.9882421904709916
0.001290679,0.9768807987091569,0.9998967768573714,0.9882547931897998
0.0012962818,0.9769054282328619,0.9998967768573714,0.9882673962300487
0.0012975931,0.9769300589985377,0.9998967768573714,0.9882799995917504
0.0013016462,0.9769546910062782,0.9998967768573714,0.9882926032749173
0.0013020039,0.9769793242561775,0.9998967768573714,0.9883052072795614
0.0013070703,0.9770039587483295,0.9998967768573714,0.9883178116056953
0.0013174415,0.9770285944828282,0.9998967768573714,0.9883304162533314
0.0013290644,0.9770532314597675,0.9998967768573714,0.9883430212224817
0.001336813,0.9771271498461693,0.9998967768573714,0.9883808380591417
0.0013377666,0.977176434984364,0.9998967768573714,0.9884060508913788
0.0013380051,0.9772010794179213,0.9998967768573714,0.9884186577898735
0.0013382435,0.9772257250945775,0.9998967768573714,0.9884312650099685
0.001339078,0.9772503720144265,0.9998967768573714,0.9884438725516764
0.0013395548,0.9772750201775625,0.9998967768573714,0.9884564804150093
0.0013505816,0.9772996695840795,0.9998967768573714,0.9884690885999796
0.001352489,0.9773243202340716,0.9998967768573714,0.9884816971065996
0.001354754,0.9773736252648573,0.9998967768573714,0.9885069150848379
0.0013558269,0.9773982796458391,0.9998967768573714,0.9885195245564808
0.0013585687,0.9774229352706725,0.9998967768573714,0.9885321343498226
0.0013591647,0.9774475921394515,0.9998967768573714,0.9885447444648756
0.001373291,0.9774722502522705,0.9998967768573714,0.9885573549016522
0.0013768673,0.9774969096092232,0.9998967768573714,0.9885699656601646
0.0013942122,0.9775462320559074,0.9998967768573714,0.9885951881424463
0.0013965964,0.9775708951458271,0.9998967768573714,0.98860779986624
0.0014029145,0.9775955594802573,0.9998967768573714,0.9886204119118192
0.0014050603,0.9776202250592926,0.9998967768573714,0.9886330242791956
0.0014093518,0.9776695599515542,0.9998967768573714,0.9886582499793899
0.0014107823,0.9776942292649693,0.9998967768573714,0.9886708633122324
0.0014109015,0.9777188998233661,0.9998967768573714,0.9886834769669217
0.0014128685,0.9777435716268389,0.9998967768573714,0.9886960909434699
0.0014135838,0.977768244675482,0.9998967768573714,0.9887087052418897
0.001425147,0.9777929189693896,0.9998967768573714,0.988721319862193
0.0014269352,0.9778175945086559,0.9998967768573714,0.9887339348043921
0.0014321804,0.9778422712933754,0.9998967768573714,0.9887465500684998
0.0014334321,0.9778669493236423,0.9998967768573714,0.9887591656545279
0.0014387965,0.9778916285995508,0.9998967768573714,0.9887717815624891
0.001443088,0.9779409908886701,0.9998967768573714,0.9887970143442594
0.0014463067,0.9779656739020697,0.9998967768573714,0.9888096312180933
0.0014483333,0.9779903581614882,0.9998967768573714,0.9888222484139093
0.0014644861,0.9780397304187596,0.9998967768573714,0.9888474837715375
0.0014752746,0.9780644184168013,0.9998967768573714,0.9888601019333743
0.0014753938,0.9780891076612395,0.9998967768573714,0.9888727204172426
0.001486361,0.9781137981521685,0.9998967768573714,0.9888853392231549
0.0014918447,0.9781384898896827,0.9998967768573714,0.9888979583511232
0.00149858,0.9781631828738766,0.9998967768573714,0.98891057780116
0.0015012026,0.9782125725826811,0.9998967768573714,0.9889358176674888
0.0015051365,0.9782372693074807,0.9998967768573714,0.9889484380838052
0.0015169978,0.9782619672793375,0.9998967768573714,0.9889610588222396
0.0015236735,0.9782866664983463,0.9998967768573714,0.988973679882804
0.0015249848,0.9783113669646013,0.9998967768573714,0.988986301265511
0.0015261769,0.9783607716392284,0.9998967768573714,0.989011544997402
0.0015265346,0.9783854758477893,0.9998967768573714,0.9890241673466106
0.0015358925,0.9784101813039745,0.9998967768573714,0.989036790018011
0.0015532374,0.9784348880078786,0.9998967768573714,0.9890494130116156
0.0015588403,0.978459595959596,0.9998967768573714,0.9890620363274369
0.0015590787,0.9784843051592212,0.9998967768573714,0.9890746599654869
0.0015625358,0.9785090156068488,0.9998967768573714,0.989087283925778
0.0015628934,0.9785337273025734,0.9998967768573714,0.9890999082083228
0.0015643239,0.9785584402464895,0.9998967768573714,0.9891125328131335
0.0015651584,0.9786078698792746,0.9998967768573714,0.9891377829896019
0.001576066,0.9786325865683327,0.9998967768573714,0.9891504085612842
0.0015901327,0.9786573045059608,0.9998967768573714,0.9891630344552818
0.0016009212,0.9786820236922533,0.9998967768573714,0.989175660671607
0.0016029477,0.9787314658112102,0.9998967768573714,0.9892009140712895
0.0016060472,0.9787561887440639,0.9998967768573714,0.9892135412546716
0.0016179085,0.9787809129259606,0.9998967768573714,0.9892261687604306
0.001618743,0.9788056383569949,0.9998967768573714,0.9892387965885789
0.0016194582,0.9792509098261222,0.9998967768573714,0.9894661526378992
0.001621604,0.9792756590087699,0.9998967768573714,0.9894787865937908
0.0016256571,0.979325161127259,0.9998967768573714,0.9895040554734961
0.0016319156,0.9793746682506382,0.9998967768573714,0.9895293256438452
0.0016379952,0.9793994236893989,0.9998967768573714,0.9895419612130425
0.0016413331,0.9794241803796668,0.9998967768573714,0.9895545971049379
0.001655221,0.9794489383215369,0.9998967768573714,0.9895672333195438
0.0016620159,0.979473697515104,0.9998967768573714,0.9895798698568726
0.0016642213,0.9794984579604631,0.9998967768573714,0.9895925067169365
0.0016683936,0.9795232196577092,0.9998967768573714,0.9896051438997482
0.0016692281,0.979547982606937,0.9998967768573714,0.9896177814053199
0.0016719699,0.9795727468082417,0.9998967768573714,0.9896304192336639
0.0016820431,0.9795975122617182,0.9998967768573714,0.9896430573847926
0.0016884804,0.9796222789674613,0.9998967768573714,0.9896556958587183
0.0016922951,0.9796470469255664,0.9998967768573714,0.9896683346554535
0.0016957521,0.9796718161361281,0.9998967768573714,0.9896809737750104
0.0016965866,0.9796965865992414,0.9998967768573714,0.9896936132174017
0.0017054677,0.9797213583150016,0.9998967768573714,0.9897062529826395
0.0017134547,0.9797709055048424,0.9998967768573714,0.9897315334817041
0.001718998,0.979795680979113,0.9998967768573714,0.9897441742155558
0.0017225742,0.9798204577064105,0.9998967768573714,0.9897568152723033
0.0017259121,0.9798452356868299,0.9998967768573714,0.9897694566519595
0.0017372966,0.9798700149204663,0.9998967768573714,0.9897820983545363
0.0017376542,0.9798947954074149,0.9998967768573714,0.9897947403800462
0.0017402768,0.9799195771477707,0.9998967768573714,0.9898073827285019
0.0017469525,0.9807629027767231,0.9998967768573714,0.990237414816971
0.0017549992,0.9807877284463119,0.9998967768573714,0.9902500684763206
0.0017569065,0.9808125553727376,0.9998967768573714,0.9902627224590617
0.0017692447,0.9808373835560956,0.9998967768573714,0.9902753767652065
0.0017732978,0.9808870436939902,0.9998967768573714,0.9903006863477571
0.0017804503,0.9809118756487177,0.9998967768573714,0.9903133416241878
0.0017829537,0.9809367088607595,0.9998967768573714,0.9903259972240719
0.0017865896,0.981110576557871,0.9998967768573714,0.9904145954809979
0.0018052459,0.9811354198318647,0.9998967768573714,0.9904272536689557
0.0018061996,0.9811602643640324,0.9998967768573714,0.9904399121804784
0.0018063188,0.9812099572032718,0.9998967768573714,0.990465230174269
0.0018101335,0.9812348055105349,0.9998967768573714,0.9904778896565615
0.0018186569,0.9812596550763543,0.9998967768573714,0.9904905494624688
0.0018233061,0.9812845059008256,0.9998967768573714,0.9905032095920028
0.0018284321,0.9813093579840446,0.9998967768573714,0.9905158700451766
0.0018422008,0.9813342113261068,0.9998967768573714,0.9905285308220022
0.0018424392,0.9813590659271079,0.9998967768573714,0.9905411919224922
0.0018520355,0.9813839217871435,0.9998967768573714,0.9905538533466588
0.0018529892,0.9814087789063094,0.9998967768573714,0.9905665150945147
0.0018655062,0.9814336372847011,0.9998967768573714,0.9905791771660719
0.0018696189,0.9814833578195451,0.9998967768573714,0.9906045022803409
0.0018749833,0.9815082199761886,0.9998967768573714,0.9906171653230773
0.0018756986,0.9815330833924409,0.9998967768573714,0.990629828689565
0.0018798709,0.9815579480683977,0.9998967768573714,0.9906424923798164
0.001881063,0.9815828140041546,0.9998967768573714,0.9906551563938436
0.0018888712,0.9816076811998075,0.9998967768573714,0.9906678207316593
0.0018917322,0.981632549655452,0.9998967768573714,0.990680485393276
0.0019003749,0.9816574193711839,0.9998967768573714,0.990693150378706
0.0019081235,0.9816822903470991,0.9998967768573714,0.9907058156879617
0.0019140244,0.9817071625832933,0.9998967768573714,0.9907184813210554
0.0019248724,0.9817569108369018,0.9998967768573714,0.9907438135588071
0.001932919,0.9817817868545077,0.9998967768573714,0.9907564801634899
0.0019364953,0.9818066641327758,0.9998967768573714,0.9907691470920603
0.001937449,0.9818564224716824,0.9998967768573714,0.9907944819209146
0.0019446611,0.9818813035325122,0.9998967768573714,0.9908071498212231
0.0019463301,0.9819061858543878,0.9998967768573714,0.9908198180454691
0.0019561052,0.9819310694374049,0.9998967768573714,0.990832486593665
0.001964748,0.9819559542816595,0.9998967768573714,0.9908451554658234
0.0019649863,0.9819808403872472,0.9998967768573714,0.9908578246619565
0.0019819736,0.9820306163828062,0.9998967768573714,0.9908831640261969
0.001999557,0.9820555062729692,0.9998967768573714,0.990895834194329
0.0020074844,0.9820803974248492,0.9998967768573714,0.9909085046864855
0.0020127296,0.9821052898385421,0.9998967768573714,0.990921175502679
0.0020145178,0.9821301835141437,0.9998967768573714,0.990933846642922
0.0020365715,0.9821550784517503,0.9998967768573714,0.9909465181072267
0.0020440817,0.9821799746514576,0.9998967768573714,0.9909591898956055
0.0020455122,0.9822048721133616,0.9998967768573714,0.990971862008071
0.0020468235,0.9822297708375584,0.9998967768573714,0.9909845344446356
0.0020474195,0.9822546708241437,0.9998967768573714,0.9909972072053119
0.0020480752,0.982279572073214,0.9998967768573714,0.991009880290112
0.0020506978,0.9823293783591928,0.9998967768573714,0.9910352274321338
0.002051413,0.9823542833962934,0.9998967768573714,0.9910479014893805
0.0020584464,0.9823791896962629,0.9998967768573714,0.9910605758708009
0.0020623207,0.9824539161743452,0.9998967768573714,0.9910986009602286
0.0020676851,0.9824788275267509,0.9998967768573714,0.9911112766384682
0.0020768046,0.9825037401425057,0.9998967768573714,0.9911239526409436
0.0021063685,0.9825286540217061,0.9998967768573714,0.9911366289676675
0.0021070838,0.9825535691644478,0.9998967768573714,0.9911493056186519
0.0021108985,0.9825784855708272,0.9998967768573714,0.9911619825939096
0.0021181703,0.9826283221748834,0.9998967768573714,0.9911873375172949
0.0021190047,0.9827030865606533,0.9998967768573714,0.9912253723347327
0.002126813,0.9827280105508776,0.9998967768573714,0.9912380512558913
0.002130866,0.9827529358054126,0.9998967768573714,0.99125073050141
0.0021312237,0.9827778623243545,0.9998967768573714,0.9912634100713016
0.002131343,0.9828027901077996,0.9998967768573714,0.9912760899655784
0.002134025,0.9828526494685843,0.9998967768573714,0.9913014507273376
0.0021407008,0.9828775810461163,0.9998967768573714,0.9913141315948447
0.0021505356,0.9829025138885366,0.9998967768573714,0.991326812786787
0.0021600723,0.9829274479959411,0.9998967768573714,0.9913394943031767
0.0021603107,0.9829773200060886,0.9998967768573714,0.9913648583093484
0.00216043,0.9830022579090241,0.9998967768573714,0.9913775407991554
0.0021626353,0.983027197077329,0.9998967768573714,0.9913902236134595
0.002168715,0.9830521375110999,0.9998967768573714,0.9914029067522734
0.0021696687,0.9830770792104329,0.9998967768573714,0.9914155902156095
0.0021767616,0.9831020221754243,0.9998967768573714,0.9914282740034803
0.0021768808,0.9831269664061707,0.9998967768573714,0.9914409581158983
0.002179265,0.9831519119027683,0.9998967768573714,0.9914536425528757
0.0021864176,0.9831768586653133,0.9998967768573714,0.9914663273144252
0.0021976829,0.9832018066939024,0.9998967768573714,0.9914790124005591
0.0022016168,0.9832267559886317,0.9998967768573714,0.99149169781129
0.0022079945,0.9832517065495978,0.9998967768573714,0.9915043835466304
0.00221771,0.9833016114706256,0.9998967768573714,0.991529755991189
0.0022202134,0.9833265658308801,0.9998967768573714,0.9915424427004322
0.002225697,0.9833515214577571,0.9998967768573714,0.9915551297343348
0.0022284389,0.9833764783513528,0.9998967768573714,0.9915678170929091
0.002230525,0.9834014365117637,0.9998967768573714,0.9915805047761674
0.002231121,0.9834263959390863,0.9998967768573714,0.9915931927841225
0.0022355318,0.9834763185948525,0.9998967768573714,0.9916185697741722
0.0022389889,0.9835012818234891,0.9998967768573714,0.991631258756292
0.0022454858,0.9838259191549868,0.9998967768573714,0.991796245080318
0.0022493005,0.9838509001345759,0.9998967768573714,0.9918089386100234
0.0022510886,0.9838758823828145,0.9998967768573714,0.9918216324646498
0.0022514462,0.9839008658997994,0.9998967768573714,0.9918343266442098
0.0022553205,0.9839258506856272,0.9998967768573714,0.9918470211487159
0.0022556782,0.9839508367403946,0.9998967768573714,0.9918597159781806
0.0022598505,0.9839758240641983,0.9998967768573714,0.991872411132616
0.0022602081,0.9840008126571349,0.9998967768573714,0.9918851066120352
0.002262473,0.984025802519301,0.9998967768573714,0.9918978024164501
0.0022644997,0.9840507936507936,0.9998967768573714,0.9919104985458737
0.0022666454,0.9841007797221446,0.9998967768573714,0.9919358917797958
0.0022743344,0.9841257746621965,0.9998967768573714,0.9919485888843195
0.0022794604,0.9841507708719616,0.9998967768573714,0.9919612863139015
0.0022819042,0.9842257671205039,0.9998967768573714,0.9919993805531223
0.0023024678,0.9842507684100896,0.9998967768573714,0.9920120792830627
0.0023041368,0.9842757709698725,0.9998967768573714,0.9920247783381237
0.0023071766,0.9843007747999492,0.9998967768573714,0.992037477718318
0.002309084,0.9845759007978858,0.9998967768573714,0.9921771923628229
0.0023100376,0.9846009198790435,0.9998967768573714,0.9921898956455906
0.002317667,0.9846259402317544,0.9998967768573714,0.9922025992536538
0.0023255944,0.9847260343600691,0.9998967768573714,0.9922534169391134
0.002326429,0.9847510610720004,0.9998967768573714,0.9922661221738424
0.0023335218,0.9847760890560667,0.9998967768573714,0.9922788277339422
0.0023356676,0.9848261488409923,0.9998967768573714,0.992304239830303
0.002339363,0.9848511806420456,0.9998967768573714,0.9923169463665895
0.002341032,0.984876213715622,0.9998967768573714,0.9923296532282966
0.0023452044,0.9849012480618184,0.9998967768573714,0.9923423604154368
0.0023502707,0.9849262836807321,0.9998967768573714,0.9923550679280226
0.0023539662,0.9850264388854992,0.9998967768573714,0.9924059012330723
0.0023558736,0.9850765241267098,0.9998967768573714,0.9924313198385959
0.0023593903,0.9851015686573615,0.9998967768573714,0.9924440296296515
0.0023607016,0.9851767098906687,0.9998967768573714,0.9924821609561414
0.002363205,0.9852017595158788,0.9998967768573714,0.9924948720494543
0.002377808,0.9852268104149715,0.9998967768573714,0.9925075834683631
0.0023908615,0.985276916035193,0.9998967768573714,0.9925330072830177
0.0023936033,0.9853520840220736,0.9998967768573714,0.9925711454472803
0.0024131536,0.9854022023854938,0.9998967768573714,0.9925965725184549
0.0024251342,0.9854773894908184,0.9998967768573714,0.9926347155679668
0.0024328232,0.9855525880707109,0.9998967768573714,0.9926728615490786
0.002440691,0.985602726833363,0.9998967768573714,0.992698293831987
0.0024464726,0.9856528706977691,0.9998967768573714,0.9927237274180791
0.0024499297,0.9856779445433732,0.9998967768573714,0.9927364446998503
0.0024573803,0.9857030196647079,0.9998967768573714,0.9927491623074551
0.0024613142,0.9857280960618704,0.9998967768573714,0.992761880240906
0.0024619102,0.9858534971885098,0.9998967768573714,0.9928254747962888
0.0024721026,0.9858785812426849,0.9998967768573714,0.9928381946850787
0.0024830103,0.9859036665733696,0.9998967768573714,0.9928509148998025
0.002483964,0.9859287531806615,0.9998967768573714,0.9928636354404724
0.0024914742,0.9859538410646581,0.9998967768573714,0.992876356307101
0.0024952292,0.9859789302254568,0.9998967768573714,0.9928890774997011
0.002506256,0.9860291123778502,0.9998967768573714,0.9929145208628651
0.0025084019,0.98605420536964,0.9998967768573714,0.9929272430334541
0.002514124,0.9860792996386216,0.9998967768573714,0.9929399655300646
0.002524078,0.9861545901096943,0.9998967768573714,0.9929781349761498
0.0025297403,0.9861796894884195,0.9998967768573714,0.9929908587769712
0.0025357008,0.9862549952910632,0.9998967768573714,0.9930290321359904
0.0025371313,0.9862800997810925,0.9998967768573714,0.9930417572412233
0.0025476813,0.9863052055491918,0.9998967768573714,0.9930544826725906
0.0025479198,0.9863303125954587,0.9998967768573714,0.9930672084301047
0.002552271,0.9863805305228858,0.9998967768573714,0.993092660923623
0.0025595427,0.9864056414042413,0.9998967768573714,0.9931053876596525
0.0025643706,0.9864307535641548,0.9998967768573714,0.9931181147218789
0.0025761127,0.9864809817200468,0.9998967768573714,0.9931435698249728
0.0025852919,0.9865060977162207,0.9998967768573714,0.9931562978658652
0.0025895238,0.9865312149913433,0.9998967768573714,0.9931690262330048
0.0025981665,0.9865563335455124,0.9998967768573714,0.9931817549264041
0.0026279688,0.9865814533788256,0.9998967768573714,0.9931944839460753
0.0026482344,0.9866065744913809,0.9998967768573714,0.9932072132920315
0.0026527643,0.9866316968832756,0.9998967768573714,0.9932199429642848
0.0026798844,0.9866568205546077,0.9998967768573714,0.993232672962848
0.0026816726,0.9866819455054749,0.9998967768573714,0.9932454032877336
0.0027341843,0.9867070717359749,0.9998967768573714,0.9932581339389541
0.0027388334,0.9867573280362646,0.9998967768573714,0.99328359622045
0.0027522445,0.9867824581062496,0.9998967768573714,0.9932963278507505
0.0027804375,0.9868075894562588,0.9998967768573714,0.9933090598074362
0.002784133,0.9868327220863896,0.9998967768573714,0.9933217920905194
0.002804041,0.9868578559967399,0.9998967768573714,0.993334524700013
0.002813518,0.9868829911874076,0.9998967768573714,0.9933472576359291
0.0028170347,0.9869584044422934,0.9998967768573714,0.9933854584023399
0.0028185844,0.9869835447552091,0.9998967768573714,0.9933981926440729
0.0028352141,0.9870589733791874,0.9998967768573714,0.9934363973282349
0.0028431416,0.9870841188159168,0.9998967768573714,0.9934491328759851
0.0028769374,0.9871092655338446,0.9998967768573714,0.9934618687502713
0.0028790832,0.9871344135330684,0.9998967768573714,0.9934746049511056
0.0028939843,0.9871595628136863,0.9998967768573714,0.9934873414785009
0.002894938,0.9871847133757962,0.9998967768573714,0.9935000783324696
0.0029010773,0.987209865219496,0.9998967768573714,0.9935128155130244
0.0029136539,0.9872601727520575,0.9998967768573714,0.9935382908539421
0.0029149652,0.987285328441115,0.9998967768573714,0.9935510290143301
0.002924323,0.9873104854121544,0.9998967768573714,0.9935637675013546
0.0029275417,0.9873356436652737,0.9998967768573714,0.9935765063150276
0.0029321313,0.9873608032005708,0.9998967768573714,0.9935892454553623
0.0029366612,0.9874111261180908,0.9998967768573714,0.9936147247160656
0.0029501915,0.9875117873435788,0.9998967768573714,0.9936656871579622
0.0029578805,0.9875621256531159,0.9998967768573714,0.9936911703393561
0.002961278,0.987587296732426,0.9998967768573714,0.9937039124202086
0.0029631853,0.9876124690948946,0.9998967768573714,0.993716654827848
0.0030038357,0.9876376427406199,0.9998967768573714,0.9937293975622872
0.003008604,0.9876628176697,0.9998967768573714,0.9937421406235384
0.0030325055,0.9876879938822329,0.9998967768573714,0.9937548840116145
0.0030792952,0.987713171378317,0.9998967768573714,0.993767627726528
0.0030887723,0.9877383501580503,0.9998967768573714,0.9937803717682914
0.0031163096,0.9877635302215311,0.9998967768573714,0.9937931161369172
0.0031186342,0.9877887115688574,0.9998967768573714,0.9938058608324183
0.0031206608,0.9878138942001274,0.9998967768573714,0.9938186058548069
0.0031539798,0.9878390781154395,0.9998967768573714,0.9938313512040955
0.0031769276,0.9878642633148917,0.9998967768573714,0.9938440968802972
0.0032016635,0.9878894497985824,0.9998967768573714,0.9938568428834241
0.003203094,0.9880909879124803,0.9998967768573714,0.9939588226792632
0.0032078624,0.9881665859070159,0.9998967768573714,0.9939970704984938
0.0032388568,0.988216990996965,0.9998967768573714,0.9940225706800085
0.0032468438,0.9882421954703122,0.9998967768573714,0.9940353212614117
0.0032500029,0.9882674012293723,0.9998967768573714,0.9940480721699291
0.0032591224,0.9882926082742437,0.9998967768573714,0.9940608234055733
0.003261745,0.9883178166050248,0.9998967768573714,0.9940735749683569
0.0032653213,0.9883430262218141,0.9998967768573714,0.9940863268582922
0.0032821298,0.9883682371247099,0.9998967768573714,0.994099079075392
0.0032933354,0.9883934493138106,0.9998967768573714,0.994111831619669
0.0032957196,0.9884438775510204,0.9998967768573714,0.9941373376898043
0.0033319592,0.9884690935993266,0.9998967768573714,0.994150091215688
0.0033451319,0.9884943109342313,0.9998967768573714,0.9941628450687992
0.0033456087,0.9885447494642311,0.9998967768573714,0.9941883537567541
0.003350675,0.9885951931418074,0.9998967768573714,0.9942138637537697
0.0033513904,0.9886204169111831,0.9998967768573714,0.9942266192432071
0.0033528209,0.9886456419677485,0.9998967768573714,0.9942393750599474
0.0033883452,0.9886708683116021,0.9998967768573714,0.9942521312040032
0.0034102201,0.9886960959428426,0.9998967768573714,0.9942648876753875
0.0034322739,0.9887213248615683,0.9998967768573714,0.9942776444741123
0.0034439564,0.9887465550678779,0.9998967768573714,0.9942904016001907
0.0034524798,0.98877178656187,0.9998967768573714,0.994303159053635
0.0034822226,0.9887970193436432,0.9998967768573714,0.994315916834458
0.003483057,0.9888222534132959,0.9998967768573714,0.994328674942672
0.0034888387,0.9888474887709269,0.9998967768573714,0.9943414333782901
0.003548503,0.9888727254166347,0.9998967768573714,0.9943541921413245
0.00355196,0.988897963350518,0.9998967768573714,0.9943669512317878
0.0035653114,0.9889232025726755,0.9998967768573714,0.994379710649693
0.003573358,0.9889484430832057,0.9998967768573714,0.9943924703950521
0.0035871863,0.9889736848822073,0.9998967768573714,0.9944052304678783
0.003596902,0.988998927969779,0.9998967768573714,0.994417990868184
0.003608644,0.9890241723460194,0.9998967768573714,0.9944307515959815
0.0036389232,0.9890494180110272,0.9998967768573714,0.9944435126512838
0.0036421418,0.989074664964901,0.9998967768573714,0.9944562740341034
0.0036577582,0.9890999132077398,0.9998967768573714,0.9944690357444529
0.0036681294,0.9891251627396421,0.9998967768573714,0.9944817977823447
0.0036942959,0.9891504135607067,0.9998967768573714,0.9944945601477918
0.0037038922,0.9891756656710321,0.9998967768573714,0.9945073228408066
0.0037077665,0.9892009190707174,0.9998967768573714,0.9945200858614015
0.0037164092,0.9892514297385621,0.9998967768573714,0.9945456128853831
0.0037189126,0.9892766870069191,0.9998967768573714,0.9945583768887947
0.0037301779,0.9893019455650309,0.9998967768573714,0.9945711412198373
0.0037727356,0.9893272054129963,0.9998967768573714,0.9945839058785232
0.0037950873,0.9893524665509141,0.9998967768573714,0.9945966708648649
0.0038038492,0.9894029926970022,0.9998967768573714,0.9946222018205672
0.0038859844,0.9894282577053701,0.9998967768573714,0.9946349677899526
0.0038909316,0.9895040604729557,0.9998967768573714,0.9946732676643987
0.0039008856,0.9895293306433077,0.9998967768573714,0.9946860349446858
0.0039212108,0.9895798748563401,0.9998967768573714,0.9947115704885436
0.003941059,0.9896051488992185,0.9998967768573714,0.9947243387521396
0.0039779544,0.9896304242331366,0.9998967768573714,0.9947371073435302
0.0040171146,0.9896557008581937,0.9998967768573714,0.9947498762627283
0.0040275455,0.9896809787744886,0.9998967768573714,0.9947626455097466
0.0040388703,0.9897062579821201,0.9998967768573714,0.9947754150845974
0.004083097,0.9897568202717891,0.9998967768573714,0.9948009552178478
0.0040916204,0.9897821033540246,0.9998967768573714,0.9948137257762725
0.0041392446,0.9898073877279926,0.9998967768573714,0.9948264966625803
0.004186332,0.9898326733937923,0.9998967768573714,0.994839267876784
0.0042054653,0.9898579603515226,0.9998967768573714,0.9948520394188962
0.0042132735,0.9898832486012825,0.9998967768573714,0.9948648112889295
0.004221678,0.989908538143171,0.9998967768573714,0.9948775834868963
0.004244566,0.9899338289772872,0.9998967768573714,0.9948903560128096
0.004251182,0.9899844145225989,0.9998967768573714,0.9949159020485256
0.004269898,0.9900097092339926,0.9998967768573714,0.9949286755583538
0.004310429,0.99003500523801,0.9998967768573714,0.9949414493961787
0.004320264,0.9900603025347506,0.9998967768573714,0.9949542235620131
0.004333496,0.9901868084127674,0.9998967768573714,0.9950180993117701
0.004379809,0.9902121134679274,0.9998967768573714,0.9950308754459268
0.004381895,0.9902374198165044,0.9998967768573714,0.9950436519081817
0.0044028163,0.9902627274585974,0.9998967768573714,0.9950564286985469
0.004409313,0.9902880363943057,0.9998967768573714,0.9950692058170354
0.004434526,0.9903133466237285,0.9998967768573714,0.9950819832636598
0.0044779778,0.9903386581469649,0.9998967768573714,0.9950947610384328
0.0044820905,0.9903639709641141,0.9998967768573714,0.9951075391413667
0.0044944286,0.9903892850752755,0.9998967768573714,0.9951203175724748
0.0045200586,0.9904146004805481,0.9998967768573714,0.9951330963317689
0.0045205355,0.9904652351738241,0.9998967768573714,0.9951586548349673
0.0045247674,0.9904905544620262,0.9998967768573714,0.9951714345788969
0.0045468807,0.9905158750447365,0.9998967768573714,0.9951842146510634
0.0045617223,0.9905411969220543,0.9998967768573714,0.9951969950514794
0.004568696,0.9905665200940792,0.9998967768573714,0.9952097757801579
0.004574716,0.9906171703226466,0.9998967768573714,0.9952353382223524
0.0045903325,0.9906678257312334,0.9998967768573714,0.9952609019777477
0.004595995,0.9907184863206341,0.9998967768573714,0.9952864670464452
0.0046433806,0.9907438185583881,0.9998967768573714,0.9952992500733141
0.004676044,0.9907691520916436,0.9998967768573714,0.9953120334285463
0.0046797395,0.9907944869205002,0.9998967768573714,0.9953248171121548
0.0046976805,0.990819823045057,0.9998967768573714,0.9953376011241519
0.004789412,0.9908451604654136,0.9998967768573714,0.9953503854645506
0.0047985315,0.9908704991816694,0.9998967768573714,0.9953631701333633
0.004825771,0.9908958391939238,0.9998967768573714,0.995375955130603
0.004840672,0.990946523106826,0.9998967768573714,0.995401526110413
0.0048502088,0.9909972122049158,0.9998967768573714,0.9954270984040821
0.0048630834,0.9910986059598414,0.9998967768573714,0.9954782469334019
0.0048648715,0.9911493106182693,0.9998967768573714,0.9955038231692553
0.004899204,0.9912000204650687,0.9998967768573714,0.9955294007193729
0.0049049854,0.9912253773343566,0.9998967768573714,0.9955421899873124
0.0049150586,0.9912507355010362,0.9998967768573714,0.995554979583856
0.004924834,0.9912760949652067,0.9998967768573714,0.995567769509016
0.004938543,0.991301455726968,0.9998967768573714,0.9955805597628055
0.0050209165,0.9913521811436613,0.9998967768573714,0.9956061412563232
0.005086422,0.9914029117519126,0.9998967768573714,0.9956317240645102
0.005089581,0.9914282790031217,0.9998967768573714,0.9956445159616364
0.0050911307,0.9914536475525191,0.9998967768573714,0.9956573081874679
0.005129218,0.9914790174002047,0.9998967768573714,0.9956701007420173
0.0051503778,0.9915043885462781,0.9998967768573714,0.9956828936252976
0.0051556826,0.9915297609908388,0.9998967768573714,0.9956956868373212
0.005214989,0.9916058861164427,0.9998967768573714,0.9957340684459788
0.0052636266,0.9916312637559502,0.9998967768573714,0.9957468629731026
0.005266547,0.9916820229320229,0.9998967768573714,0.9957724530137828
0.005271852,0.9918089436096962,0.9998967768573714,0.9958364338702668
0.005282581,0.9918343316438847,0.9998967768573714,0.9958492310281992
0.0053019524,0.9918597209778575,0.9998967768573714,0.9958620285150399
0.0053290725,0.9918851116117141,0.9998967768573714,0.9958748263308013
0.005340755,0.9919105035455547,0.9998967768573714,0.9958876244754962
0.005346775,0.9919358967794788,0.9998967768573714,0.9959004229491373
0.0053571463,0.9919866871479774,0.9998967768573714,0.9959260208833088
0.005363643,0.9920120842827518,0.9998967768573714,0.9959388203438646
0.0053653717,0.9920628824538495,0.9998967768573714,0.9959644202519796
0.0053685904,0.9920882834903728,0.9998967768573714,0.9959772206995641
0.005371988,0.9921136858276789,0.9998967768573714,0.9959900214761837
0.005378008,0.9921390894658678,0.9998967768573714,0.9960028225818508
0.0054228306,0.9921644944050393,0.9998967768573714,0.9960156240165783
0.0054509044,0.9921899006452934,0.9998967768573714,0.996028425780379
0.005497217,0.9922153081867302,0.9998967768573714,0.9960412278732653
0.005512297,0.9922407170294494,0.9998967768573714,0.99605403029525
0.0055233836,0.9922661271735512,0.9998967768573714,0.996066833046346
0.0055369735,0.9922915386191354,0.9998967768573714,0.9960796361265657
0.0055400133,0.9923169513663022,0.9998967768573714,0.9960924395359216
0.0055505037,0.9923423654151513,0.9998967768573714,0.996105243274427
0.005551219,0.9923931974182973,0.9998967768573714,0.9961308517389359
0.0055537224,0.9924186153727941,0.9998967768573714,0.9961436564649649
0.005556166,0.9924440346293735,0.9998967768573714,0.996156461520194
0.0056020617,0.9924694551881356,0.9998967768573714,0.9961692669046356
0.005625367,0.9924948770491804,0.9998967768573714,0.9961820726183026
0.0058820248,0.9927237324178217,0.9998967768573714,0.9962973388585411
0.0059254766,0.9927491673071996,0.9998967768573714,0.99631014786516
0.0059627295,0.9927746034999616,0.9998967768573714,0.9963229572011439
0.0060003996,0.9928000409962079,0.9998967768573714,0.9963357668665056
0.006113112,0.9928509198995541,0.9998967768573714,0.996361387185413
0.0061441064,0.9928763613068545,0.9998967768573714,0.9963741978389841
0.0061600804,0.9929018040180402,0.9998967768573714,0.9963870088219839
0.006198585,0.9929526933524678,0.9998967768573714,0.99641263177632
0.006310582,0.9929781399759104,0.9998967768573714,0.9964254437476817
0.0063169003,0.9930035879036392,0.9998967768573714,0.9964382560485227
0.006367266,0.9930290371357544,0.9998967768573714,0.9964510686788558
0.0063896775,0.9930544876723564,0.9998967768573714,0.9964638816386939
0.006498158,0.9930799395135453,0.9998967768573714,0.9964766949280495
0.006596625,0.9931053926594218,0.9998967768573714,0.9964895085469353
0.006642878,0.9931308471100858,0.9998967768573714,0.9965023224953641
0.006670177,0.9931563028656379,0.9998967768573714,0.9965151367733486
0.0066848397,0.9931817599261784,0.9998967768573714,0.9965279513809014
0.006691098,0.9932072182918077,0.9998967768573714,0.9965407663180355
0.0067200065,0.9932326779626259,0.9998967768573714,0.9965535815847631
0.0067221522,0.9932581389387336,0.9998967768573714,0.9965663971810974
0.006725788,0.9932836012202312,0.9998967768573714,0.9965792131070509
0.0068698525,0.993309064807219,0.9998967768573714,0.9965920293626365
0.0070561767,0.9934873464782954,0.9998967768573714,0.9966817523824986
0.007073343,0.9935128205128205,0.9998967768573714,0.9966945712755977
0.0071864724,0.9935382958537399,0.9998967768573714,0.9967073904984434
0.0072755218,0.9935637725011539,0.9998967768573714,0.996720210051048
0.007324517,0.9935892504551632,0.9998967768573714,0.9967330299334246
0.007346511,0.9936147297158683,0.9998967768573714,0.9967458501455859
0.0074079037,0.9936402102833697,0.9998967768573714,0.9967586706875445
0.0074869394,0.9936656921577679,0.9998967768573714,0.9967714915593131
0.0075568557,0.9936655297104608,0.9998709710717143,0.9967585873029916
0.007592857,0.9936910135412392,0.9998709710717143,0.9967714085035146
0.007611096,0.9937164986791823,0.9998709710717143,0.9967842300338775
0.007632911,0.9937674728769653,0.9998709710717143,0.9968098740841735
0.0077013373,0.9937929619370063,0.9998709710717143,0.996822696604132
0.0077352524,0.9938184523046144,0.9998709710717143,0.9968355194539812
0.0077753067,0.9938439439798902,0.9998709710717143,0.9968483426337337
0.007856846,0.9938694369629345,0.9998709710717143,0.9968611661434024
0.007860005,0.9938949312538478,0.9998709710717143,0.9968739899829999
0.007908106,0.9939204268527306,0.9998709710717143,0.9968868141525391
0.008003771,0.9939714219748083,0.9998709710717143,0.9969124634814929
0.008026063,0.9939969214982042,0.9998709710717143,0.9969252886409332
0.008127749,0.9940224223299725,0.9998709710717143,0.996938114130366
0.008150339,0.994047924470214,0.9998709710717143,0.996950939949804
0.008156002,0.9940734279190292,0.9998709710717143,0.9969637660992602
0.008257866,0.9940989326765188,0.9998709710717143,0.9969765925787469
0.00833559,0.9941244387427839,0.9998709710717143,0.9969894193882771
0.008355796,0.9941499461179247,0.9998709710717143,0.9970022465278636
0.00836724,0.9941754548020424,0.9998709710717143,0.997015073997519
0.0084575415,0.9942009647952376,0.9998709710717143,0.9970279017972562
0.008472979,0.9942264760976111,0.9998709710717143,0.9970407299270878
0.008518934,0.9942519887092636,0.9998709710717143,0.9970535583870266
0.008521974,0.9942775026302959,0.9998709710717143,0.9970663871770853
0.008523881,0.9943030178608089,0.9998709710717143,0.9970792162972766
0.008616447,0.9943285344009033,0.9998709710717143,0.9970920457476132
0.0087016225,0.9943795714102399,0.9998709710717143,0.9971177056387739
0.008833468,0.9944050918796838,0.9998709710717143,0.9971305360796234
0.009001613,0.9944561367486269,0.9998709710717143,0.997156197951924
0.0090487,0.9944816611483278,0.9998709710717143,0.9971690293834007
0.009051383,0.9945071868583162,0.9998709710717143,0.9971818611451121
0.00910908,0.994532713878693,0.9998709710717143,0.9971946932370711
0.009127557,0.994558242209559,0.9998709710717143,0.9972075256592899
0.0091507435,0.9945837718510152,0.9998709710717143,0.9972203584117818
0.009185851,0.9946093028031625,0.9998709710717143,0.9972331914945591
0.009637833,0.994634835066102,0.9998709710717143,0.9972460249076349
0.00979358,0.9946603686399342,0.9998709710717143,0.9972588586510219
0.010121703,0.9946859035247606,0.9998709710717143,0.9972716927247327
0.010217428,0.9947114397206819,0.9998709710717143,0.9972845271287801
0.010237515,0.9947369772277991,0.9998709710717143,0.997297361863177
0.010389328,0.9947625160462131,0.9998709710717143,0.997310196927936
0.010518432,0.9947880561760251,0.9998709710717143,0.9973230323230698
0.010591745,0.9948135976173359,0.9998709710717143,0.9973358680485914
0.010709941,0.9948391403702468,0.9998709710717143,0.9973487041045135
0.0107883215,0.9948646844348585,0.9998709710717143,0.9973615404908485
0.010790408,0.9948902298112723,0.9998709710717143,0.9973743772076095
0.010864735,0.9949157764995892,0.9998709710717143,0.9973872142548093
0.011004329,0.9949413244999101,0.9998709710717143,0.9974000516324604
0.0112257,0.9949668738123363,0.9998709710717143,0.9974128893405757
0.011256456,0.9949924244369688,0.9998709710717143,0.9974257273791681
0.0113710165,0.9950179763739085,0.9998709710717143,0.9974385657482502
0.011380553,0.9950435296232569,0.9998709710717143,0.9974514044478348
0.011607587,0.9950690841851147,0.9998709710717143,0.9974642434779345
0.011637509,0.9950946400595835,0.9998709710717143,0.9974770828385624
0.011656404,0.9951713155596651,0.9998709710717143,0.9975156029037416
0.011826038,0.9951968766855881,0.9998709710717143,0.9975284435866092
0.011929691,0.9952224391246276,0.9998709710717143,0.9975412846000683
0.012227476,0.9952735679424608,0.9998709710717143,0.9975669676188137
0.01240164,0.995299134321457,0.9998709710717143,0.9975798096241252
0.012442231,0.9953502710201145,0.9998709710717143,0.9976054946266897
0.012458742,0.9953758413399785,0.9998709710717143,0.9976183376239681
0.012651563,0.9954269859212825,0.9998709710717143,0.9976440246105818
0.012729526,0.9954525601829253,0.9998709710717143,0.9976568685999422
0.012853146,0.9954781357586969,0.9998709710717143,0.9976697129200223
0.013164282,0.9956060333530333,0.9998709710717143,0.9977339394816627
0.01326108,0.9956316168157057,0.9998709710717143,0.9977467857863284
0.013296843,0.9956315045612232,0.9998451652860572,0.9977338811278004
0.013610303,0.9956570899933186,0.9998451652860572,0.9977467277625277
0.0138706565,0.9957082648026315,0.9998451652860572,0.9977724220244732
0.013872504,0.9957338541800519,0.9998451652860572,0.9977852696517172
0.013988972,0.9957850368809273,0.9998451652860572,0.9978109658988104
0.014089227,0.9958106302045852,0.9998451652860572,0.9978238145186854
0.014128983,0.9958362248438585,0.9998451652860572,0.9978366634694631
0.014323115,0.9958874180696569,0.9998451652860572,0.9978623623637778
0.014836192,0.995913016656385,0.9998451652860572,0.9978752123073403
0.014836252,0.9959386165591343,0.9998451652860572,0.9978880625818565
0.015145779,0.9959898203131025,0.9998451652860572,0.9979137641238018
0.015456021,0.9960154241645244,0.9998451652860572,0.9979266153912562
0.015533805,0.9960410293323736,0.9998451652860572,0.9979394669897156
0.015622377,0.9960922436177597,0.9998451652860572,0.9979651711797004
0.01591897,0.9961946879901268,0.9998451652860572,0.9980165835322923
0.016001046,0.9962459180787329,0.9998451652860572,0.9980422916951041
0.016037822,0.9962715350989971,0.9998451652860572,0.9980551462731837
0.016246676,0.9962971534367044,0.9998451652860572,0.998068001182396
0.016426623,0.9963227730919564,0.9998451652860572,0.9980808564227541
0.016442657,0.9963740163555007,0.9998451652860572,0.9981065678969586
0.016638458,0.9963996399639964,0.9998451652860572,0.9981194241308305
0.016688824,0.9964252648904434,0.9998451652860572,0.9981322806958993
0.01706338,0.9964765186975979,0.9998451652860572,0.9981579948196786
0.017095208,0.9965277777777778,0.9998451652860572,0.9981837102683989
0.017144918,0.9965790421317969,0.9998451652860572,0.9982094270421625
0.017301321,0.9966046762867505,0.9998451652860572,0.9982222859259678
0.017306685,0.9966559485530546,0.9998451652860572,0.9982480046874886
0.01750362,0.9966815866646087,0.9998451652860572,0.9982608645652299
0.017657816,0.9967328668450298,0.9998451652860572,0.9982865853147385
0.017720401,0.9967585089141004,0.9998451652860572,0.9982994461865313
0.018073618,0.9968097970104711,0.9998451652860572,0.998325168924258
0.018250823,0.9968867390521279,0.9998451652860572,0.9983637555163928
0.018380404,0.996912389038981,0.9998451652860572,0.9983766183766342
0.018696427,0.9969380403458213,0.9998451652860572,0.9983894815683287
0.018700778,0.9969636929727504,0.9998451652860572,0.9984023450914887
0.01885742,0.9970150021872829,0.9998451652860572,0.9984280731322578
0.01919347,0.9970406587750901,0.9998451652860572,0.9984409376498922
0.019228756,0.9970663166833938,0.9998451652860572,0.9984538024990435
0.019352496,0.997091975912296,0.9998451652860572,0.9984666676797245
0.019416332,0.9971432983323039,0.9998451652860572,0.9984923990357277
0.019800961,0.9971432248101917,0.9998193595004,0.9984794940078177
0.020187974,0.997194553831107,0.9998193595004,0.9985052266890969
0.02024597,0.9972458881367275,0.9998193595004,0.9985309606967687
0.02025801,0.9972715572715573,0.9998193595004,0.998543828198034
0.020297468,0.9972972277278694,0.9998193595004,0.9985566960309359
0.020596325,0.997322899505766,0.9998193595004,0.9985695641954871
0.021981299,0.9973485726053491,0.9998193595004,0.9985824326917008
0.02247119,0.997374247026721,0.9998193595004,0.9985953015195895
0.022877336,0.9973999227699832,0.9998193595004,0.9986081706791661
0.023503482,0.9974255998352384,0.9998193595004,0.9986210401704436
0.023803592,0.9974512782225884,0.9998193595004,0.9986339099934344
0.023979425,0.9974769579321353,0.9998193595004,0.9986467801481518
0.024201035,0.9975283213182287,0.9998193595004,0.998672521452817
0.024693847,0.9975540049949793,0.9998193595004,0.9986853926027904
0.024932146,0.9975796899943354,0.9998193595004,0.9986982640845414
0.025964618,0.9976053763163993,0.9998193595004,0.9987111358980832
0.026241839,0.997631063961273,0.9998193595004,0.9987240080434283
0.026320517,0.9976567529290589,0.9998193595004,0.9987368805205895
0.026799142,0.9976824432198589,0.9998193595004,0.9987497533295798
0.026979983,0.9977081348337754,0.9998193595004,0.9987626264704119
0.027056396,0.9977338277709106,0.9998193595004,0.9987754999430988
0.027106166,0.9977595220313666,0.9998193595004,0.9987883737476531
0.027252674,0.997785217615246,0.9998193595004,0.9988012478840878
0.02732116,0.9978109145226506,0.9998193595004,0.9988141223524156
0.028456807,0.997836612753683,0.9998193595004,0.9988269971526493
0.0285393,0.9978623123084451,0.9998193595004,0.9988398722848022
0.028623879,0.9978880131870396,0.9998193595004,0.9988527477488864
0.028916895,0.9979137153895685,0.9998193595004,0.9988656235449154
0.03109622,0.9979394189161344,0.9998193595004,0.9988784996729017
0.031344414,0.9979651237668392,0.9998193595004,0.998891376132858
0.032118917,0.9979908299417856,0.9998193595004,0.9989042529247977
0.032155514,0.9980165374410757,0.9998193595004,0.9989171300487332
0.03221798,0.998042246264812,0.9998193595004,0.9989300075046771
0.03229791,0.9980679564130966,0.9998193595004,0.9989428852926427
0.033058286,0.9980936678860323,0.9998193595004,0.9989557634126428
0.03379023,0.9981193806837211,0.9998193595004,0.9989686418646903
0.035915613,0.9981450948062655,0.9998193595004,0.9989815206487975
0.036960542,0.9981708102537679,0.9998193595004,0.998994399764978
0.0403378,0.9981965270263307,0.9998193595004,0.9990072792132438
0.040472448,0.9982222451240563,0.9998193595004,0.9990201589936085
0.04776925,0.9982479645470473,0.9998193595004,0.9990330391060848
0.050435007,0.9982994073692347,0.9998193595004,0.9990588003274226
0.050552785,0.9983508554937126,0.9998193595004,0.9990845628773606
0.052677512,0.9983765815445667,0.9998193595004,0.9990974446505867
0.05317962,0.9984023089213009,0.9998193595004,0.9991103267560014
0.053892314,0.9984280376240176,0.9998193595004,0.9991232091936174
0.054088414,0.9984537676528193,0.9998193595004,0.9991360919634478
0.058076262,0.9984794990078086,0.9998193595004,0.999148975065505
0.059221864,0.9985052316890882,0.9998193595004,0.9991618584998024
0.059427917,0.9985309656967604,0.9998193595004,0.9991747422663524
0.059814572,0.9985309278350516,0.9997935537147429,0.9991618368846973
0.063256025,0.9985566638315421,0.9997935537147429,0.9991747209832387
0.06608307,0.9985824011546987,0.9997935537147429,0.9991876054140627
0.06822389,0.9985823646158208,0.9997677479290857,0.9991746996990271
0.06847161,0.9986081039282401,0.9997677479290857,0.9991875844618765
0.0715583,0.998633844567599,0.9997677479290857,0.9992004695570388
0.0715611,0.9986595865340001,0.9997677479290857,0.9992133549845268
0.08816171,0.9986853298275462,0.9997677479290857,0.9992262407443533
0.09184909,0.9987110744483398,0.9997677479290857,0.9992391268365308
0.09412235,0.9987368203964837,0.9997677479290857,0.9992520132610729
0.09692031,0.9987625676720804,0.9997677479290857,0.9992649000179917
0.09882456,0.9987883162752327,0.9997677479290857,0.9992777871073006
0.09960717,0.9988140662060431,0.9997677479290857,0.9992906745290123
0.10356295,0.9988398174646145,0.9997677479290857,0.9993035622831398
0.10936999,0.9988655700510494,0.9997677479290857,0.9993164503696956
0.11102587,0.9988913239654506,0.9997677479290857,0.9993293387886928
0.115041375,0.9989170792079208,0.9997677479290857,0.9993422275401441
0.13240051,0.9989428357785628,0.9997677479290857,0.9993551166240626
0.13539082,0.9989685936774793,0.9997677479290857,0.9993680060404612
0.15011615,0.998994352904773,0.9997677479290857,0.9993808957893523
0.15144557,0.9990201134605466,0.9997677479290857,0.9993937858707492
0.17995542,0.9990458753449032,0.9997677479290857,0.9994066762846647
0.22329164,0.9990716385579452,0.9997677479290857,0.9994195670311116
0.26653403,0.9990974030997757,0.9997677479290857,0.9994324581101028
0.2742989,0.9991231689704972,0.9997677479290857,0.9994453495216511
0.2876066,0.9991489361702127,0.9997677479290857,0.9994582412657694
0.33122027,0.9991489142208696,0.9997419421434286,0.9994453352128351
0.40778273,0.9991746834137157,0.9997419421434286,0.9994582272893561
0.4851613,0.9991746621273083,0.9997161363577715,0.9994453209032808
0.5322455,0.9991746408398029,0.9996903305721143,0.9994324141842319
0.56543386,0.9992004126902244,0.9996903305721143,0.9994453065929881
0.5736871,0.9992003920658258,0.9996645247864572,0.9994323995407641
0.59177524,0.9992261659100289,0.9996645247864572,0.999445292281957
0.6132003,0.999226145948874,0.9996387190007999,0.9994323848965404
0.61621267,0.9992776989552431,0.9996387190007999,0.9994581713764902
0.64239264,0.9992776803219482,0.9996129132151428,0.9994452636576794
0.6765671,0.9992776616876918,0.9995871074294856,0.9994323556058261
0.70917493,0.999277643052474,0.9995613016438285,0.9994194472209178
0.7119226,0.9992776244162948,0.9995354958581714,0.9994065385029417
0.7184895,0.9992776057791538,0.9995096900725142,0.9993936294518843
0.7229462,0.9992775871410511,0.9994838842868571,0.9993807200677332
0.7235646,0.9992775685019867,0.9994580785011999,0.9993678103504755
0.7239163,0.9992775498619604,0.9994322727155428,0.999354900300098
0.7335817,0.9992775125790221,0.9993806611442285,0.999329079199933
0.73956513,0.9992774939361099,0.9993548553585714,0.9993161681501194
0.7473873,0.9992774752922354,0.9993290495729142,0.9993032567671346
0.7488575,0.9992774566473989,0.9993032437872571,0.9992903450509657
0.7495532,0.9992774380016,0.9992774380016,0.9992774330016
0.7514093,0.9993289803081529,0.9992258264302857,0.999277395707115
0.7641814,0.999328962989728,0.9992000206446285,0.9992644826575868
0.7690377,0.999354722143355,0.9991484090733143,0.9992515499590938
0.7749806,0.9993547054875845,0.9991226032876571,0.9992386359095017
0.77708244,0.9993804852865256,0.999096797502,0.9992386162592432
0.7779921,0.9993804692945094,0.9990709917163428,0.9992257015427798
0.78075093,0.9993804533016676,0.9990451859306857,0.9992127864929862
0.7826435,0.9993804373080001,0.9990193801450286,0.9991998711098494
0.78476375,0.9993804213135068,0.9989935743593714,0.9991869553933566
0.78744483,0.9993803733250717,0.9989161570023999,0.9991482062436119
0.79437065,0.9993803573272746,0.9988903512167427,0.9991352891935652
0.7950313,0.9993803413286515,0.9988645454310856,0.9991223718100982
0.8001901,0.9993803253292022,0.9988387396454285,0.9991094540931974
0.8002897,0.9993802933278249,0.9987871280741142,0.9990836176590435
0.8038316,0.9993802773258966,0.998761322288457,0.9990706989417647
0.8084734,0.9993802613231421,0.9987355165027999,0.9990577798910004
0.8087104,0.999380245319561,0.9987097107171428,0.9990448605067382
0.814381,0.9993802293151534,0.9986839049314856,0.9990319407889648
0.81798315,0.9993802133099192,0.9986580991458285,0.9990190207376676
0.83018905,0.9993801973038583,0.9986322933601713,0.9990061003528334
0.8328964,0.9993801812969706,0.9986064875745142,0.9989931796344493
0.83450145,0.9993801652892562,0.9985806817888571,0.9989802585825026
0.8420361,0.999380149280715,0.9985548760031999,0.9989673371969804
0.84591204,0.9993801332713467,0.9985290702175428,0.9989544154778696
0.84753627,0.9993801012501291,0.9984774586462285,0.9989285710388306
0.8491562,0.9994059150200181,0.9984774586462285,0.9989414660969984
0.8510025,0.9994058996745363,0.9984516528605714,0.9989285433766875
0.8538543,0.9994058843282618,0.9984258470749142,0.998915620322732
0.86317915,0.9994058689811944,0.9984000412892571,0.9989026969351187
0.86412644,0.9994058536333342,0.9983742355035999,0.9988897732138353
0.87730336,0.999405838284681,0.9983484297179428,0.9988768491588685
0.8782663,0.9994057922339629,0.9982710123609714,0.9988380749917392
0.88124704,0.9994057615295181,0.9982194007896571,0.9988122238783327
0.8815926,0.9994057308219001,0.9981677892183427,0.9987863714298828
0.883802,0.9994057154669009,0.9981419834326856,0.9987734447049844
0.88806796,0.9994057001111082,0.9981161776470284,0.9987605176462862
0.8905104,0.999405669397142,0.9980645660757141,0.9987346625274394
0.8908949,0.9994056540389684,0.998038760290057,0.9987217344672648
0.8919418,0.999405638680001,0.9980129545043999,0.9987088060732386
0.8979538,0.9994056233202399,0.9979871487187427,0.9986958773453484
0.8992742,0.9994056079596847,0.9979613429330856,0.998682948283581
0.90764743,0.9994055925983356,0.9979355371474284,0.9986700188879233
0.90913576,0.9994055772361926,0.9979097313617713,0.9986570891583624
0.91000336,0.9994055618732555,0.9978839255761142,0.9986441590948857
0.9104025,0.9994313482216708,0.9978065082191427,0.9986182622813473
0.9125107,0.9994313335228888,0.9977807024334856,0.998605330881612
0.91383654,0.9994313188233469,0.9977548966478285,0.9985923991478916
0.9142548,0.9994313041230451,0.9977290908621713,0.9985794670801731
0.9147037,0.9994312894219832,0.9977032850765142,0.9985665346784437
0.9180615,0.999431245314237,0.9976258677195428,0.9985277354690609
0.92074275,0.9994312159052716,0.9975742561482285,0.9985018676591805
0.92130196,0.9994312011996483,0.9975484503625713,0.9984889332531137
0.9217252,0.9994311717861206,0.997496838791257,0.998463063438663
0.9229101,0.999431157078216,0.9974710330055998,0.998450128030253
0.92314714,0.999456999534571,0.9974710330055998,0.998463023737493
0.9249089,0.9994569854937553,0.9974452272199427,0.9984500879944254
0.925286,0.9994569574099454,0.9973936156486284,0.9984242155058047
0.9254799,0.9994569433669511,0.9973678098629712,0.9984112787602256
0.9254805,0.9995085995085995,0.9972903925059998,0.9983982589247763
0.9255104,0.9995085867990896,0.9972645867203427,0.9983853208412515
0.9264623,0.9995085740889222,0.9972387809346855,0.9983723824234699
0.9272878,0.9995085613780974,0.9972129751490284,0.9983594436714185
0.9289782,0.999508548666615,0.9971871693633713,0.9983465045850841
0.93024975,0.9995085232416773,0.997135557792057,0.9983206254095149
0.930583,0.9995085105282219,0.9971097520063998,0.9983076853202543
0.93113095,0.9995084723839089,0.9970323346494284,0.9982688630464124
0.9347587,0.9995084596678222,0.9970065288637713,0.9982559216197353
0.9366571,0.9995084469510775,0.9969807230781141,0.9982429798586718
0.9377354,0.9995342940674239,0.996954917292457,0.9982429344589371
0.9388875,0.9995342820181112,0.9969291115067999,0.9982299920284707
0.93915963,0.9995342579176154,0.9968774999354856,0.9982041061642359
0.9404543,0.999534233814625,0.9968258883641713,0.9981782189621783
0.94133484,0.9995342217621943,0.9968000825785142,0.9981652748594337
0.94153297,0.9995342097091399,0.9967742767928569,0.9981523304221944
0.9430102,0.9995341976554616,0.9967484710071998,0.9981393856504479
0.9453697,0.9995341614906832,0.9966710536502283,0.9981005493280329
0.94562054,0.9995600186345049,0.9966452478645712,0.9981005002397735
0.94581115,0.9995600072469395,0.9966194420789141,0.9980875537946561
0.94598365,0.9995599958587845,0.9965936362932569,0.998074607014949
0.94617635,0.9995599844700401,0.9965678305075998,0.9980616599006392
0.9466708,0.9995599730807061,0.9965420247219426,0.9980487124517139
0.9469335,0.9995599616907825,0.9965162189362855,0.9980357646681601
0.9471106,0.9995599389091662,0.9964646073649712,0.9980098680971148
0.9486765,0.9995599047323185,0.9963871900079998,0.997971020730508
0.9497638,0.9995598933388562,0.9963613842223427,0.9979580709389101
0.95234114,0.999559881944804,0.9963355784366855,0.9979451208125931
0.9526978,0.9995598705501618,0.9963097726510284,0.9979321703515435
0.95347685,0.9995598591549296,0.9962839668653712,0.9979192195557486
0.9535491,0.9995598477591072,0.9962581610797141,0.9979062684251953
0.95408976,0.9995598249656923,0.9962065495083998,0.997880365159762
0.95436513,0.999559790771143,0.9961291321514284,0.9978415077505997
0.95448935,0.9995597793717793,0.9961033263657713,0.9978285546112239
0.95553404,0.9995597679718251,0.996077520580114,0.9978156011369986
0.9555362,0.9995597565712806,0.9960517147944569,0.9978026473279115
0.95574456,0.9995597451701456,0.9960259090087997,0.997789693183949
0.95619804,0.9995853095923075,0.9952517354390854,0.9974138103981668
0.9567114,0.9996112176662693,0.9952517354390854,0.9974267080462009
0.95705,0.999611197511664,0.9952001238677711,0.9974007786443586
0.9572242,0.9996111874335779,0.995174318082114,0.9973878134404749
0.9581296,0.999611167275838,0.9951227065107997,0.9973618820267168
0.9581411,0.9997141446428107,0.9927485742303425,0.996219178758089
0.9592756,0.9997141000649773,0.9925937395163996,0.996141190970333
0.9597918,0.9997140926339866,0.9925679337307425,0.9961281918275167
0.9601162,0.9997140852026096,0.9925421279450853,0.9961151923480397
0.96044374,0.9997140777708463,0.9925163221594282,0.9961021925318888
0.96075445,0.9997140629061606,0.9924647105881138,0.9960761918895134
0.9612757,0.9997140554732382,0.9924389048024567,0.9960631910632628
0.9613756,0.9997140480399292,0.9924130990167995,0.996050189900286
0.9614541,0.9997139811227541,0.9921808469458853,0.9959331642786625
0.96180165,0.9997139736855791,0.9921550411602281,0.9959201597477052
0.9618423,0.9997139662480172,0.992129235374571,0.9959071548798777
0.9619657,0.9997139588100686,0.9921034295889138,0.9958941496751672
0.96261775,0.9997399557924848,0.9921034295889138,0.9959070488559916
0.9632093,0.999739921976593,0.9919744006606281,0.9958420177718018
0.9647314,0.9998433992796367,0.9885680369538851,0.9941737444324582
0.96497697,0.9998433951922324,0.9885422311682279,0.9941606926021547
0.96570617,0.9998433911046147,0.9885164253825708,0.9941476404331198
0.96582055,0.9999215481171548,0.9867358261722278,0.9932849244075536
0.96739817,0.9999215460655352,0.9867100203865706,0.9932718484876871
0.9677277,0.999921541961974,0.9866584088152563,0.9932456956288923
0.96787816,0.9999214433475608,0.9854197311037135,0.9926176191229599
0.9683055,0.9999214330609679,0.9852907021754277,0.9925521494163372
0.9685924,0.9999214310033261,0.9852648963897706,0.9925390544538302
0.96865064,0.9999214248297538,0.9851874790327991,0.9924997675237055
0.9688328,0.9999214227716807,0.985161673247142,0.9924866711994186
0.9690235,0.9999214165968148,0.9850842558901706,0.9924473801836351
0.9694148,0.9999213898278437,0.9847487806766277,0.9922770836967586
0.9707927,0.9999213877679367,0.9847229748909706,0.9922639815825356
0.9710455,0.9999213857079217,0.9846971691053135,0.9922508791276086
0.9719067,0.9999213733455642,0.9845423343913705,0.9921722572425181
0.9719952,0.9999213712847932,0.9845165286057134,0.9921591524022908
0.9720833,0.9999213671629272,0.9844649170343991,0.9921329416993918
0.9722634,0.9999213651018322,0.984439111248742,0.9921198358366935
0.97226346,0.9999213630406291,0.9844133054630848,0.9921067296331452
0.97226435,0.9999213609793179,0.9843874996774277,0.992093623088733
0.9722695,0.9999213568563714,0.9843358881061134,0.992067408977265
0.9723636,0.9999213486091812,0.9842326649634848,0.9920149766633812
0.9727524,0.9999213444849375,0.9841810533921705,0.9919887584607527
0.97287256,0.9999475258435221,0.9835101029650848,0.9916606988317361
0.97314143,0.9999475244667174,0.9834842971794276,0.99164758034589
0.97314227,0.9999475120722234,0.9832520451085134,0.9915294986110499
0.9731486,0.999947501049979,0.9830455988232562,0.9914245138495051
0.9733871,0.9999474996718729,0.983019793037599,0.9914113892173698
0.9742588,0.9999474982936946,0.9829939872519419,0.9913982642436475
0.9744122,0.9999474969154438,0.9829681814662847,0.9913851389283246
0.97453034,0.9999474955371207,0.9829423756806276,0.991372013271388
0.9746389,0.9999474941587252,0.9829165698949704,0.9913588872728241
0.9747218,0.999947487265662,0.9827875409666847,0.9912932521551309
0.97488916,0.9999474858868321,0.9827617351810276,0.9912801241065239
0.9750713,0.9999474845079298,0.9827359293953705,0.9912669957161965
0.9754865,0.9999474831289552,0.9827101236097133,0.9912538669841352
0.9755865,0.9999474803707886,0.982658512038399,0.9912276084947577
0.9757543,0.9999474789915966,0.9826327062527419,0.9912144787374146
0.9759145,0.9999474776123323,0.9826069004670848,0.9912013486382845
0.97655696,0.9999474762329954,0.9825810946814276,0.9911882181973536
0.9767557,0.9999474748535861,0.9825552888957705,0.9911750874146088
0.976804,0.9999474734741044,0.9825294831101132,0.9911619562900368
0.9769192,0.9999474720945503,0.9825036773244561,0.9911488248236241
0.9770926,0.9999474707149236,0.982477871538799,0.9911356930153574
0.97712404,0.9999474651956921,0.9823746483961704,0.9910831623634838
0.97744685,0.9999474638157031,0.9823488426105133,0.991070028845747
0.9781036,0.9999474624356415,0.9823230368248561,0.9910568949860759
0.9781761,0.9999474610555074,0.982297231039199,0.9910437607844576
0.9786396,0.9999737229346226,0.9820391731826276,0.9909253012875967
0.97863966,0.9999737222441204,0.9820133673969704,0.9909121633205941
0.97897935,0.9999737208630068,0.9819617558256561,0.990885886360238
0.9789915,0.9999737201723957,0.981935950039999,0.9908727473668583
0.97912705,0.9999737194817482,0.9819101442543419,0.9908596080313261
0.9795823,0.9999737187910643,0.9818843384686847,0.9908464683536281
0.97981167,0.9999737181003443,0.9818585326830276,0.9908333283337512
0.9798118,0.9999737174095878,0.9818327268973704,0.9908201879716816
0.98002535,0.9999737160279661,0.981781115326056,0.9907939062209118
0.98027015,0.9999737153371008,0.9817553095403989,0.9907807648321846
0.9802789,0.9999737105000263,0.9815746690407989,0.9906887655274598
0.98065495,0.9999737098088703,0.9815488632551418,0.9906756214003907
0.98083615,0.999973709117678,0.9815230574694846,0.9906624769309688
0.9808773,0.9999737084264493,0.9814972516838275,0.9906493321191804
0.98087776,0.9999737028953112,0.9812908053985704,0.990544161298082
0.9808811,0.999973701512163,0.9812391938272561,0.9905178651682078
0.98092973,0.999973699437168,0.9811617764702847,0.9904784184045122
0.9812002,0.9999736987454302,0.9811359706846275,0.990465268798191
0.9817418,0.999973698053656,0.9811101648989703,0.9904521188493026
0.98180497,0.9999736973618454,0.9810843591133132,0.9904389685578339
0.9818734,0.9999736966699985,0.981058553327656,0.9904258179237713
0.98217756,0.9999736952861953,0.9810069417563417,0.9903995156278113
0.98224765,0.9999736945942391,0.9809811359706846,0.9903863639658871
0.98228043,0.9999736939022466,0.9809553301850275,0.9903732119613154
0.9827264,0.9999736932102176,0.9809295243993703,0.9903600596140832
0.98315597,0.9999736925181522,0.9809037186137132,0.9903469069241767
0.9831983,0.9999736918260503,0.980877912828056,0.9903337538915827
0.98319834,0.9999736890572789,0.9807746896854275,0.9902811383340637
0.98319864,0.999973688364995,0.9807488838997703,0.9902679835878312
0.9832007,0.9999736876726747,0.9807230781141132,0.9902548284988308
0.98342973,0.9999736869803179,0.980697272328456,0.9902416730670491
0.98342985,0.9999736862879246,0.9806714665427989,0.9902285172924726
0.9834795,0.9999736855954949,0.9806456607571418,0.9902153611750882
0.9836549,0.9999736828254119,0.9805424376145132,0.9901627332772016
0.9837508,0.9999736821327999,0.9805166318288561,0.9901495754455757
0.98416156,0.9999736772834956,0.980335991329256,0.990057461022566
0.98427844,0.999973676590592,0.9803101855435988,0.9900443004474568
0.98433197,0.9999736758976518,0.9802843797579417,0.9900311395293518
0.9845808,1.0,0.9779876648344559,0.9888713436157349
0.98480576,1.0,0.9779618590487987,0.9888581517692252
0.98595995,1.0,0.9778844416918273,0.9888185741643019
0.9861214,1.0,0.9778586359061702,0.9888053809408176
0.98619735,1.0,0.977832830120513,0.9887921873730562
0.98622507,1.0,0.9778070243348559,0.9887789934610038
0.9862324,1.0,0.9777812185491987,0.9887657992046472
0.98654026,1.0,0.9777296069778845,0.9887394096589673
0.986553,1.0,0.9777038011922273,0.988726214369617
0.9865865,1.0,0.9776779954065702,0.9887130187359086
0.98660785,1.0,0.9776263838352559,0.9886866264353631
0.9866798,1.0,0.9776005780495988,0.9886734297684991
0.9867183,1.0,0.9775747722639416,0.9886602327572231
0.98742193,1.0,0.9774457433356558,0.9885942425341891
0.9874742,1.0,0.9774199375499987,0.9885810434561572
0.98765886,1.0,0.9773941317643415,0.9885678440336189
0.98772615,1.0,0.9773683259786844,0.9885546442665605
0.9878015,1.0,0.9773167144073701,0.9885282436988295
0.98780847,1.0,0.977290908621713,0.9885150428981303
0.98794717,1.0,0.9772651028360558,0.988501841752857
0.9881885,1.0,0.9771876854790844,0.9884622362494584
0.98819995,1.0,0.9771360739077701,0.9884358308574088
0.98826116,1.0,0.977110268122113,0.9884226276444084
0.9885977,1.0,0.9770844623364559,0.9884094240867396
0.98878413,1.0,0.9770586565507987,0.9883962201843889
0.98882914,1.0,0.9770328507651416,0.9883830159373427
0.9894024,1.0,0.9770070449794844,0.9883698113455877
0.9895477,1.0,0.9769812391938273,0.9883566064091103
0.9899348,1.0,0.9769554334081701,0.988343401127897
0.9899655,1.0,0.976929627622513,0.9883301955019341
0.9900084,1.0,0.9769038218368559,0.9883169895312084
0.99037933,1.0,0.9768780160511987,0.9883037832157064
0.9904163,1.0,0.9768522102655416,0.9882905765554145
0.9904539,1.0,0.9768264044798843,0.9882773695503191
0.9904962,1.0,0.9768005986942272,0.9882641622004067
0.99051607,1.0,0.9762586771954272,0.9879867281756191
0.9905765,1.0,0.9762328714097701,0.987973513236317
0.990687,1.0,0.976207065624113,0.9879602979518871
0.9907939,1.0,0.9757683672679415,0.987735585298938
0.9910204,1.0,0.9757167556966272,0.9877091419554712
0.9910837,1.0,0.97569094991097,0.9876959197656473
0.9911908,1.0,0.9756651441253129,0.9876826972304117
0.9912547,1.0,0.9756393383396558,0.9876694743497506
0.9915323,1.0,0.9756135325539986,0.9876562511236506
0.9918476,1.0,0.9755877267683415,0.9876430275520985
0.9919234,1.0,0.9755619209826843,0.9876298036350805
0.99200225,1.0,0.9755361151970272,0.9876165793725827
0.99214524,1.0,0.9755103094113701,0.9876033547645922
0.9922655,1.0,0.9754586978400558,0.987576904512078
0.99236965,1.0,0.9754328920543986,0.9875636788675272
0.99243873,1.0,0.9754070862687414,0.9875504528774292
0.9925152,1.0,0.9753812804830843,0.9875372265417705
0.9930302,1.0,0.9753554746974271,0.9875239998605376
0.993155,1.0,0.9753038631261128,0.987497545461295
0.9934198,1.0,0.9752780573404557,0.9874843177432581
0.9934765,1.0,0.9752522515547986,0.9874710896795929
0.99360144,1.0,0.9752264457691414,0.9874578612702857
0.99361694,1.0,0.9752006399834843,0.9874446325153229
0.9938501,1.0,0.9751748341978271,0.987431403414691
0.9939842,1.0,0.97514902841217,0.9874181739683767
0.9939945,1.0,0.9751232226265129,0.9874049441763662
0.99400383,1.0,0.9750974168408557,0.9873917140386459
0.99420404,1.0,0.9750716110551986,0.9873784835552023
0.9944556,1.0,0.9750458052695414,0.987365252726022
0.9946515,1.0,0.9750199994838843,0.9873520215510914
0.99468136,1.0,0.9749941936982272,0.9873387900303967
0.99469495,1.0,0.97496838791257,0.9873255581639245
0.99470896,1.0,0.9749425821269129,0.9873123259516615
0.9947266,1.0,0.9749167763412557,0.9872990933935938
0.9947306,1.0,0.9748909705555986,0.9872858604897079
0.9948563,1.0,0.9748651647699415,0.9872726272399904
0.9948903,1.0,0.9748393589842843,0.9872593936444277
0.9949939,1.0,0.9748135531986272,0.9872461597030061
0.9950037,1.0,0.97478774741297,0.9872329254157122
0.99502146,1.0,0.9747103300559986,0.9871932204784606
0.9950283,1.0,0.9746845242703414,0.9871799848075415
0.9950421,1.0,0.9746587184846842,0.9871667487906823
0.99511963,1.0,0.9746329126990271,0.9871535124278694
0.99511987,1.0,0.9745813011277128,0.9871270386643283
0.99513763,1.0,0.9745554953420557,0.9871138012635727
0.9951445,1.0,0.9745296895563985,0.9871005635168092
0.99516517,1.0,0.97424582591417,0.9869549254620033
0.99518466,1.0,0.9742200201285128,0.9869416835620854
0.99524176,1.0,0.9741942143428557,0.9869284413159835
0.99524796,1.0,0.9741684085571986,0.9869151987236834
0.9952631,1.0,0.9740909912002271,0.9868754688694592
0.9952853,1.0,0.97406518541457,0.9868622248922314
0.9953091,1.0,0.9740393796289128,0.9868489805687377
0.995331,1.0,0.9740135738432557,0.9868357358989645
0.9953821,1.0,0.9739877680575986,0.9868224908828983
0.9954144,1.0,0.9739619622719413,0.9868092455205254
0.9954229,1.0,0.9739361564862842,0.9867959998118324
0.99542993,1.0,0.973910350700627,0.9867827537568056
0.99544185,1.0,0.9738845449149699,0.9867695073554313
0.995445,1.0,0.9738587391293128,0.9867562606076963
0.9954702,1.0,0.9738329333436556,0.9867430135135867
0.995508,1.0,0.9738071275579985,0.9867297660730889
0.9955216,1.0,0.9737813217723413,0.9867165182861893
0.99556273,1.0,0.9737555159866842,0.9867032701528746
0.9955677,1.0,0.973729710201027,0.986690021673131
0.9955822,1.0,0.9737039044153699,0.9866767728469449
0.9955823,1.0,0.9736780986297128,0.9866635236743027
0.99568754,1.0,0.9736522928440556,0.9866502741551909
0.99574846,1.0,0.9736264870583985,0.9866370242895959
0.9957821,1.0,0.9736006812727414,0.9866237740775039
0.99581915,1.0,0.9735748754870842,0.9866105235189015
0.9958336,1.0,0.9735490697014271,0.9865972726137753
0.99583495,1.0,0.9735232639157699,0.9865840213621114
0.99583834,1.0,0.9734974581301128,0.9865707697638962
0.9958396,1.0,0.9734716523444557,0.9865575178191163
0.9958502,1.0,0.9734458465587985,0.986544265527758
0.99586767,1.0,0.9734200407731414,0.9865310128898077
0.9958743,1.0,0.9733942349874842,0.9865177599052517
0.99590147,1.0,0.9733684292018271,0.9865045065740766
0.99592173,1.0,0.97334262341617,0.9864912528962688
0.9959218,1.0,0.9732910118448557,0.9864647445007003
0.99596274,1.0,0.9732652060591984,0.9864514897829124
0.9960025,1.0,0.9732394002735413,0.9864382347184374
0.9960095,1.0,0.9731619829165699,0.9863984674447533
0.9960293,1.0,0.9731361771309127,0.9863852109933935
0.996059,1.0,0.9731103713452556,0.9863719541952787
0.99608153,1.0,0.9730587597739413,0.9863454395587287
0.99613094,1.0,0.9730329539882842,0.9863321817202665
0.9961345,1.0,0.973007148202627,0.9863189235349947
0.99613535,1.0,0.9729813424169699,0.9863056650028997
0.99614835,1.0,0.9729297308456556,0.9862791468981854
0.9961506,1.0,0.9729039250599985,0.986265887325539
0.9961556,1.0,0.9728781192743413,0.9862526274060149
0.9961695,1.0,0.9728523134886842,0.9862393671395996
0.99618965,1.0,0.972826507703027,0.9862261065262792
0.99620134,1.0,0.9728007019173699,0.9862128455660405
0.9962333,1.0,0.9727748961317128,0.9861995842588697
0.9962347,1.0,0.9727232845603985,0.9861730606036768
0.9962399,1.0,0.9726716729890842,0.9861465355605924
0.9962401,1.0,0.972645867203427,0.9861332725185565
0.9962897,1.0,0.9725942556321128,0.9861067453934299
0.9963297,1.0,0.9725426440607984,0.9860802168801389
0.9963471,1.0,0.9725168382751412,0.9860669521028977
0.99636596,1.0,0.9724910324894841,0.9860536869785747
0.9963704,1.0,0.972465226703827,0.9860404215071561
0.9963807,1.0,0.9724136151325127,0.9860138895229777
0.9963894,1.0,0.9704007638512554,0.9849780579963481
0.9963969,1.0,0.9703749580655983,0.9849647643648833
0.99640715,1.0,0.9703491522799411,0.9849514703852036
0.996415,1.0,0.970323346494284,0.9849381760572953
0.9964179,1.0,0.9702975407086268,0.9849248813811445
0.9964236,1.0,0.9702459291373126,0.9848982909840608
0.99646336,1.0,0.9701943175659983,0.9848716991938435
0.99647236,1.0,0.9701685117803411,0.9848584027762755
0.9964745,1.0,0.9700394828520554,0.9847919154632934
0.9964953,1.0,0.9699878712807412,0.9847653180994459
0.99652046,1.0,0.969962065495084,0.9847520188948983
0.9965241,1.0,0.9699362597094269,0.9847387193419167
0.9965272,1.0,0.969781424995484,0.984658914706146
0.99653196,1.0,0.9693685324249697,0.9844460409947889
0.99654317,1.0,0.9693427266393125,0.9844327334240438
0.9965432,1.0,0.9693169208536554,0.9844194255045357
0.99654377,1.0,0.9692911150679983,0.9844061172362509
0.9965546,1.0,0.9692653092823411,0.9843928086191761
0.9965703,1.0,0.969239503496684,0.9843794996532972
0.9966275,1.0,0.9692136977110268,0.9843661903386004
0.9966334,1.0,0.9688524167118268,0.984179823299305
0.9966631,1.0,0.9688266109261696,0.9841665087506964
0.9967132,1.0,0.9688008051405125,0.9841531938530508
0.9967209,1.0,0.9687749993548553,0.984139878606354
0.9967334,1.0,0.9687491935691982,0.9841265630105925
0.9967615,1.0,0.9686717762122268,0.984086614128783
0.9967927,1.0,0.9686459704265696,0.9840732971366256
0.9968253,1.0,0.9686201646409125,0.9840599797953349
0.99682593,1.0,0.9681298547134267,0.983806883957216
0.9968268,1.0,0.9680782431421124,0.9837802349541116
0.99683166,1.0,0.9680266315707982,0.983753584553265
0.99683315,1.0,0.9679750199994839,0.9837269327545662
0.99684834,1.0,0.9679492142138267,0.983713606330988
0.9968523,1.0,0.9679234084281696,0.9837002795579054
0.9968832,1.0,0.9678976026425125,0.9836869524353047
0.9969115,1.0,0.9678717968568553,0.9836736249631723
0.9969269,1.0,0.967820185285541,0.9836469689702573
0.9969504,1.0,0.9677943794998839,0.9836336404494469
0.99697524,1.0,0.9676653505715982,0.9835669926013189
0.9969804,1.0,0.967639544785941,0.9835536619827816
0.99699485,1.0,0.9675621274289695,0.9835136680290985
0.9969997,1.0,0.9675363216433124,0.9835003360118014
0.9970043,1.0,0.9675105158576552,0.9834870036447799
0.9970196,1.0,0.9673814869293695,0.9834203365633252
0.9970854,1.0,0.9673556811437124,0.9834070020976684
0.9970859,1.0,0.9672266522154267,0.9833403245217992
0.99709827,1.0,0.9672008464297696,0.9833269879570118
0.9971001,1.0,0.9671750406441124,0.983313651042321
0.9971089,1.0,0.9671234290727981,0.9832869761631745
0.9971101,1.0,0.967097623287141,0.9832736381986913
0.9971335,1.0,0.9670460117158267,0.9832469612198356
0.9971688,1.0,0.9670202059301696,0.9832336222054359
0.99717224,1.0,0.9669944001445124,0.9832202828410364
0.99717724,1.0,0.9669685943588553,0.9832069431266233
0.99717766,1.0,0.9669427885731982,0.983193603062183
0.9971788,1.0,0.9668911770018839,0.9831669218831656
0.99719095,1.0,0.9668653712162267,0.9831535807685607
0.9971963,1.0,0.9668395654305695,0.9831402393038735
0.99719983,1.0,0.9668137596449123,0.9831268974890901
0.9972035,1.0,0.9667879538592552,0.9831135553241969
0.99720365,1.0,0.9667621480735981,0.9831002128091799
0.99721503,1.0,0.9667363422879409,0.9830868699440254
0.9972155,1.0,0.9667105365022838,0.9830735267287195
0.99722815,1.0,0.9666847307166266,0.9830601831632487
0.99724185,1.0,0.9666589249309695,0.9830468392475991
0.99724746,1.0,0.9666331191453124,0.9830334949817566
0.9972627,1.0,0.9665815075739981,0.9830068053994389
0.99727637,1.0,0.9665557017883409,0.9829934600829359
0.9972941,1.0,0.9665298960026838,0.982980114416185
0.9973097,1.0,0.9665040902170267,0.9829667683991725
0.997323,1.0,0.9664782844313695,0.9829534220318848
0.99734956,1.0,0.9664524786457124,0.982940075314308
0.9973519,1.0,0.9664266728600552,0.9829267282464281
0.997354,1.0,0.9664008670743981,0.9829133808282314
0.9973619,1.0,0.966375061288741,0.9829000330597043
0.99736255,1.0,0.9663492555030838,0.982886684940833
0.99742067,1.0,0.9663234497174267,0.9828733364716034
0.9974274,1.0,0.9662976439317695,0.9828599876520018
0.99743116,1.0,0.9662718381461124,0.9828466384820146
0.9974359,1.0,0.9662460323604553,0.9828332889616279
0.9974403,1.0,0.9662202265747981,0.9828199390908279
0.9974856,1.0,0.966194420789141,0.9828065888696007
0.99750036,1.0,0.9661686150034838,0.9827932382979327
0.9975615,1.0,0.9661428092178266,0.98277988737581
0.9975748,1.0,0.9661170034321694,0.9827665361032188
0.99757636,1.0,0.9660911976465123,0.9827531844801454
0.99759555,1.0,0.9660653918608552,0.9827398325065757
0.99759644,1.0,0.966039586075198,0.9827264801824963
0.99763376,1.0,0.9660137802895409,0.9827131275078932
0.9976631,1.0,0.9659621687182266,0.9826864211070604
0.9976743,1.0,0.9659363629325695,0.9826730673808034
0.9976938,1.0,0.9657815282186266,0.9825929376606203
0.9976985,1.0,0.9657557224329695,0.9825795814800208
0.99771124,1.0,0.9657299166473123,0.9825662249487458
0.99771285,1.0,0.9657041108616552,0.9825528680667814
0.997725,1.0,0.9656783050759981,0.9825395108341138
0.99772507,1.0,0.9656524992903409,0.9825261532507291
0.997728,1.0,0.9628654744393693,0.9810814669395254
0.99773955,1.0,0.9628396686537122,0.98106807104502
0.9977479,1.0,0.962813862868055,0.9810546747982739
0.9977514,1.0,0.9627880570823979,0.9810412781992729
0.9977558,1.0,0.9627622512967408,0.9810278812480033
0.9977566,1.0,0.9627364455110836,0.9810144839444513
0.99777055,1.0,0.9627106397254265,0.9810010862886029
0.9978068,1.0,0.9626848339397693,0.9809876882804442
0.99781454,1.0,0.9626590281541122,0.9809742899199613
0.997819,1.0,0.9626074165827979,0.9809474921419674
0.9978239,1.0,0.9625816107971408,0.9809340927244284
0.9978325,1.0,0.9624783876545121,0.9808804915303362
0.99783665,1.0,0.962452581868855,0.9808670903507594
0.99785835,1.0,0.9624267760831978,0.9808536888187331
0.9978589,1.0,0.9624009702975407,0.980840286934244
0.99787116,1.0,0.9623751645118835,0.9808268846972776
0.99787235,1.0,0.9621945240122836,0.9807330591679858
0.9978747,1.0,0.9621687182266264,0.9807196541107019
0.9978833,1.0,0.9620396892983407,0.9806526235349701
0.9978922,1.0,0.9620138835126836,0.9806392163618637
0.9979034,1.0,0.9619880777270264,0.9806258088360718
0.99790657,1.0,0.9619622719413693,0.9806124009575801
0.9979154,1.0,0.9619364661557122,0.9805989927263747
0.99791867,1.0,0.961910660370055,0.9805855841424418
0.9979303,1.0,0.9618848545843979,0.9805721752057676
0.9979338,1.0,0.9618590487987406,0.980558765916338
0.9979396,1.0,0.9618332430130835,0.9805453562741391
0.9979451,1.0,0.9618074372274263,0.9805319462791569
0.9979475,1.0,0.9617558256561121,0.9805051252307874
0.99795437,1.0,0.9617300198704549,0.9804917141773722
0.99796075,1.0,0.9617042140847978,0.980478302771118
0.9979608,1.0,0.9616526025134835,0.9804514789000375
0.99796695,1.0,0.9616009909421692,0.9804246536174342
0.9979676,1.0,0.9615751851565121,0.9804112404467767
0.9979698,1.0,0.9615493793708549,0.9803978269231969
0.9979806,1.0,0.9615235735851978,0.9803844130466807
0.9979863,1.0,0.9614719620138835,0.9803575842347831
0.9979868,1.0,0.9614203504425692,0.9803307540109731
0.99799335,1.0,0.9613945446569121,0.980317338369566
0.9979998,1.0,0.961368738871255,0.9803039223751389
0.998006,1.0,0.9613429330855978,0.9802905060276779
0.9980153,1.0,0.958891383448169,0.9790143411271673
0.9980186,1.0,0.9588655776625119,0.9790008908234622
0.99803746,1.0,0.9588397718768548,0.9789874401653679
0.99804085,1.0,0.9585817140202834,0.978852914089947
0.9980443,1.0,0.9585559082346262,0.978839459532649
0.99805164,1.0,0.9585042966633119,0.9788125493543673
0.99806845,1.0,0.9584784908776548,0.9787990937333557
0.99809694,1.0,0.9584526850919977,0.978785637757745
0.9981002,1.0,0.9584268793063405,0.9787721814275211
0.99814904,1.0,0.9583752677350262,0.9787452677031773
0.9981563,1.0,0.958323656163712,0.9787183525602127
0.99816,1.0,0.9582978503780547,0.9787048944567123
0.998162,1.0,0.9582462388067404,0.9786779771856056
0.9981639,1.0,0.9582204330210833,0.9786645180179713
0.99816513,1.0,0.9575236768083404,0.9783009863543897
0.9981693,1.0,0.9574978710226832,0.9782875172487483
0.9981695,1.0,0.9574720652370261,0.9782740477879746
0.9981776,1.0,0.957446259451369,0.9782605779720545
0.9981796,1.0,0.9574204536657118,0.9782471078009738
0.99818563,1.0,0.9573172305230833,0.9781932235647657
0.9981866,1.0,0.9572914247374261,0.9781797516176719
0.99818736,1.0,0.957265618951769,0.9781662793153335
0.99820894,1.0,0.9572398131661118,0.9781528066577363
0.99822277,1.0,0.9572140073804547,0.9781393336448662
0.99822456,1.0,0.9571882015947976,0.9781258602767091
0.9982283,1.0,0.9571623958091404,0.9781123865532512
0.9982314,1.0,0.9571365900234833,0.9780989124744781
0.99826324,1.0,0.9571107842378261,0.978085438040376
0.99827206,1.0,0.9570333668808547,0.9780450126059547
0.9982797,1.0,0.9569301437382262,0.9779911070512662
0.9982879,1.0,0.956904337952569,0.9779776297740254
0.9982983,1.0,0.9568785321669119,0.9779641521413289
0.9982994,1.0,0.9568527263812546,0.9779506741531627
0.99830484,1.0,0.9568269205955975,0.977937195809513
0.99830943,1.0,0.9568011148099403,0.9779237171103654
0.9983117,1.0,0.9567753090242832,0.9779102380557058
0.9983215,1.0,0.9567495032386261,0.9778967586455203
0.9983246,1.0,0.9567236974529689,0.977883278879795
0.9983309,1.0,0.9566978916673118,0.9778697987585155
0.9983382,1.0,0.9566720858816546,0.9778563182816679
0.9983585,1.0,0.9566462800959975,0.977842837449238
0.99836075,1.0,0.9566204743103404,0.9778293562612119
0.99836147,1.0,0.9565946685246832,0.9778158747175755
0.99836415,1.0,0.9565688627390261,0.9778023928183146
0.9983642,1.0,0.9565430569533689,0.9777889105634152
0.99836975,1.0,0.9565172511677118,0.9777754279528634
0.9983837,1.0,0.9564914453820547,0.9777619449866449
0.9983856,1.0,0.9564656395963975,0.9777484616647457
0.99839234,1.0,0.9564398338107404,0.9777349779871517
0.99839985,1.0,0.9563882222394261,0.9777080095648232
0.9984069,1.0,0.956362416453769,0.9776945248200604
0.998414,1.0,0.9563366106681118,0.9776810397195465
0.9984147,1.0,0.9563108048824547,0.9776675542632676
0.9984288,1.0,0.9562849990967975,0.9776540684512094
0.9984318,1.0,0.9562075817398261,0.9776136088802184
0.998453,1.0,0.956181775954169,0.9776001216449024
0.9984556,1.0,0.9561559701685117,0.9775866340537368
0.99846596,1.0,0.9561301643828546,0.9775731461067073
0.99846923,1.0,0.9561043585971974,0.9775596578038002
0.9984707,1.0,0.9560785528115403,0.9775461691450011
0.9984726,1.0,0.9560527470258832,0.9775326801302961
0.99847484,1.0,0.9559753296689117,0.9774922109506042
0.99848336,1.0,0.9558979123119403,0.9774517385672512
0.998492,1.0,0.9558721065262832,0.97743824706081
0.99850893,1.0,0.955846300740626,0.9774247551983499
0.99851286,1.0,0.9558204949549689,0.977411262979857
0.9985143,1.0,0.9557946891693118,0.9773977704053173
0.99852604,1.0,0.9557688833836546,0.9773842774747166
0.99852955,1.0,0.9557430775979975,0.9773707841880409
0.9985556,1.0,0.9557172718123403,0.9773572905452759
0.9985601,1.0,0.9556914660266832,0.9773437965464077
0.9985612,1.0,0.9551495445278831,0.9770603402853512
0.9985693,1.0,0.955123738742226,0.9770468384486436
0.9985734,1.0,0.9549947098139403,0.9769793239184079
0.99857855,1.0,0.9548656808856546,0.976911800475716
0.9985852,1.0,0.9548398750999975,0.9768982947175274
0.99858594,1.0,0.954762457743026,0.9768577753034079
0.9985861,1.0,0.9547366519573688,0.9768442681188029
0.9985863,1.0,0.9546850403860545,0.9768172526796602
0.9985878,1.0,0.9546592346003974,0.9768037444250945
0.9985968,1.0,0.954581817243426,0.9767632175212496
0.99860024,1.0,0.9545302056721117,0.9767361978017555
0.9986022,1.0,0.9545043998864545,0.9767226874068866
0.99861205,1.0,0.9544785941007974,0.9767091766552514
0.99861455,1.0,0.9544527883151402,0.9766956655468354
0.99862885,1.0,0.954401176743826,0.9766686422596043
0.99863154,1.0,0.9543753709581688,0.9766551300807612
0.9986353,1.0,0.9543237593868545,0.976628104652549
0.9986368,1.0,0.9542721478155403,0.9766010777968747
0.99864686,1.0,0.9542463420298831,0.9765875638337038
0.99864984,1.0,0.954220536244226,0.976574049513625
0.99865186,1.0,0.9541947304585688,0.976560534836624
0.9986647,1.0,0.9541689246729117,0.9765470198026869
0.9986664,1.0,0.9541431188872546,0.9765335044117994
0.9986696,1.0,0.9541173131015974,0.9765199886639473
0.99867034,1.0,0.9540915073159403,0.9765064725591165
0.99867445,1.0,0.9540657015302831,0.976492956097293
0.9986789,1.0,0.954039895744626,0.9764794392784625
0.9986801,1.0,0.9540140899589687,0.9764659221026109
0.99868023,1.0,0.9539624783876545,0.9764388866797877
0.99868417,1.0,0.9539366726019973,0.9764253684327879
0.9987044,1.0,0.9539108668163402,0.9764118498287105
0.9987055,1.0,0.953885061030683,0.9763983308675412
0.9987074,1.0,0.9534205568888545,0.9761549284876575
0.9987096,1.0,0.9533947511031974,0.9761414027390543
0.99871206,1.0,0.9533689453175402,0.976127876633076
0.9987146,1.0,0.9533431395318831,0.9761143501697087
0.99871534,1.0,0.953317333746226,0.9761008233489381
0.99871564,1.0,0.9532915279605687,0.9760872961707501
0.9987178,1.0,0.9532657221749116,0.9760737686351304
0.99872005,1.0,0.9532399163892544,0.976060240742065
0.99873286,1.0,0.9532141106035973,0.9760467124915395
0.9987401,1.0,0.9531883048179401,0.9760331838835401
0.998742,1.0,0.953162499032283,0.9760196549180523
0.99874204,1.0,0.9531108874609687,0.9759925959145551
0.9987453,1.0,0.9530592758896544,0.975965535480935
0.9987479,1.0,0.9530334701039973,0.9759520047277931
0.9987543,1.0,0.9528270238187402,0.9758437458288288
0.9987611,1.0,0.952801218033083,0.9758302118570168
0.9987642,1.0,0.9526205775334831,0.9757354640379134
0.99877363,1.0,0.9525947717478258,0.975721927204097
0.9987832,1.0,0.9525689659621687,0.9757083900124661
0.9987918,1.0,0.9525431601765115,0.9756948524630069
0.9987939,1.0,0.9525173543908544,0.9756813145557048
0.99879676,1.0,0.9524915486051972,0.9756677762905457
0.9988037,1.0,0.9524657428195401,0.9756542376675155
0.998817,1.0,0.952439937033883,0.9756406986866001
0.9988184,1.0,0.9524141312482258,0.9756271593477851
0.9988227,1.0,0.9523883254625687,0.9756136196510563
0.99882346,1.0,0.9523625196769115,0.9756000795963996
0.99882585,1.0,0.9523367138912544,0.975586539183801
0.9988327,1.0,0.9523109081055973,0.975572998413246
0.99883384,1.0,0.9522851023199401,0.9755594572847205
0.9988406,1.0,0.952259296534283,0.9755459157982103
0.9988435,1.0,0.9522334907486258,0.9755323739537012
0.9988438,1.0,0.9522076849629687,0.9755188317511791
0.9988465,1.0,0.9521818791773116,0.9755052891906297
0.99885356,1.0,0.9521560733916544,0.9754917462720388
0.9988585,1.0,0.9521302676059973,0.9754782029953923
0.99885905,1.0,0.9521044618203401,0.9754646593606761
0.9988599,1.0,0.9520270444633687,0.9754240263079655
0.99886405,1.0,0.9520012386777116,0.9754104812408277
0.9988678,1.0,0.9519754328920544,0.975396935815549
0.99887943,1.0,0.9519496271063973,0.975383390032115
0.99888086,1.0,0.9519238213207402,0.975369843890512
0.9988814,1.0,0.951898015535083,0.9753562973907254
0.9988851,1.0,0.9517947923924543,0.9753021078094598
0.9988857,1.0,0.9517431808211401,0.9752750108693566
0.9988912,1.0,0.9516915692498258,0.9752479124961216
0.99889165,1.0,0.9516657634641686,0.9752343627720443
0.9989006,1.0,0.9516399576785115,0.9752208126896412
0.9989016,1.0,0.9516141518928544,0.9752072622488983
0.9989036,1.0,0.9515883461071972,0.9751937114498015
0.99890536,1.0,0.9515625403215401,0.9751801602923365
0.99890584,1.0,0.9515367345358829,0.9751666087764889
0.99890774,1.0,0.9515109287502258,0.9751530569022445
0.9989099,1.0,0.9514851229645687,0.9751395046695894
0.99891096,1.0,0.9514593171789115,0.9751259520785093
0.9989119,1.0,0.9514335113932544,0.9751123991289896
0.9989137,1.0,0.9514077056075972,0.9750988458210165
0.9989198,1.0,0.9513818998219401,0.9750852921545756
0.9989264,1.0,0.951356094036283,0.9750717381296529
0.9989286,1.0,0.9513302882506258,0.9750581837462337
0.9989297,1.0,0.9512786766793115,0.97503107390385
0.9989329,1.0,0.9512528708936544,0.975017518444857
0.99893785,1.0,0.9512270651079973,0.9750039626273107
0.9989384,1.0,0.9512012593223401,0.9749904064511972
0.9989396,1.0,0.9511754535366829,0.974976849916502
0.9989454,1.0,0.9511496477510257,0.9749632930232112
0.99894565,1.0,0.9511238419653686,0.9749497357713104
0.9989485,1.0,0.9510980361797114,0.9749361781607851
0.99894863,1.0,0.9510722303940543,0.9749226201916215
0.99895084,1.0,0.9510464246083972,0.9749090618638052
0.99895096,1.0,0.9508915898944543,0.9748277043644032
0.998951,1.0,0.95083997832314,0.974800582328069
0.9989517,1.0,0.9507883667518258,0.9747734588566114
0.9989535,1.0,0.9507367551805115,0.9747463339499167
0.9989537,1.0,0.9507109493948543,0.9747327709583198
0.99895656,1.0,0.9506851436091972,0.9747192076078708
0.9989622,1.0,0.9506335320378829,0.9746920798303599
0.9989631,1.0,0.9505819204665686,0.97466495061727
0.9989633,1.0,0.9505561146809115,0.9746513854723473
0.9989638,1.0,0.9505303088952544,0.9746378199684872
0.9989678,1.0,0.9505045031095972,0.9746242541056753
0.998969,1.0,0.9501432221103971,0.9744342943283971
0.9989753,1.0,0.9500916105390829,0.9744071514716214
0.9989762,1.0,0.9500141931821114,0.974366434492467
0.9989793,1.0,0.9499883873964543,0.9743528614476276
0.9989802,1.0,0.9498593584681686,0.9742849908343788
0.99898076,1.0,0.9498335526825115,0.9742714156338189
0.9989824,1.0,0.9498077468968543,0.9742578400739222
0.998983,1.0,0.9497819411111972,0.9742442641546748
0.9989848,1.0,0.94975613532554,0.9742306878760622
0.99899167,1.0,0.9497303295398828,0.9742171112380699
0.998994,1.0,0.9497045237542256,0.9742035342406838
0.9989953,1.0,0.9496787179685685,0.9741899568838899
0.9989961,1.0,0.9496529121829114,0.9741763791676736
0.99899745,1.0,0.94957549482594,0.9741356438623484
0.998998,1.0,0.9495496890402828,0.9741220647083003
0.99900067,1.0,0.9495238832546257,0.9741084851947586
0.99900323,1.0,0.9494980774689685,0.9740949053217087
0.99900395,1.0,0.9494722716833114,0.9740813250891367
0.9990049,1.0,0.9493432427550257,0.9740134185329441
0.999005,1.0,0.9493174369693685,0.9739998361429391
0.9990095,1.0,0.9492916311837114,0.9739862533933118
0.9990165,1.0,0.9492400196123971,0.9739590868151337
0.9990179,1.0,0.94921421382674,0.9739455029865542
0.9990193,1.0,0.9491884080410828,0.9739319187982954
0.99902,1.0,0.9491626022554257,0.973918334250343
0.9990214,1.0,0.9491367964697686,0.9739047493426828
0.99902165,1.0,0.9491109906841114,0.9738911640753004
0.9990229,1.0,0.9490851848984543,0.9738775784481816
0.9990278,1.0,0.9490593791127971,0.973863992461312
0.99903136,1.0,0.9490335733271399,0.9738504061146772
0.9990355,1.0,0.9490077675414827,0.9738368194082633
0.9990379,1.0,0.9489819617558256,0.9738232323420558
0.9990395,1.0,0.9489561559701685,0.9738096449160403
0.9990401,1.0,0.9489303501845113,0.9737960571302026
0.9990468,1.0,0.9489045443988542,0.9737824689845285
0.999049,1.0,0.948878738613197,0.9737688804790036
0.9990499,1.0,0.9488271270418828,0.973741702388344
0.9990503,1.0,0.9487755154705685,0.97371452285811
0.99906003,1.0,0.9487497096849113,0.9737009325531166
0.99906296,1.0,0.9487239038992542,0.9736873418881866
0.99906385,1.0,0.9486980981135971,0.973673750863306
0.9990683,1.0,0.9486722923279399,0.9736601594784601
0.99907154,1.0,0.9486464865422828,0.9736465677336347
0.9990787,1.0,0.9486206807566256,0.9736329756288155
0.99907887,1.0,0.9485948749709685,0.9736193831639883
0.9990801,1.0,0.9485690691853114,0.9736057903391387
0.99908775,1.0,0.9485432633996542,0.9735921971542524
0.99908847,1.0,0.9485174576139971,0.9735786036093151
0.9990894,1.0,0.9484916518283399,0.9735650097043126
0.9990896,1.0,0.9484658460426828,0.9735514154392305
0.99908996,1.0,0.9484400402570257,0.9735378208140544
0.99909145,1.0,0.9484142344713685,0.9735242258287701
0.9990946,1.0,0.9483884286857114,0.9735106304833634
0.999095,1.0,0.9483626229000542,0.9734970347778198
0.9990957,1.0,0.9483368171143971,0.973483438712125
0.99909717,1.0,0.9483110113287399,0.9734698422862648
0.99909854,1.0,0.9482852055430827,0.9734562455002247
0.999101,1.0,0.9482593997574256,0.9734426483539907
0.9991019,1.0,0.9482335939717684,0.9734290508475484
0.9991034,1.0,0.9482077881861113,0.9734154529808832
0.9991046,1.0,0.9481819824004541,0.973401854753981
0.99910486,1.0,0.948156176614797,0.9733882561668277
0.99910605,1.0,0.9481303708291399,0.9733746572194085
0.99910754,1.0,0.9481045650434827,0.9733610579117095
0.99911,1.0,0.9480787592578256,0.973347458243716
0.99911445,1.0,0.9476142551159971,0.9731026025931871
0.9991176,1.0,0.9475884493303398,0.973088996076881
0.99911785,1.0,0.9475368377590255,0.9730617819625121
0.999118,1.0,0.9475110319733684,0.9730481743644207
0.99911934,1.0,0.9474852261877112,0.9730345664057055
0.9991201,1.0,0.9474594204020541,0.9730209580863521
0.9991216,1.0,0.9474078088307398,0.9729937403656737
0.999122,1.0,0.9473820030450827,0.9729801309643199
0.9991256,1.0,0.9473561972594255,0.9729665212022706
0.9991282,1.0,0.9473303914737684,0.9729529110795114
0.99912834,1.0,0.9473045856881113,0.9729393005960283
0.9991288,1.0,0.9472787799024541,0.9729256897518066
0.9991363,1.0,0.947252974116797,0.9729120785468319
0.9991369,1.0,0.9471755567598256,0.9728712427672477
0.9991384,1.0,0.9471497509741684,0.9728576301191182
0.99913883,1.0,0.9471239451885113,0.9728440171101641
0.99913913,1.0,0.9470981394028541,0.9728304037403713
0.9991394,1.0,0.947072333617197,0.9728167900097252
0.9991418,1.0,0.9470465278315399,0.9728031759182113
0.9991438,1.0,0.9470207220458827,0.9727895614658155
0.99914384,1.0,0.9469949162602256,0.9727759466525235
0.99914646,1.0,0.9469691104745684,0.9727623314783209
0.99914926,1.0,0.9469433046889113,0.9727487159431931
0.9991512,1.0,0.9469174989032542,0.972735100047126
0.9991519,1.0,0.9468400815462826,0.9726942501931451
0.99915576,1.0,0.9467884699749683,0.9726670151521978
0.99915695,1.0,0.9467626641893112,0.9726533970901932
0.9991575,1.0,0.9462981600474827,0.9724082102223797
0.99915814,1.0,0.9461949369048541,0.9723537083575748
0.9991628,1.0,0.9461433253335397,0.9723264552570944
0.99916357,1.0,0.9461175195478826,0.9723128281647845
0.9991639,1.0,0.9460917137622255,0.9722992007110756
0.9991654,1.0,0.9460659079765683,0.9722855728959532
0.9991681,1.0,0.9460401021909112,0.9722719447194029
0.99917,1.0,0.946014296405254,0.9722583161814107
0.9991707,1.0,0.9459884906195969,0.9722446872819619
0.9991724,1.0,0.9459626848339397,0.9722310580210421
0.9991727,1.0,0.9459368790482826,0.972217428398637
0.99917495,1.0,0.9458078501199969,0.9721492748638291
0.99917513,1.0,0.9454207633351397,0.9719447600164708
0.99917656,1.0,0.9453691517638254,0.9719174852208298
0.99917674,1.0,0.9453433459781683,0.9719038472802922
0.99917734,1.0,0.945291734406854,0.9718765703137102
0.99918866,1.0,0.9452659286211968,0.9718629312876375
0.9991909,1.0,0.9452401228355397,0.9718492918996907
0.99919194,1.0,0.9452143170498826,0.9718356521498557
0.9991966,1.0,0.9451368996929111,0.971794730728877
0.9992003,1.0,0.945111093907254,0.9717810895313448
0.99920124,1.0,0.9450852881215969,0.9717674479718523
0.9992043,1.0,0.9450336765502826,0.9717401637669291
0.9992053,1.0,0.9450078707646254,0.9717265211214693
0.999211,1.0,0.9449562591933112,0.9716992347444816
0.99921334,1.0,0.944930453407654,0.971685591012925
0.9992137,1.0,0.9449046476219969,0.9716719469193069
0.99921495,1.0,0.9448530360506826,0.9716446576458301
0.99921554,1.0,0.9448272302650255,0.9716310124659423
0.99921674,1.0,0.9448014244793683,0.9716173669239356
0.99921775,1.0,0.9446207839797682,0.9715218379893515
0.99921906,1.0,0.9445433666227968,0.9714808915841631
0.9992191,1.0,0.9445175608371397,0.971467242057898
0.9992192,1.0,0.9444917550514825,0.9714535921693411
0.99922127,1.0,0.9444659492658254,0.9714399419184779
0.99922186,1.0,0.9444401434801682,0.971426291305294
0.9992234,1.0,0.9444143376945111,0.971412640329775
0.99922425,1.0,0.944388531908854,0.9713989889919066
0.99922556,1.0,0.9443627261231968,0.971385337291674
0.99922675,1.0,0.9443369203375397,0.971371685229063
0.99922836,1.0,0.9443111145518825,0.9713580328040594
0.99923,1.0,0.9442853087662254,0.9713443800166485
0.9992303,1.0,0.943872416195711,0.9711258861189084
0.9992307,1.0,0.9438208046243968,0.9710985678551556
0.99923104,1.0,0.9434337178395397,0.9708936346271281
0.99923927,1.0,0.9434079120538825,0.9708799695092792
0.9992398,1.0,0.9433821062682254,0.9708663040285176
0.9992401,1.0,0.9433563004825682,0.9708526381848287
0.99924326,1.0,0.943330494696911,0.9708389719781981
0.99924463,1.0,0.9433046889112539,0.9708253054086116
0.99924487,1.0,0.9432788831255967,0.9708116384760541
0.9992469,1.0,0.9432530773399396,0.9707979711805117
0.99924886,1.0,0.9432272715542824,0.9707843035219699
0.9992498,1.0,0.9432014657686253,0.970770635500414
0.9992514,1.0,0.9431756599829682,0.9707569671158296
0.99925166,1.0,0.943149854197311,0.9707432983682023
0.9992517,1.0,0.9429176021263967,0.9706202633002383
0.9992541,1.0,0.9428659905550825,0.9705929181793319
0.9992546,1.0,0.9428401847694253,0.970579245074061
0.99925596,1.0,0.9428143789837682,0.9705655716055593
0.9992575,1.0,0.9427627674124539,0.9705382235788047
0.99926054,1.0,0.9427369616267968,0.970524549020523
0.9992618,1.0,0.9427111558411396,0.9705108740989524
0.99926245,1.0,0.942607932698511,0.970456170779491
0.9992625,1.0,0.9425305153415395,0.970415139474652
0.9992644,1.0,0.9424789037702253,0.9703877834544263
0.99926496,1.0,0.942246651699311,0.970264663371768
0.99926513,1.0,0.9422208459136538,0.9702509815449563
0.99926627,1.0,0.9421692343423396,0.9702236168005827
0.9992664,1.0,0.9421434285566824,0.9702099338829917
0.9992717,1.0,0.941524089700911,0.9698814347408321
0.99927646,1.0,0.9414466723439395,0.9698403576113828
0.99927694,1.0,0.9414208665582824,0.9698266645068917
0.99927706,1.0,0.9413950607726252,0.9698129710383723
0.9992771,1.0,0.9413176434156538,0.9697718884484993
0.99928015,1.0,0.9412918376299967,0.9697581935237217
0.9992803,1.0,0.9412402260586824,0.9697308025818493
0.9992805,1.0,0.9412144202730253,0.9697171065647258
0.9992834,1.0,0.9409563624164538,0.9695801263631506
0.99928766,1.0,0.9409305566307966,0.9695664263396396
0.99928975,1.0,0.9409047508451395,0.9695527259518244
0.9992921,1.0,0.9408789450594823,0.9695390251996907
0.9992951,1.0,0.9403886351319966,0.9692786416692578
0.9992961,1.0,0.9403628293463394,0.9692649336276967
0.9992962,1.0,0.9403370235606823,0.9692512252215116
0.99929696,1.0,0.9403112177750251,0.9692375164506879
0.9992971,1.0,0.940285411989368,0.969223807315211
0.999298,1.0,0.9402596062037109,0.9692100978150663
0.99929804,1.0,0.9402338004180537,0.9691963879502395
0.99929994,1.0,0.9402079946323966,0.9691826777207159
0.9993003,1.0,0.9397176847049108,0.9689221140480135
0.9993016,1.0,0.9396144615622822,0.9688672417518727
0.99930197,1.0,0.9395886557766251,0.9688535227652583
0.999302,1.0,0.939562849990968,0.9688398034135829
0.9993025,1.0,0.9395370442053108,0.9688260836968321
0.9993044,1.0,0.9394854326339965,0.9687986431680461
0.99930555,1.0,0.9394596268483394,0.9687849223559817
0.99930567,1.0,0.9394338210626823,0.9687712011787835
0.9993058,1.0,0.9394080152770251,0.968757479636437
0.99930614,1.0,0.939382209491368,0.9687437577289277
0.9993077,1.0,0.9393564037057108,0.9687300354562411
0.9993101,1.0,0.9393305979200537,0.9687163128183622
0.9993108,1.0,0.9392273747774251,0.9686614186146355
0.99931085,1.0,0.939201568991768,0.9686476941505779
0.99931216,1.0,0.9391757632061108,0.968633969321241
0.9993184,1.0,0.9391499574204537,0.96862024412661
0.9993189,1.0,0.9391241516347966,0.9686065185666701
0.9993204,1.0,0.9390983458491394,0.9685927926414071
0.99932045,1.0,0.9390725400634823,0.9685790663508063
0.99932057,1.0,0.939046734277825,0.9685653396948529
0.99932414,1.0,0.9390209284921679,0.9685516126735326
0.99932444,1.0,0.9389951227065108,0.9685378852868307
0.999327,1.0,0.9389693169208536,0.9685241575347325
0.9993272,1.0,0.9389435111351965,0.9685104294172238
0.9993279,1.0,0.9388918995638822,0.9684829720859154
0.9993289,1.0,0.938866093778225,0.9684692428720866
0.9993303,1.0,0.9388402879925679,0.9684555132927888
0.99933183,1.0,0.9388144822069108,0.9684417833480072
0.9993339,1.0,0.9387886764212536,0.9684280530377273
0.999335,1.0,0.9387628706355965,0.9684143223619344
0.99933606,1.0,0.9387370648499394,0.968400591320614
0.9993374,1.0,0.9386854532786251,0.9683731281413324
0.999338,1.0,0.9386596474929679,0.9683593960033418
0.99933916,1.0,0.9386338417073108,0.9683456634997654
0.99934125,1.0,0.9386080359216536,0.9683319306305885
0.999342,1.0,0.9385822301359965,0.9683181973957964
0.99934244,1.0,0.9385564243503394,0.9683044637953746
0.9993429,1.0,0.9385306185646822,0.9682907298293086
0.9993443,1.0,0.9385048127790251,0.9682769954975837
0.9993457,1.0,0.938479006993368,0.9682632608001851
0.99934745,1.0,0.9384015896363965,0.9682220545138026
0.9993481,1.0,0.9383757838507394,0.9682083183535639
0.99934894,1.0,0.938324172279425,0.9681808449358323
0.9993503,1.0,0.9382725607081107,0.9681533700549979
0.99935573,1.0,0.9382467549224536,0.9681396320658804
0.9993559,1.0,0.9382209491367964,0.9681258937109434
0.9993564,1.0,0.9381951433511393,0.9681121549901721
0.9993589,1.0,0.9381693375654822,0.9680984159035522
0.99935925,1.0,0.938143531779825,0.9680846764510687
0.99935937,1.0,0.9381177259941679,0.968070936632707
0.99936014,1.0,0.9380919202085107,0.9680571964484529
0.9993603,1.0,0.9380661144228536,0.9680434558982914
0.9993612,1.0,0.9380145028515393,0.9680159737001881
0.9993631,1.0,0.9379886970658822,0.9680022320522171
0.9993638,1.0,0.937962891280225,0.9679884900382805
0.9993649,1.0,0.9379370854945679,0.9679747476583633
0.99936754,1.0,0.9378854739232536,0.9679472618005295
0.9993709,1.0,0.9378596681375965,0.9679335183225836
0.9993719,1.0,0.9378338623519393,0.9679197744785987
0.9993734,1.0,0.9378080565662822,0.9679060302685604
0.9993736,1.0,0.937782250780625,0.967892285692454
0.9993739,1.0,0.9377306392093108,0.9678647954419785
0.9993743,1.0,0.9377048334236536,0.9678510497675799
0.9993753,1.0,0.9376790276379965,0.9678373037270549
0.99937606,1.0,0.9376532218523393,0.9678235573203886
0.999379,1.0,0.9376274160666821,0.9678098105475664
0.99937993,1.0,0.937601610281025,0.9677960634085737
0.9993801,1.0,0.9374983871383964,0.9677410711906055
0.9993821,1.0,0.9374725813527393,0.9677273222205408
0.99938256,1.0,0.937420969781425,0.9676998231816222
0.99938387,1.0,0.9372919408531393,0.9676310691740367
0.9993842,1.0,0.937240329281825,0.9676035650065798
0.9993851,1.0,0.9372145234961679,0.9675898123732737
0.9993861,1.0,0.9371887177105107,0.9675760593735627
0.999387,1.0,0.9371371061391964,0.9675485522748682
0.99938774,1.0,0.9370854945678821,0.9675210437103795
0.9993878,1.0,0.937059688782225,0.9675072888784254
0.99938864,1.0,0.9370338829965679,0.967493533679979
0.99939173,1.0,0.9370080772109107,0.9674797781150254
0.99939245,1.0,0.9369822714252536,0.9674660221835498
0.99939346,1.0,0.9369564656395964,0.9674522658855377
0.9993935,1.0,0.9368274367113106,0.9673834788969172
0.99939376,1.0,0.9368016309256535,0.9673697203993786
0.9993944,1.0,0.9367758251399964,0.9673559615352009
0.9993945,1.0,0.9367500193543392,0.9673422023043694
0.9993953,1.0,0.9366726019973678,0.9673009224118061
0.99939716,1.0,0.936517767283425,0.9672183527250502
0.9993975,1.0,0.9364919614977678,0.9672045898268753
0.99939823,1.0,0.9364661557121107,0.9671908265618855
0.99939847,1.0,0.9364145441407964,0.9671632989314021
0.99939907,1.0,0.9363887383551392,0.9671495345658794
0.99939954,1.0,0.9363629325694821,0.9671357698334829
0.99939966,1.0,0.936337126783825,0.9671220047341981
0.9993998,1.0,0.9363113209981678,0.9671082392680103
0.9994002,1.0,0.9362339036411964,0.9670669406678826
0.9994005,1.0,0.936182292069882,0.9670394064330133
0.999401,1.0,0.9361564862842249,0.9670256387650996
0.9994025,1.0,0.9361306804985677,0.9670118707301802
0.9994041,1.0,0.9361048747129106,0.9669981023282405
0.99940485,1.0,0.9360790689272535,0.9669843335592655
0.999405,1.0,0.9360532631415963,0.966970564423241
0.9994062,1.0,0.9360274573559392,0.9669567949201522
0.9994069,1.0,0.936001651570282,0.9669430250499841
0.99940926,1.0,0.9359242342133106,0.9669017132368589
0.9994102,1.0,0.9358984284276535,0.9668879418982278
0.99941236,1.0,0.9357177879280535,0.9667915322467188
0.9994142,1.0,0.9356919821423964,0.9667777579704566
0.99941456,1.0,0.9356661763567392,0.9667639833269246
0.9994162,1.0,0.9356145647854249,0.966736432937992
0.9994164,1.0,0.9355887589997678,0.966722657192562
0.9994187,1.0,0.9355629532141106,0.9667088810798032
0.9994189,1.0,0.9355371474284535,0.9666951045997011
0.9994194,1.0,0.9354855358571391,0.9666675505374078
0.9994205,1.0,0.935459730071482,0.9666537729551872
0.9994213,1.0,0.9354339242858248,0.9666399950055644
0.9994226,1.0,0.9353823127145106,0.9666124380040537
0.99942505,1.0,0.9353565069288534,0.9665986589521361
0.9994251,1.0,0.9353048953575391,0.9665710997459035
0.9994262,1.0,0.935279089571882,0.966557319591559
0.9994278,1.0,0.9352532837862249,0.9665435390697094
0.9994295,1.0,0.9352274780005677,0.9665297581803399
0.9994299,1.0,0.9352016722149106,0.966515976923436
0.9994314,1.0,0.9351758664292534,0.9665021952989831
0.99943143,1.0,0.9351500606435963,0.966488413306966
0.9994316,1.0,0.9351242548579392,0.9664746309473704
0.99943227,1.0,0.935098449072282,0.9664608482201816
0.99943316,1.0,0.9350726432866249,0.9664470651253848
0.99943423,1.0,0.9350210317153106,0.966419497832908
0.99943465,1.0,0.9349952259296535,0.966405713635199
0.99943495,1.0,0.9349694201439963,0.9663919290698231
0.9994357,1.0,0.9349436143583392,0.9663781441367655
0.99943787,1.0,0.9348920027870249,0.9663505731675468
0.99943954,1.0,0.9348145854300535,0.9663092139557394
0.9994411,1.0,0.9347629738587391,0.9662816393090432
0.9994421,1.0,0.9347371680730819,0.9662678514340036
0.999443,1.0,0.9347113622874248,0.9662540631911499
0.99944323,1.0,0.9346855565017677,0.9662402745804675
0.99944353,1.0,0.9346597507161105,0.9662264856019418
0.9994445,1.0,0.9346339449304534,0.966212696255558
0.99944496,1.0,0.934375887073882,0.9660747825562822
0.9994451,1.0,0.9343500812882248,0.9660609891624871
0.9994456,1.0,0.9343242755025677,0.9660471954006572
0.9994457,1.0,0.934195246574282,0.9659782210704688
0.9994469,1.0,0.9341694407886248,0.9659644251001204
0.99944854,1.0,0.9341436350029677,0.9659506287616341
0.99944884,1.0,0.9341178292173106,0.965936832054995
0.99945015,1.0,0.9340920234316534,0.9659230349801885
0.9994517,1.0,0.9340146060746819,0.9658816415466169
0.99945235,1.0,0.9339888002890248,0.9658678429989933
0.9994524,1.0,0.9339629945033676,0.9658540440831285
0.99945503,1.0,0.9337565482181105,0.9657436394977605
0.99945575,1.0,0.9337307424324534,0.9657298372670621
0.99945587,1.0,0.9337049366467962,0.9657160346679752
0.9994563,1.0,0.9336791308611391,0.9657022317004849
0.99945676,1.0,0.9335759077185105,0.9656470161461954
0.99945724,1.0,0.9335501019328534,0.9656332113364672
0.9994573,1.0,0.933472684575882,0.9655917946962727
0.99945796,1.0,0.9320017547934247,0.9648042478812923
0.999458,1.0,0.9319501432221104,0.9647765928823806
0.9994595,1.0,0.9319243374364532,0.9647627648288201
0.9994597,1.0,0.9318727258651389,0.9647351076134153
0.99946016,1.0,0.9318469200794818,0.9647212784515417
0.9994628,1.0,0.9318211142938246,0.9647074489202005
0.9994634,1.0,0.9317695027225104,0.9646797887490574
0.9994638,1.0,0.9317436969368532,0.9646659581092256
0.99946415,1.0,0.9316662795798818,0.9646244639725114
0.99946535,1.0,0.9316404737942247,0.9646106318544847
0.9994658,1.0,0.9316146680085675,0.9645967993668719
0.9994669,1.0,0.9315888622229104,0.9645829665096586
0.99946755,1.0,0.9315630564372532,0.9645691332828299
0.9994679,1.0,0.9315372506515961,0.964555299686371
0.9994718,1.0,0.9314340275089675,0.9644999616039365
0.9994731,1.0,0.9314082217233104,0.9644861261591041
0.99947345,1.0,0.9313824159376533,0.9644722903445525
0.99947387,1.0,0.9313566101519961,0.9644584541602671
0.9994739,1.0,0.931330804366339,0.9644446176062329
0.99947464,1.0,0.9313049985806818,0.9644307806824349
0.9994749,1.0,0.9312791927950247,0.9644169433888586
0.9994777,1.0,0.9312533870093676,0.9644031057254892
0.9994782,1.0,0.9312017754380532,0.9643754292893111
0.99947923,1.0,0.931175969652396,0.9643615905164727
0.99948156,1.0,0.9311501638667389,0.9643477513737819
0.99948215,1.0,0.9298340687982246,0.9636414643245029
0.99948514,1.0,0.9298082630125675,0.9636276059290293
0.9994879,1.0,0.9297824572269102,0.9636137471629163
0.9994899,1.0,0.9297566514412531,0.9635998880261487
0.9994902,1.0,0.9297308456555959,0.9635860285187122
0.99949116,1.0,0.9297050398699388,0.9635721686405916
0.99949145,1.0,0.9296792340842817,0.9635583083917718
0.9994917,1.0,0.9296534282986245,0.9635444477722382
0.99949193,1.0,0.9296276225129674,0.9635305867819761
0.99949217,1.0,0.9296018167273102,0.9635167254209703
0.9994925,1.0,0.9295760109416531,0.9635028636892061
0.9994935,1.0,0.929550205155996,0.9634890015866685
0.99949366,1.0,0.9294985935846817,0.963461276269214
0.9994952,1.0,0.9294727877990245,0.9634474130542671
0.9994959,1.0,0.9294469820133674,0.9634335494684874
0.9994964,1.0,0.9294211762277103,0.9634196855118601
0.9994965,1.0,0.9293953704420531,0.9634058211843701
0.9994968,1.0,0.929369564656396,0.9633919564860026
0.9994972,1.0,0.9293179530850817,0.9633642259765758
0.99949867,1.0,0.9292921472994246,0.9633503601654866
0.99949884,1.0,0.9292663415137674,0.9633364939834603
0.9994992,1.0,0.9292405357281103,0.9633226274304821
0.99950004,1.0,0.9292147299424531,0.9633087605065374
0.9995004,1.0,0.9291631183711389,0.9632810255456877
0.99950063,1.0,0.9291373125854817,0.963267157508753
0.9995009,1.0,0.9289308663002245,0.9631561998550776
0.9995012,1.0,0.9289050605145673,0.9631423284783699
0.9995017,1.0,0.9288792547289102,0.9631284567305018
0.99950296,1.0,0.9288534489432531,0.9631145846114586
0.9995034,1.0,0.9288018373719388,0.9630868392597864
0.9995044,1.0,0.9287760315862816,0.963072966027128
0.9995063,1.0,0.9287502258006245,0.9630590924232346
0.999507,1.0,0.9286728084436531,0.9630174693839961
0.9995074,1.0,0.9286470026579959,0.9630035942950143
0.99950856,1.0,0.9286211968723388,0.962989718834723
0.9995095,1.0,0.9285953910866817,0.9629758430031073
0.99951077,1.0,0.9285695853010245,0.9629619668001527
0.99951303,1.0,0.9285437795153674,0.9629480902258439
0.9995134,1.0,0.9285179737297102,0.962934213280166
0.9995139,1.0,0.9284921679440531,0.9629203359631042
0.9995143,1.0,0.928466362158396,0.9629064582746437
0.9995146,1.0,0.9284405563727388,0.9628925802147694
0.9995147,1.0,0.9284147505870817,0.9628787017834665
0.999516,1.0,0.9283889448014245,0.9628648229807198
0.9995167,1.0,0.9283631390157673,0.9628509438065148
0.99951714,1.0,0.9283373332301101,0.9628370642608365
0.9995175,1.0,0.9282599158731387,0.9627954233948119
0.9995185,1.0,0.9282341100874816,0.962781542363091
0.99951893,1.0,0.9282083043018244,0.9627676609598221
0.999519,1.0,0.9281566927305102,0.9627398970385805
0.9995192,1.0,0.928130886944853,0.9627260145205783
0.9995196,1.0,0.9281050811591959,0.9627121316309682
0.99952024,1.0,0.9280792753735387,0.9626982483697357
0.99952155,1.0,0.9280276638022245,0.9626704807323433
0.99952304,1.0,0.9280018580165673,0.9626565963561536
0.99952364,1.0,0.9279760522309102,0.9626427116082816
0.9995239,1.0,0.9278986348739388,0.962601055134423
0.99952567,1.0,0.9278728290882816,0.9625871688996727
0.99952596,1.0,0.9278470233026245,0.9625732822931655
0.999526,1.0,0.9278212175169673,0.9625593953148868
0.99952644,1.0,0.9277954117313102,0.9625455079648211
0.99952745,1.0,0.927769605945653,0.9625316202429538
0.9995297,1.0,0.9277179943743388,0.9625038436837544
0.99953,1.0,0.9276921885886816,0.9624899548463925
0.9995301,1.0,0.9276663828030245,0.9624760656371693
0.9995326,1.0,0.9276405770173672,0.9624621760560695
0.99953264,1.0,0.9275631596603958,0.9624205050813633
0.9995345,1.0,0.9275115480890815,0.9623927225719036
0.9995362,1.0,0.9274599365177673,0.9623649385745802
0.9995367,1.0,0.9274341307321101,0.9623510460179321
0.99953675,1.0,0.927408324946453,0.9623371530892733
0.9995376,1.0,0.9273825191607958,0.9623232597885887
0.99953806,1.0,0.9273567133751387,0.9623093661158636
0.99953866,1.0,0.927227684446853,0.9622398921711044
0.99953914,1.0,0.9272018786611959,0.9622259962658213
0.99953943,1.0,0.9271760728755387,0.9622120999883931
0.9995397,1.0,0.9271502670898816,0.9621982033388045
0.9995413,1.0,0.9271244613042244,0.9621843063170407
0.9995433,1.0,0.9270986555185673,0.9621704089230867
0.9995439,1.0,0.9270728497329102,0.9621565111569277
0.9995445,1.0,0.927047043947253,0.9621426130185486
0.9995447,1.0,0.9269696265902816,0.9621009163699416
0.99954486,1.0,0.9269438208046245,0.9620870167425328
0.99954534,1.0,0.9268664034476529,0.9620453156264774
0.9995454,1.0,0.9268147918763386,0.9620175130207671
0.9995458,1.0,0.9267889860906815,0.962003611159365
0.99954665,1.0,0.9267631803050244,0.9619897089255781
0.9995469,1.0,0.9267373745193672,0.9619758063193918
0.99954695,1.0,0.9266857629480529,0.9619479999897608
0.9995473,1.0,0.9266599571623958,0.961934096266286
0.99954736,1.0,0.9266341513767387,0.961920192170352
0.99954826,1.0,0.9266083455910815,0.9619062877019435
0.9995487,1.0,0.9265825398054244,0.9618923828610456
0.99954885,1.0,0.9265567340197672,0.9618784776476434
0.99955004,1.0,0.9265309282341101,0.961864572061722
0.9995501,1.0,0.926505122448453,0.9618506661032665
0.99955034,1.0,0.9264793166627958,0.9618367597722616
0.9995505,1.0,0.9264535108771387,0.9618228530686924
0.99955183,1.0,0.9264277050914815,0.9618089459925442
0.9995519,1.0,0.9264018993058244,0.9617950385438019
0.99955213,1.0,0.9263760935201673,0.9617811307224504
0.9995523,1.0,0.9262470645918816,0.9617115860260321
0.99955297,1.0,0.9262212588062243,0.9616976759687115
0.999553,1.0,0.9261954530205672,0.961683765538677
0.99955344,1.0,0.92616964723491,0.9616698547359135
0.99955446,1.0,0.9261438414492529,0.9616559435604061
0.9995555,1.0,0.9260922298779386,0.9616281200910995
0.9995557,1.0,0.9260406183066243,0.9616002951306376
0.99955636,1.0,0.9259632009496529,0.9615585548937662
0.9995569,1.0,0.9259373951639958,0.9615446407357681
0.9995577,1.0,0.9259115893783386,0.9615307262048911
0.9995581,1.0,0.9258857835926815,0.9615168113011205
0.99955887,1.0,0.9258083662357101,0.961475064352296
0.9995589,1.0,0.9257567546643958,0.9614472311883362
0.9995594,1.0,0.9257309488787386,0.9614333140468881
0.9995618,1.0,0.9256793373074244,0.9614054786449809
0.9995623,1.0,0.9256277257361101,0.9613776417509589
0.9995624,1.0,0.9255761141647958,0.9613498033647021
0.9995632,1.0,0.9255245025934815,0.9613219634860906
0.9995633,1.0,0.9254986968078243,0.9613080429871141
0.99956346,1.0,0.92544708523651,0.9612802008697453
0.9995639,1.0,0.9253954736651957,0.9612523572597218
0.9995657,1.0,0.9253696678795386,0.9612384348949269
0.9995664,1.0,0.9253438620938814,0.9612245121569233
0.9995667,1.0,0.9253180563082243,0.961210589045696
0.9995673,1.0,0.9252922505225671,0.96119666556123
0.99956745,1.0,0.92526644473691,0.96118274170351
0.99956816,1.0,0.9248019405950814,0.9609320484210493
0.9995691,1.0,0.9247503290237671,0.960904186142708
0.9995697,1.0,0.9247245232381099,0.9608902544431912
0.99957,1.0,0.9246987174524528,0.9608763223700904
0.9995701,1.0,0.9246729116667957,0.9608623899233903
0.99957055,1.0,0.9246213000954814,0.9608345239091325
0.9995724,1.0,0.92454388273851,0.9607927220853766
0.9995725,1.0,0.9245180769528528,0.9607787873967659
0.9995726,1.0,0.9244922711671957,0.960764852334451
0.99957263,1.0,0.9244664653815385,0.9607509168984166
0.9995739,1.0,0.9244406595958814,0.9607369810886477
0.9995745,1.0,0.9244148538102243,0.9607230449051294
0.9995746,1.0,0.9243374364532528,0.9606812341119273
0.9995749,1.0,0.9243116306675957,0.9606672964332607
0.99957496,1.0,0.9242858248819386,0.9606533583807695
0.9995758,1.0,0.9242600190962814,0.9606394199544387
0.99957633,1.0,0.9242084075249671,0.9606115419801974
0.9995776,1.0,0.9241051843823386,0.960555781544977
0.99957794,1.0,0.9240793785966813,0.9605418405013469
0.9995787,1.0,0.924027767025367,0.9605139572921919
0.9995791,1.0,0.9239761554540528,0.960486072587076
0.9995792,1.0,0.9239503496683956,0.9604721296734954
0.9995796,1.0,0.9239245438827385,0.9604581863858794
0.9995797,1.0,0.9238729323114242,0.9604302986884812
0.9995809,1.0,0.9238471265257671,0.9604163542786691
0.99958104,1.0,0.9237697091687956,0.9603745188045993
0.9995812,1.0,0.9237439033831385,0.9603605728983149
0.9995814,1.0,0.9237180975974814,0.9603466266178746
0.99958146,1.0,0.9236922918118242,0.9603326799632637
0.9995818,1.0,0.9236664860261671,0.9603187329344667
0.9995821,1.0,0.9236406802405099,0.960304785531469
0.9995822,1.0,0.9235890686691957,0.9602768896028107
0.9995828,1.0,0.9235632628835385,0.9602629410771197
0.9995833,1.0,0.9235374570978814,0.9602489921771679
0.9995836,1.0,0.9235116513122242,0.9602350429029398
0.9995844,1.0,0.9234858455265671,0.9602210932544203
0.9995845,1.0,0.9234342339552528,0.9601931928344475
0.9995848,1.0,0.9234084281695957,0.9601792420629639
0.99958545,1.0,0.9233568165982813,0.9601513393969269
0.99958634,1.0,0.9233310108126241,0.9601373875023435
0.99958664,1.0,0.9232535934556527,0.9600955295721525
0.9995867,1.0,0.9232277876699956,0.9600815761798916
0.9995868,1.0,0.9232019818843384,0.9600676224131739
0.9995876,1.0,0.9231761760986813,0.960053668271984
0.99958926,1.0,0.9231503703130242,0.9600397137563068
0.99959,1.0,0.923124564527367,0.9600257588661274
0.9995906,1.0,0.9230729529560527,0.9599978479622018
0.9995909,1.0,0.9230213413847385,0.959969935560086
0.99959093,1.0,0.9229955355990813,0.9599559787971693
0.99959135,1.0,0.9229697298134242,0.9599420216596599
0.99959177,1.0,0.922943924027767,0.9599280641475425
0.9995925,1.0,0.9228923124564528,0.9599001479994242
0.9995926,1.0,0.9228665066707956,0.9598861893633931
0.9995927,1.0,0.9228407008851385,0.9598722303526938
0.9995929,1.0,0.9228148950994813,0.9598582709673111
0.9995943,1.0,0.9227890893138242,0.9598443112072303
0.9995947,1.0,0.922763283528167,0.9598303510724362
0.99959534,1.0,0.9227374777425099,0.9598163905629135
0.9995957,1.0,0.9226084488142241,0.9597465823938446
0.9995964,1.0,0.922582643028567,0.959732619635634
0.9995966,1.0,0.9225568372429098,0.9597186565025896
0.99959666,1.0,0.9225310314572527,0.9597046929946959
0.9995968,1.0,0.9225052256715955,0.9596907291119376
0.99959683,1.0,0.9224794198859384,0.9596767648543002
0.99959755,1.0,0.922402002528967,0.9596348698319604
0.9995978,1.0,0.9223503909576527,0.9596069379423935
0.99959815,1.0,0.9223245851719956,0.9595929714351626
0.9995982,1.0,0.9222987793863384,0.9595790045529465
0.9995985,1.0,0.9219374983871383,0.9593834288200294
0.99959856,1.0,0.9219116926014812,0.9593694563112243
0.99959886,1.0,0.9218858868158241,0.9593554834271925
0.99959964,1.0,0.9217826636731955,0.9592995881384945
0.9996004,1.0,0.9217568578875384,0.9592856133781017
0.9996007,1.0,0.9217310521018812,0.9592716382423914
0.9996009,1.0,0.9217052463162241,0.9592576627313486
0.9996033,1.0,0.9216278289592527,0.9592157339460727
0.9996039,1.0,0.9215246058166241,0.9591598236434641
0.9996041,1.0,0.921498800030967,0.9591458451292156
0.99960464,1.0,0.9214729942453098,0.9591318662394985
0.9996054,1.0,0.9214471884596527,0.9591178869742973
0.99960583,1.0,0.9214213826739955,0.9591039073335972
0.99960726,1.0,0.9213955768883384,0.959089927317383
0.99960804,1.0,0.9213697711026813,0.9590759469256395
0.9996093,1.0,0.921318159531367,0.9590479850155039
0.99960935,1.0,0.9212923537457098,0.9590340034970819
0.9996097,1.0,0.9212665479600527,0.95902002160307
0.9996099,1.0,0.9212407421743956,0.959006039333453
0.99961007,1.0,0.9211375190317669,0.9589501064986332
0.9996106,1.0,0.9211117132461097,0.9589361223507645
0.99961066,1.0,0.9210859074604526,0.9589221378272
0.9996109,1.0,0.9210342958891383,0.9588941676529235
0.99961096,1.0,0.9210084901034812,0.9588801820021808
0.999611,1.0,0.9205697917473098,0.9586423684364788
0.9996112,1.0,0.9205439859616527,0.9586283760198047
0.9996113,1.0,0.9205181801759954,0.9586143832271014
0.99961185,1.0,0.9204665686046811,0.9585863965135473
0.99961233,1.0,0.920440762819024,0.958572402592666
0.99961257,1.0,0.9203891512477097,0.9585444136226193
0.9996135,1.0,0.9203633454620526,0.9585304185734235
0.99961424,1.0,0.9203117338907383,0.9585024273466112
0.9996143,1.0,0.920260122319424,0.958474434615137
0.99961436,1.0,0.9202085107481097,0.9584464403788795
0.99961466,1.0,0.9199762586771955,0.9583204476907736
0.99961513,1.0,0.9199504528915383,0.958306446621595
0.9996155,1.0,0.9199246471058812,0.9582924451760386
0.99961567,1.0,0.919898841320224,0.9582784433540892
0.9996157,1.0,0.9198730355345669,0.9582644411557315
0.99961615,1.0,0.9197956181775954,0.958222432302057
0.9996166,1.0,0.9197440066062811,0.9581944245172879
0.99961835,1.0,0.9197182008206239,0.9581804200601619
0.9996186,1.0,0.9196923950349668,0.9581664152265215
0.9996187,1.0,0.9196665892493097,0.9581524100163513
0.9996192,1.0,0.9196407834636525,0.9581384044296364
0.99961936,1.0,0.9195891718923382,0.958110392126511
0.9996198,1.0,0.9195117545353668,0.9580683708473566
0.9996202,1.0,0.9193311140357668,0.9579703080130275
0.9996214,1.0,0.9193053082501097,0.9579562975298468
0.9996218,1.0,0.9192278908931383,0.957914263819699
0.99962205,1.0,0.9191504735361669,0.9578722267183226
0.9996228,1.0,0.9191246677505097,0.9578582135975201
0.99962336,1.0,0.9190988619648525,0.9578442000998534
0.99962354,1.0,0.9190730561791953,0.9578301862253076
0.99962366,1.0,0.919021444607881,0.9578021573455178
0.99962527,1.0,0.9189698330365668,0.957774126958029
0.99962574,1.0,0.9188924156795953,0.9577320785495939
0.9996259,1.0,0.9188666098939382,0.9577180616594674
0.999626,1.0,0.9188408041082811,0.9577040443923249
0.99962676,1.0,0.9188149983226239,0.9576900267481513
0.99962693,1.0,0.9187891925369668,0.9576760087269313
0.99962723,1.0,0.9187375809656525,0.9576479715532908
0.99962765,1.0,0.9187117751799954,0.9576339524008401
0.99962777,1.0,0.9186859693943382,0.9576199328712822
0.99962825,1.0,0.9186601636086811,0.9576059129646017
0.9996291,1.0,0.9186343578230239,0.9575918926807834
0.99962956,1.0,0.9186085520373668,0.9575778720198123
0.9996297,1.0,0.9185827462517097,0.957563850981673
0.9996299,1.0,0.9185569404660525,0.9575498295663502
0.9996302,1.0,0.9185311346803954,0.9575358077738287
0.9996311,1.0,0.9184021057521097,0.9574656931527101
0.99963117,1.0,0.9183762999664524,0.9574516690966774
0.9996319,1.0,0.9183504941807953,0.9574376446633397
0.99963194,1.0,0.9183246883951381,0.9574236198526813
0.999632,1.0,0.9182472710381667,0.957381543156632
0.9996321,1.0,0.9182214652525096,0.9573675168365399
0.99963236,1.0,0.9181956594668524,0.9573534901390511
0.99963266,1.0,0.9181698536811953,0.9573394630641507
0.9996331,1.0,0.9181440478955382,0.9573254356118233
0.99963444,1.0,0.918118242109881,0.9573114077820536
0.99963474,1.0,0.9180666305385667,0.9572833509901265
0.9996348,1.0,0.9180408247529096,0.9572693220279387
0.9996351,1.0,0.9180150189672525,0.9572552926882476
0.9996356,1.0,0.9177827668963382,0.9571290116408706
0.9996359,1.0,0.9177311553250239,0.9571009450320777
0.9996362,1.0,0.9177053495393668,0.9570869111611596
0.99963623,1.0,0.9176537379680524,0.9570588422862043
0.9996363,1.0,0.9176021263967381,0.9570307719003218
0.9996366,1.0,0.917576320611081,0.9570167361407446
0.9996367,1.0,0.9175247090397667,0.9569886634882422
0.99963737,1.0,0.9174989032541095,0.9569746265952865
0.9996376,1.0,0.9174730974684524,0.9569605893245074
0.99963826,1.0,0.9174472916827953,0.9569465516758898
0.9996383,1.0,0.9174214858971381,0.9569325136494183
0.99963856,1.0,0.9173698743258238,0.9569044364628528
0.9996386,1.0,0.917215039611881,0.9568201958330768
0.99963874,1.0,0.9171634280405667,0.9567921125993848
0.99963886,1.0,0.9171118164692524,0.9567640278536058
0.999639,1.0,0.9170860106835953,0.9567499849136456
0.9996401,1.0,0.9170602048979382,0.9567359415956178
0.99964046,1.0,0.917034399112281,0.9567218978995072
0.99964064,1.0,0.9169569817553095,0.9566797645425263
0.999641,1.0,0.9169053701839952,0.9566516737471784
0.9996415,1.0,0.9168795643983381,0.9566376277822506
0.99964154,1.0,0.9168021470413666,0.9565954876182676
0.99964184,1.0,0.9167763412557095,0.9565814401404894
0.99964297,1.0,0.9161828081855952,0.9562582437234407
0.999643,1.0,0.9161053908286237,0.956216072907526
0.9996434,1.0,0.9159505561146809,0.9561317210517798
0.9996443,1.0,0.9159247503290238,0.9561176610836545
0.99964434,1.0,0.9157699156150809,0.9560332933205036
0.99964446,1.0,0.9156924982581095,0.9559911043246971
0.99964464,1.0,0.9156408866867952,0.9559629764330525
0.999645,1.0,0.9155634693298238,0.955920781753619
0.99964505,1.0,0.9155376635441665,0.9559067161025554
0.9996453,1.0,0.9154602461871951,0.9558645168753933
0.9996455,1.0,0.9152796056875951,0.9557660387452149
0.99964637,1.0,0.9152279941162809,0.955737898724578
0.9996467,1.0,0.9152021883306237,0.9557238281455138
0.9996468,1.0,0.9151763825449666,0.9557097571872656
0.99964696,1.0,0.9150989651879952,0.9556675420372618
0.99964714,1.0,0.9150473536166809,0.9556393967077238
0.9996472,1.0,0.9150215478310237,0.955625323474048
0.9996474,1.0,0.9149957420453666,0.9556112498610808
0.9996483,1.0,0.9149699362597095,0.9555971758688068
0.99964863,1.0,0.9149441304740523,0.9555831014972105
0.99964905,1.0,0.914892518902738,0.9555549516159897
0.9996496,1.0,0.9148409073314238,0.9555268002172963
0.9996497,1.0,0.9147376841887951,0.9554704928669995
0.99964976,1.0,0.914711878403138,0.9554564150808131
0.99965006,1.0,0.9146860726174808,0.955442336915151
0.9996503,1.0,0.9146602668318237,0.9554282583699979
0.99965054,1.0,0.9146344610461665,0.9554141794453386
0.9996508,1.0,0.9145828494748522,0.9553860204574397
0.99965084,1.0,0.9145570436891951,0.9553719403941693
0.999651,1.0,0.9140667337617093,0.9551043470566726
0.9996513,1.0,0.9138860932621093,0.9550057254759756
0.99965143,1.0,0.9138602874764522,0.9549916351589881
0.9996515,1.0,0.9138086759051379,0.9549634533850504
0.9996516,1.0,0.9137570643338236,0.9549352700910604
0.999652,1.0,0.9137054527625094,0.9549070852768946
0.9996534,1.0,0.9136796469768522,0.9548929922997076
0.9996537,1.0,0.9136538411911951,0.9548788989424306
0.999654,1.0,0.9136280354055379,0.9548648052050481
0.99965405,1.0,0.9136022296198808,0.9548507110875448
0.9996546,1.0,0.9135764238342237,0.9548366165899056
0.999655,1.0,0.9135248122629094,0.954808426454157
0.9996556,1.0,0.9134990064772522,0.9547943308160168
0.999656,1.0,0.9134732006915951,0.9547802347976792
0.99965626,1.0,0.9133183659776521,0.9546956507026407
0.9996568,1.0,0.913292560191995,0.9546815520224886
0.9996581,1.0,0.9132667544063379,0.9546674529620158
0.99965894,1.0,0.9132151428350236,0.9546392537000465
0.999659,1.0,0.9131893370493664,0.9546251534985191
0.9996592,1.0,0.9131635312637093,0.9546110529166094
0.99965954,1.0,0.9131377254780522,0.954596951954302
0.9996604,1.0,0.913111919692395,0.9545828506115817
0.9996605,1.0,0.9130603081210807,0.9545546467848398
0.99966073,1.0,0.9130345023354236,0.9545405443007877
0.99966097,1.0,0.9123119403370236,0.9541455202183292
0.99966145,1.0,0.9122861345513664,0.9541314066942572
0.9996616,1.0,0.9122603287657093,0.9541172927892636
0.99966174,1.0,0.9121054940517664,0.9540326013590859
0.9996619,1.0,0.9120796882661093,0.9540184847872096
0.999663,1.0,0.912028076694795,0.953990250500307
0.99966335,1.0,0.9120022709091379,0.9539761327852495
0.9996638,1.0,0.9119764651234807,0.953962014689101
0.9996646,1.0,0.9119506593378235,0.9539478962118457
0.9996648,1.0,0.9119248535521663,0.9539337773534685
0.9996651,1.0,0.9117958246238806,0.9538631773442103
0.9996655,1.0,0.911666795695595,0.9537925678045849
0.99966633,1.0,0.9115893783386235,0.9537501975054304
0.99966687,1.0,0.9115635725529664,0.953736073309723
0.9996669,1.0,0.9115377667673092,0.953721948732662
0.99966717,1.0,0.911486155195995,0.9536936984344173
0.99966764,1.0,0.9114603494103378,0.9536795727132026
0.99966776,1.0,0.9114087378390235,0.9536513201265115
0.9996679,1.0,0.9113829320533664,0.9536371932610042
0.99966794,1.0,0.9113571262677093,0.9536230660140349
0.9996693,1.0,0.9113313204820521,0.9536089383855886
0.99966955,1.0,0.911305514696395,0.9535948103756495
0.9996702,1.0,0.9112797089107378,0.9535806819842022
0.9996714,1.0,0.9112539031250806,0.9535665532112313
0.99967146,1.0,0.9112022915537663,0.953538294520657
0.9996718,1.0,0.9111764857681092,0.9535241646030226
0.99967194,1.0,0.911150679982452,0.9535100343038028
0.9996722,1.0,0.9110990684111377,0.953481772560545
0.99967265,1.0,0.9105055353410234,0.9531566527628152
0.99967295,1.0,0.9103765064127377,0.9530859478132848
0.99967355,1.0,0.9103248948414234,0.9530576631591261
0.9996737,1.0,0.910247477484452,0.9530152333121295
0.99967384,1.0,0.9101958659131377,0.9529869448367787
0.9996741,1.0,0.9101700601274806,0.9529728000258509
0.9996743,1.0,0.9101442543418234,0.9529586548327343
0.99967444,1.0,0.9100926427705092,0.9529303632998725
0.9996748,1.0,0.910066836984852,0.9529162169600961
0.99967515,1.0,0.9100410311991949,0.952902070238069
0.9996753,1.0,0.9100152254135377,0.9528879231337757
0.99967533,1.0,0.9099894196278806,0.9528737756472003
0.99967575,1.0,0.9099636138422235,0.9528596277783277
0.9996759,1.0,0.9099378080565663,0.9528454795271423
0.9996765,1.0,0.9097829733426234,0.952760581990592
0.9996768,1.0,0.9097571675569662,0.9527464310627827
0.9996776,1.0,0.909705555985652,0.9527181280598381
0.9996778,1.0,0.9096797501999948,0.9527039759846718
0.99967784,1.0,0.9096539444143377,0.9526898235270221
0.9996781,1.0,0.9096281386286805,0.9526756706868736
0.9996783,1.0,0.9095507212717091,0.95263320987128
0.99967873,1.0,0.909524915486052,0.9526190555009809
0.9996799,1.0,0.9094991097003948,0.9526049007481057
0.99968,1.0,0.9094474981290805,0.9525765900945636
0.9996801,1.0,0.9094216923434234,0.952562434193866
0.99968046,1.0,0.9093958865577663,0.9525482779105299
0.99968076,1.0,0.9092668576294806,0.9524774907537298
0.99968094,1.0,0.9092152460581663,0.9524491732119975
0.999681,1.0,0.9091120229155376,0.9523925335352578
0.99968123,1.0,0.9089313824159376,0.9522933993616156
0.9996817,1.0,0.9089055766302805,0.9522792358052002
0.9996825,1.0,0.9088797708446233,0.9522650718658361
0.9996834,1.0,0.9088539650589662,0.9522509075435075
0.99968404,1.0,0.9088023534876519,0.9522225777498949
0.99968445,1.0,0.9087507419163376,0.9521942464242383
0.99968463,1.0,0.9086217129880519,0.9521234114065881
0.99968565,1.0,0.9085959072023948,0.9521092432537608
0.9996858,1.0,0.9085701014167377,0.9520950747177982
0.9996861,1.0,0.9085184898454234,0.952066736496405
0.99968654,1.0,0.9084926840597662,0.9520525668109432
0.9996866,1.0,0.9084668782741091,0.9520383967422839
0.999687,1.0,0.908441072488452,0.9520242262904116
0.99968725,1.0,0.9084152667027948,0.9520100554553107
0.999688,1.0,0.9083636551314804,0.9519817126353608
0.99968815,1.0,0.9082604319888519,0.9519250223960342
0.9996883,1.0,0.9082088204175376,0.9518966749764084
0.99968857,1.0,0.9081830146318804,0.9518825006915506
0.99968874,1.0,0.9081572088462233,0.9518683260233086
0.99968904,1.0,0.9081314030605662,0.9518541509716669
0.9996891,1.0,0.908105597274909,0.9518399755366102
0.99968946,1.0,0.9080797914892519,0.9518257997181226
0.9996897,1.0,0.9080539857035947,0.9518116235161888
0.9996903,1.0,0.9079507625609662,0.951754914873679
0.9996907,1.0,0.907924956775309,0.9517407367542802
0.99969083,1.0,0.9078991509896519,0.9517265582513417
0.99969107,1.0,0.9078475394183376,0.9516982000947835
0.9996913,1.0,0.9078217336326805,0.9516840204411325
0.9996914,1.0,0.9077701220613662,0.9516556599830095
0.9996917,1.0,0.9077443162757091,0.9516414791785061
0.9996919,1.0,0.9077185104900519,0.951627297990354
0.99969196,1.0,0.9076927047043947,0.9516131164185376
0.999692,1.0,0.9076152873474232,0.9515705694009482
0.99969274,1.0,0.9075894815617661,0.9515563862943194
0.9996928,1.0,0.9074088410621661,0.9514570938022684
0.999693,1.0,0.907383035276509,0.951442907625267
0.99969304,1.0,0.9073572294908518,0.951428721064399
0.99969333,1.0,0.9069701427059946,0.9512158765767803
0.99969363,1.0,0.9069443369203375,0.9512016838719258
0.99969393,1.0,0.9069185311346804,0.9511874907829397
0.99969405,1.0,0.9068669195633661,0.9511591034525102
0.9996941,1.0,0.9066346674924518,0.9510313414469417
0.99969417,1.0,0.9065056385641661,0.9509603491045271
0.9996943,1.0,0.906479832778509,0.950946149482916
0.99969506,1.0,0.9064540269928518,0.9509319494768922
0.9996953,1.0,0.9064282212071947,0.9509177490864403
0.9996958,1.0,0.9063766096358804,0.9508893471521899
0.9996961,1.0,0.9063249980645661,0.9508609436800395
0.99969614,1.0,0.906299192278909,0.9508467413672129
0.9996962,1.0,0.9062733864932518,0.9508325386698645
0.9996965,1.0,0.9062475807075946,0.9508183355879786
0.9996971,1.0,0.906144357564966,0.9507615194147486
0.9996973,1.0,0.9060669402079946,0.950718903246418
0.99969786,1.0,0.9060153286366803,0.9506904905442449
0.99969816,1.0,0.9059895228510232,0.9506762836161258
0.9996983,1.0,0.905963717065366,0.9506620763032975
0.99969846,1.0,0.9059379112797089,0.9506478686057442
0.99969876,1.0,0.9059121054940518,0.9506336605234504
0.9996988,1.0,0.9058862997083946,0.9506194520564004
0.9996989,1.0,0.9058604939227375,0.9506052432045788
0.999699,1.0,0.9058346881370803,0.9505910339679698
0.99969906,1.0,0.9058088823514232,0.9505768243465577
0.9996994,1.0,0.9057056592087946,0.9505199820125664
0.9996996,1.0,0.9056798534231375,0.9505057704669047
0.99969995,1.0,0.9056282418518232,0.9504773462208752
0.99970067,1.0,0.9055250187091946,0.9504204931095537
0.9997007,1.0,0.9054992129235374,0.9504062788692859
0.9997009,1.0,0.9054734071378803,0.9503920642440116
0.9997013,1.0,0.9054476013522231,0.9503778492337154
0.9997014,1.0,0.905421795566566,0.9503636338383817
0.99970144,1.0,0.9053701839952517,0.9503352018925388
0.99970186,1.0,0.9052927666382803,0.9502925510856016
0.999702,1.0,0.9051637377099946,0.9502214587045347
0.9997023,1.0,0.9051379319243374,0.9502072390727547
0.9997027,1.0,0.9049572914247375,0.9501076908631081
0.9997029,1.0,0.904879874067766,0.9500650215649766
0.9997033,1.0,0.9047766509251374,0.9500081237720472
0.9997038,1.0,0.9047508451394802,0.9499938983602426
0.9997041,1.0,0.9047250393538231,0.9499796725629777
0.9997042,1.0,0.904699233568166,0.9499654463802366
0.99970424,1.0,0.9045960104255374,0.9499085377942001
0.99970454,1.0,0.9045702046398802,0.9498943096838445
0.9997047,1.0,0.9045443988542231,0.9498800811879189
0.99970496,1.0,0.904518593068566,0.9498658523064075
0.99970603,1.0,0.9044927872829088,0.9498516230392948
0.99970645,1.0,0.9044669814972517,0.9498373933865653
0.99970686,1.0,0.9044411757115945,0.9498231633482029
0.9997077,1.0,0.9044153699259374,0.9498089329241923
0.9997081,1.0,0.9043895641402803,0.9497947021145176
0.99970853,1.0,0.9043637583546231,0.9497804709191633
0.9997089,1.0,0.904337952568966,0.9497662393381135
0.99970937,1.0,0.9043121467833088,0.9497520073713527
0.9997095,1.0,0.9040540889267373,0.949609666486186
0.9997103,1.0,0.9040282831410802,0.9495954302755686
0.9997105,1.0,0.904002477355423,0.9495811936790518
0.99971086,1.0,0.9039508657841088,0.9495527193282572
0.9997109,1.0,0.9038992542127945,0.9495242434336776
0.9997112,1.0,0.9038218368558231,0.9494815266969355
0.99971133,1.0,0.9037960310701659,0.9494672870126595
0.9997114,1.0,0.9037702252845088,0.9494530469423428
0.99971145,1.0,0.9036928079275374,0.9494103244149927
0.9997121,1.0,0.9036670021418802,0.9493960828003569
0.9997124,1.0,0.9036411963562231,0.949381840799602
0.9997125,1.0,0.9035637789992517,0.9493391124804664
0.9997127,1.0,0.9035379732135945,0.9493248689350784
0.99971277,1.0,0.9035121674279374,0.9493106250034928
0.9997135,1.0,0.9034863616422802,0.9492963806856941
0.9997137,1.0,0.903434750070966,0.9492678908913937
0.99971396,1.0,0.9034089442853087,0.9492536454148608
0.9997141,1.0,0.9033831384996516,0.9492393995520518
0.9997142,1.0,0.9033573327139944,0.9492251533029511
0.9997143,1.0,0.9033315269283373,0.9492109066675427
0.999715,1.0,0.9032541095713659,0.9491681644433155
0.99971503,1.0,0.9032283037857087,0.9491539162625199
0.9997154,1.0,0.9016799566462801,0.9482983177621034
0.9997156,1.0,0.9016283450749658,0.9482697738164741
0.9997157,1.0,0.9014218987897087,0.9481555825382079
0.9997158,1.0,0.9013960930040515,0.9481413068848925
0.9997159,1.0,0.9013702872183944,0.948127030844073
0.9997163,1.0,0.9013444814327373,0.9481127544157336
0.99971634,1.0,0.9013186756470801,0.9480984775998583
0.9997164,1.0,0.901292869861423,0.9480842003964316
0.9997166,1.0,0.9012670640757657,0.9480699228054376
0.9997168,1.0,0.9012154525044515,0.9480413664606848
0.9997169,1.0,0.9011896467187943,0.9480270877068943
0.9997177,1.0,0.9011638409331372,0.9480128085654733
0.99971783,1.0,0.90113803514748,0.9479985290364064
0.99971807,1.0,0.9009832004335372,0.9479128437205497
0.9997182,1.0,0.90095739464788,0.9478985614775172
0.99971867,1.0,0.9009315888622229,0.9478842788467122
0.999719,1.0,0.9009057830765658,0.947869995828119
0.99971926,1.0,0.9008799772909086,0.9478557124217216
0.99971974,1.0,0.9008541715052515,0.9478414286275043
0.9997198,1.0,0.9008283657195943,0.9478271444454515
0.99971986,1.0,0.9007767541482801,0.9477985749177753
0.99972004,1.0,0.9005445020773657,0.947669992841196
0.9997202,1.0,0.9005186962917086,0.9476557040038825
0.9997206,1.0,0.9004670847203943,0.9476271251651167
0.9997207,1.0,0.9000025805785657,0.9473698457479554
0.9997209,1.0,0.8999767747929086,0.9473555487584584
0.9997214,1.0,0.8999509690072515,0.9473412513805881
0.9997216,1.0,0.8999251632215943,0.9473269536143287
0.99972165,1.0,0.8998993574359372,0.9473126554596644
0.99972206,1.0,0.8998477458646228,0.947284057985058
0.99972284,1.0,0.8998219400789657,0.9472697586650842
0.9997234,1.0,0.8997961342933085,0.9472554589566421
0.9997235,1.0,0.8997445227219942,0.9472268583742902
0.99972385,1.0,0.8997187169363371,0.9472125575003486
0.99972403,1.0,0.8996412995793657,0.9471696525472714
0.9997242,1.0,0.8995638822223943,0.9471267440969829
0.9997248,1.0,0.8995380764367371,0.9471124405029883
0.9997249,1.0,0.89951227065108,0.9470981365203511
0.999725,1.0,0.8994864648654228,0.9470838321490558
0.9997251,1.0,0.8994348532941085,0.947055222240427
0.9997253,1.0,0.8994090475084514,0.9470409167030621
0.99972546,1.0,0.8993574359371371,0.9470123044621513
0.9997255,1.0,0.8993058243658228,0.9469836906662277
0.99972594,1.0,0.8992800185801657,0.9469693831850963
0.9997263,1.0,0.8992284070088514,0.9469407670564152
0.99972636,1.0,0.8992026012231943,0.9469264584088338
0.9997265,1.0,0.8991767954375371,0.9469121493724041
0.9997266,1.0,0.8990993780805656,0.9468692199298662
0.9997274,1.0,0.8990735722949085,0.9468549093378845
0.9997278,1.0,0.8990477665092513,0.9468405983569751
0.99972785,1.0,0.8989703491522799,0.9467976630805229
0.9997282,1.0,0.8989187375809656,0.9467690376179592
0.99972826,1.0,0.8988929317953085,0.9467547243031512
0.9997283,1.0,0.8988671260096514,0.9467404105993046
0.9997286,1.0,0.8988413202239942,0.9467260965064034
0.999729,1.0,0.8988155144383371,0.9467117820244317
0.99972975,1.0,0.8987897086526799,0.9466974671533741
0.9997298,1.0,0.8987639028670228,0.9466831518932144
0.9997301,1.0,0.8987380970813656,0.9466688362439365
0.99973035,1.0,0.8987122912957085,0.9466545202055249
0.99973047,1.0,0.89860906815308,0.9465972521602232
0.99973065,1.0,0.8985832623674228,0.9465829341759046
0.99973106,1.0,0.8980155350829656,0.9462678400178349
0.9997313,1.0,0.897912311940337,0.9462105299177924
0.9997316,1.0,0.8978865061546799,0.9461962014187166
0.99973166,1.0,0.8978607003690228,0.9461818725299829
0.9997318,1.0,0.8978348945833656,0.9461675432515755
0.99973196,1.0,0.8978090887977085,0.9461532135834785
0.999732,1.0,0.8977832830120513,0.9461388835256758
0.9997324,1.0,0.8977574772263942,0.9461245530781517
0.9997327,1.0,0.8977316714407371,0.9461102222408903
0.999733,1.0,0.8977058656550798,0.9460958910138756
0.9997335,1.0,0.8976800598694227,0.9460815593970918
0.99973375,1.0,0.8976542540837655,0.9460672273905228
0.9997345,1.0,0.8976284482981084,0.946052894994153
0.99973524,1.0,0.8976026425124513,0.9460385622079663
0.9997355,1.0,0.8975768367267941,0.9460242290319469
0.99973613,1.0,0.897551030941137,0.9460098954660788
0.99973625,1.0,0.8975252251554798,0.945995561510346
0.9997364,1.0,0.8974994193698227,0.945981227164733
0.99973714,1.0,0.8974478077985084,0.9459525573038017
0.9997373,1.0,0.8973961962271941,0.9459238858831575
0.9997374,1.0,0.897370390441537,0.9459095495879034
0.99973756,1.0,0.8973445846558799,0.9458952129026733
0.9997381,1.0,0.8973187788702227,0.9458808758274513
0.99973834,1.0,0.8972929730845656,0.9458665383622217
0.9997389,1.0,0.8972671672989084,0.9458522005069684
0.999739,1.0,0.8972155557275941,0.9458235236263268
0.9997393,1.0,0.897189749941937,0.9458091846009071
0.99973935,1.0,0.8971639441562799,0.9457948451853999
0.9997397,1.0,0.8971381383706227,0.9457805053797894
0.9997401,1.0,0.8971123325849656,0.9457661651840598
0.99974036,1.0,0.8970865267993084,0.9457518245981951
0.9997408,1.0,0.8970607210136513,0.9457374836221795
0.99974084,1.0,0.897009109442337,0.9457088004996311
0.9997411,1.0,0.8969833036566798,0.9456944583530668
0.9997413,1.0,0.8969316920853655,0.9456657728892782
0.99974173,1.0,0.8969058862997084,0.945651429572022
0.9997419,1.0,0.8968542747283941,0.9456227417667061
0.999742,1.0,0.8968284689427369,0.9456083972786147
0.9997421,1.0,0.8968026631570798,0.9455940524002129
0.99974257,1.0,0.8967768573714227,0.945579707131485
0.9997426,1.0,0.8967252458001084,0.9455510154229868
0.9997427,1.0,0.8966994400144512,0.9455366689831847
0.99974364,1.0,0.896647828443137,0.9455079749323946
0.99974394,1.0,0.8965962168718227,0.9454792793199174
0.99974406,1.0,0.8965704110861655,0.9454649309280061
0.9997442,1.0,0.8965446053005084,0.9454505821456254
0.9997443,1.0,0.8965187995148513,0.9454362329727591
0.99974453,1.0,0.896467187943537,0.9454075334555059
0.9997448,1.0,0.8964413821578798,0.9453931831110872
0.9997451,1.0,0.8964155763722227,0.9453788323761193
0.9997453,1.0,0.8963639648009084,0.9453501297344715
0.9997456,1.0,0.8963381590152513,0.9453357778277599
0.99974597,1.0,0.896131712729994,0.9452209485106554
0.9997463,1.0,0.8960542953730226,0.9451778810699584
0.99974674,1.0,0.8960284895873655,0.9451635244748368
0.9997469,1.0,0.8960026838017083,0.9451491674889108
0.99974704,1.0,0.8959768780160512,0.9451348101121642
0.9997473,1.0,0.895951072230394,0.9451204523445811
0.9997474,1.0,0.8959252664447369,0.9451060941861457
0.99974746,1.0,0.8956155970168512,0.9449337657926231
0.9997478,1.0,0.8955897912311941,0.9449194025516539
0.99974835,1.0,0.8955639854455368,0.9449050389196085
0.9997485,1.0,0.895409150731594,0.9448188489138484
0.99974865,1.0,0.8953833449459369,0.9448044825438243
0.99974877,1.0,0.8953575391602797,0.9447901157825968
0.99974895,1.0,0.8953317333746226,0.9447757486301495
0.99974924,1.0,0.8952801218033083,0.9447470131515315
0.9997493,1.0,0.895228510231994,0.9447182761078433
0.99974936,1.0,0.8952027044463369,0.9447039069990576
0.9997496,1.0,0.8951768986606797,0.9446895374989563
0.9997499,1.0,0.8950736755180512,0.9446320555850759
0.9997501,1.0,0.895047869732394,0.9446176841281569
0.9997502,1.0,0.8949188408041083,0.9445458209720694
0.99975026,1.0,0.8948930350184512,0.9445314471664413
0.9997503,1.0,0.8948414234471368,0.9445026983806468
0.9997504,1.0,0.8947898118758225,0.9444739480286947
0.99975073,1.0,0.8947640060901654,0.9444595722653693
0.9997512,1.0,0.8947382003045082,0.9444451961104564
0.99975127,1.0,0.894686588733194,0.9444164426258045
0.9997514,1.0,0.8946607829475368,0.9444020652960332
0.9997524,1.0,0.8946349771618797,0.9443876875746104
0.9997526,1.0,0.894505948233594,0.9443157930921648
0.99975264,1.0,0.8944543366622797,0.944287032557066
0.99975276,1.0,0.8944285308766226,0.9442726517018554
0.99975294,1.0,0.8944027250909654,0.9442582704548492
0.9997539,1.0,0.8943769193053083,0.9442438888160315
0.99975437,1.0,0.8943511135196511,0.9442295067853862
0.9997547,1.0,0.894325307733994,0.9442151243628972
0.9997548,1.0,0.8942995019483369,0.9442007415485488
0.9997549,1.0,0.8942736961626797,0.9441863583423248
0.9997554,1.0,0.8942220845913654,0.9441575907541857
0.9997557,1.0,0.8941962788057083,0.9441432063722388
0.999756,1.0,0.8941704730200511,0.9441288215983522
0.99975604,1.0,0.8941446672343939,0.9441144364325098
0.9997561,1.0,0.8940930556630796,0.9440856649248939
0.99975646,1.0,0.8940672498774225,0.9440712785830884
0.9997568,1.0,0.8940414440917653,0.9440568918492631
0.9997569,1.0,0.8940156383061082,0.944042504723402
0.99975705,1.0,0.893989832520451,0.9440281172054891
0.99975735,1.0,0.8939640267347939,0.9440137292955083
0.9997575,1.0,0.8939382209491368,0.9439993409934437
0.99975765,1.0,0.8938866093778225,0.9439705632129985
0.9997577,1.0,0.8938608035921654,0.9439561737345862
0.99975824,1.0,0.8938091920208511,0.9439273936013013
0.9997583,1.0,0.8937833862351939,0.9439130029463967
0.9997585,1.0,0.8937575804495368,0.9438986118992962
0.99975854,1.0,0.8937317746638797,0.9438842204599835
0.9997588,1.0,0.8936801630925654,0.9438554364046575
0.9997591,1.0,0.8936543573069082,0.9438410437886123
0.99975914,1.0,0.8936285515212511,0.9438266507802908
0.9997593,1.0,0.8935769399499368,0.9437978635867548
0.99975944,1.0,0.8935511341642797,0.9437834694015083
0.9997595,1.0,0.8934737168073082,0.9437402844916619
0.99975973,1.0,0.8934479110216511,0.9437258887369575
0.9997599,1.0,0.8934221052359939,0.9437114925898484
0.99976015,1.0,0.8933446878790224,0.9436683017939334
0.9997604,1.0,0.893267270522051,0.9436251074657993
0.9997605,1.0,0.8932414647363939,0.9436107085714088
0.99976057,1.0,0.8932156589507367,0.9435963092844856
0.9997607,1.0,0.8931898531650796,0.9435819096050132
0.9997608,1.0,0.8931124358081082,0.9435387082111412
0.999761,1.0,0.893086630022451,0.9435243069613122
0.99976116,1.0,0.8930092126654796,0.943481100855985
0.9997614,1.0,0.892725349023251,0.943322648230323
0.99976206,1.0,0.8926995432375938,0.9433082410893682
0.9997624,1.0,0.8926737374519367,0.9432938335555432
0.99976283,1.0,0.8925705143093081,0.9432361994912194
0.999763,1.0,0.892544708523651,0.9432217899928023
0.9997631,1.0,0.8924414853810224,0.9431641480693057
0.9997632,1.0,0.8924156795953653,0.9431497366058943
0.99976325,1.0,0.8923898738097081,0.9431353247494358
0.9997633,1.0,0.892364068024051,0.9431209124999144
0.99976337,1.0,0.8923382622383939,0.9431064998573137
0.9997636,1.0,0.8921318159531367,0.9429911845637257
0.99976367,1.0,0.8921060101674796,0.9429767683826882
0.9997637,1.0,0.8920802043818225,0.9429623518084105
0.99976385,1.0,0.8920543985961653,0.9429479348408768
0.9997639,1.0,0.8919769812391938,0.9429046815785778
0.99976444,1.0,0.8919511754535366,0.9428902630378584
0.9997651,1.0,0.8919253696678795,0.9428758441038025
0.99976534,1.0,0.8918995638822224,0.942861424776394
0.99976563,1.0,0.8918479523109081,0.942832584941454
0.99976623,1.0,0.8918221465252509,0.9428181644338908
0.99976665,1.0,0.8917963407395938,0.9428037435329104
0.9997667,1.0,0.8917705349539367,0.9427893222384967
0.99976707,1.0,0.8917447291682795,0.9427749005506336
0.9997671,1.0,0.8916931175969652,0.9427460559944953
0.99976736,1.0,0.8916673118113081,0.9427316331261878
0.99976766,1.0,0.891460865526051,0.9426162360118804
0.9997682,1.0,0.8914350597403938,0.9426018096013694
0.99976844,1.0,0.8914092539547367,0.9425873827971999
0.9997688,1.0,0.8913834481690796,0.9425729555993555
0.9997691,1.0,0.8913318365977653,0.9425441000225776
0.9997694,1.0,0.8913060308121081,0.9425296716436121
0.99976957,1.0,0.8910995845268509,0.9424142304359195
0.9997697,1.0,0.8910737787411938,0.9423997985127203
0.9997699,1.0,0.8910479729555366,0.9423853661956366
0.99977,1.0,0.8909963613842223,0.9423565003797515
0.99977016,1.0,0.890944749812908,0.9423276329881356
0.9997703,1.0,0.8909189440272509,0.9423131987013881
0.9997704,1.0,0.8908931382415938,0.9422987640206595
0.9997706,1.0,0.8908673324559366,0.9422843289459337
0.99977064,1.0,0.8908415266702795,0.9422698934771946
0.9997708,1.0,0.8908157208846224,0.9422554576144258
0.99977165,1.0,0.8906866919563367,0.9421832723895744
0.99977183,1.0,0.8906608861706795,0.9421688341622898
0.9997719,1.0,0.8906092745993652,0.9421399565252767
0.99977195,1.0,0.8905060514567366,0.9420821965210244
0.9997722,1.0,0.8904802456710794,0.9420677555344034
0.99977225,1.0,0.8904544398854223,0.9420533141535269
0.9997725,1.0,0.8904286340997651,0.9420388723783788
0.9997727,1.0,0.890402828314108,0.942024430208943
0.9997728,1.0,0.8903770225284509,0.9420099876452032
0.9997729,1.0,0.8903512167427937,0.9419955446871432
0.9997731,1.0,0.8903254109571366,0.9419811013347472
0.99977314,1.0,0.8902996051714794,0.9419666575879989
0.99977326,1.0,0.8902479936001652,0.9419377689113803
0.99977344,1.0,0.890222187814508,0.9419233239814779
0.9997735,1.0,0.890041547314908,0.9418221984275813
0.99977356,1.0,0.8900157415292509,0.9418077503418908
0.9997736,1.0,0.8899899357435938,0.9417933018616541
0.9997742,1.0,0.8899641299579366,0.9417788529868549
0.9997744,1.0,0.8899383241722795,0.9417644037174772
0.99977446,1.0,0.8899125183866223,0.9417499540535048
0.9997749,1.0,0.8898867126009652,0.9417355039949216
0.99977493,1.0,0.8898092952439937,0.9416921514513447
0.99977505,1.0,0.8897318778870222,0.941648795355688
0.9997751,1.0,0.8895254316017651,0.9415331617315591
0.99977535,1.0,0.889499625816108,0.9415187057518722
0.9997759,1.0,0.8894738200304508,0.9415042493773159
0.99977595,1.0,0.8894480142447937,0.9414897926078737
0.999776,1.0,0.889164150602565,0.9413307420769178
0.9997761,1.0,0.8891383448169079,0.9413162805675837
0.99977624,1.0,0.8890351216742793,0.9412584305791228
0.9997763,1.0,0.8889577043173079,0.9412150389386434
0.9997768,1.0,0.8889318985316508,0.9412005742680861
0.999777,1.0,0.8889060927459936,0.9411861092023031
0.9997771,1.0,0.8888286753890222,0.941142711633437
0.99977773,1.0,0.8888028696033651,0.9411282449865889
0.9997778,1.0,0.8887770638177079,0.9411137779444338
0.9997779,1.0,0.8887254522463937,0.9410848426741387
0.999778,1.0,0.8886996464607365,0.9410703744459663
0.99977803,1.0,0.8886738406750794,0.9410559058224222
0.9997781,1.0,0.8886222291037651,0.9410269673891543
0.99977905,1.0,0.888596423318108,0.9410124975793982
0.9997791,1.0,0.8885448117467937,0.9409835567735603
0.9997792,1.0,0.8884157828185079,0.9409111978379773
0.99977964,1.0,0.8883641712471936,0.9408822514950083
0.99977976,1.0,0.888260948104565,0.9408243540619521
0.9997798,1.0,0.8882351423189079,0.9408098787146105
0.9997799,1.0,0.8881319191762793,0.9407519733684476
0.9997803,1.0,0.8881061133906222,0.9407374960426265
0.9997804,1.0,0.8880545018193079,0.9407085402037346
0.9997805,1.0,0.8880286960336508,0.9406940616906312
0.99978054,1.0,0.8880028902479936,0.9406795827817345
0.999781,1.0,0.8879770844623365,0.9406651034770284
0.99978113,1.0,0.8879254728910222,0.9406361436801226
0.9997817,1.0,0.8878480555340508,0.9405927010157872
0.99978185,1.0,0.8877964439627365,0.9405637372600562
0.99978197,1.0,0.8877706381770794,0.9405492547882898
0.9997821,1.0,0.8877448323914222,0.9405347719205679
0.9997823,1.0,0.8876932208201078,0.940505804997192
0.9997824,1.0,0.8876674150344507,0.9404913209415058
0.99978256,1.0,0.8876416092487935,0.9404768364897991
0.9997826,1.0,0.8875899976774793,0.940447866398259
0.9997827,1.0,0.887538386106165,0.9404188947224417
0.99978316,1.0,0.8875125803205078,0.9404044082903886
0.9997833,1.0,0.8874867745348507,0.9403899214622173
0.99978346,1.0,0.8874609687491936,0.9403754342379119
0.99978375,1.0,0.8874093571778793,0.9403464586008333
0.99978393,1.0,0.8873835513922221,0.9403319701880276
0.9997841,1.0,0.8868674356790792,0.9400421187084478
0.99978423,1.0,0.8868416298934221,0.9400276219720434
0.9997843,1.0,0.8868158241077649,0.9400131248390983
0.99978447,1.0,0.8867900183221078,0.9399986273095963
0.9997845,1.0,0.8867642125364507,0.939984129383521
0.9997846,1.0,0.8867384067507935,0.9399696310608561
0.9997847,1.0,0.8867126009651364,0.9399551323415853
0.9997849,1.0,0.8866867951794792,0.9399406332256925
0.99978507,1.0,0.8866609893938221,0.9399261337131614
0.9997852,1.0,0.8866093778225078,0.9398971334981187
0.99978524,1.0,0.8865577662511935,0.9398681316963273
0.9997853,1.0,0.8865319604655364,0.9398536302003601
0.99978536,1.0,0.8865061546798793,0.9398391283076567
0.9997855,1.0,0.8860416505380506,0.9395780263785694
0.9997856,1.0,0.8860158447523935,0.9395635169447869
0.99978584,1.0,0.8859900389667363,0.9395490071139424
0.9997859,1.0,0.8859642331810792,0.9395344968860198
0.9997861,1.0,0.8859384273954221,0.9395199862610029
0.9997864,1.0,0.8859126216097649,0.9395054752388752
0.9997868,1.0,0.8858868158241078,0.9394909638196204
0.99978685,1.0,0.8858610100384506,0.9394764520032223
0.99978715,1.0,0.8857835926814792,0.9394329141710049
0.9997873,1.0,0.8856803695388507,0.9393748581670524
0.99978757,1.0,0.8856287579675364,0.9393458277814986
0.9997877,1.0,0.8856029521818792,0.9393313119927703
0.999788,1.0,0.8855513406105648,0.9393022792233289
0.99978805,1.0,0.8855255348249077,0.9392877622425834
0.9997882,1.0,0.8854997290392506,0.9392732448644663
0.99978834,1.0,0.8854739232535934,0.9392587270889611
0.99978846,1.0,0.8854481174679363,0.9392442089160515
0.9997886,1.0,0.885396505896622,0.9392151713779544
0.99978864,1.0,0.8853448943253077,0.9391861322500442
0.9997887,1.0,0.8853190885396506,0.9391716120898684
0.99978876,1.0,0.8852674769683363,0.9391425705769939
0.9997889,1.0,0.8852416711826792,0.9391280492242624
0.999789,1.0,0.8851900596113649,0.9390990053261297
0.99978906,1.0,0.8851126422543935,0.9390554364970106
0.9997891,1.0,0.8850094191117649,0.9389973391579162
0.9997893,1.0,0.8849836133261078,0.938982813828938
0.99978936,1.0,0.8849578075404506,0.9389682881022453
0.9997895,1.0,0.8849061959691363,0.938939235455651
0.9997897,1.0,0.8848803901834791,0.9389247085357166
0.9997898,1.0,0.8848545843978219,0.9389101812180026
0.99978983,1.0,0.8848287786121648,0.9388956535024925
0.99979,1.0,0.8848029728265077,0.9388811253891697
0.9997901,1.0,0.8847771670408505,0.938866596878018
0.99979013,1.0,0.8845707207555934,0.938750354465005
0.9997902,1.0,0.8845449149699363,0.9387358223726582
0.9997904,1.0,0.8845191091842791,0.9387212898823192
0.99979067,1.0,0.884493303398622,0.9387067569939713
0.9997908,1.0,0.8843384686846791,0.9386195513047869
0.99979085,1.0,0.8837707414002219,0.9382996744623072
0.9997909,1.0,0.8835384893293077,0.938168760175509
0.99979115,1.0,0.8834610719723361,0.938125114905148
0.99979174,1.0,0.883435266186679,0.9381105656843568
0.9997918,1.0,0.8834094604010219,0.9380960160648691
0.99979186,1.0,0.8833836546153647,0.9380814660466691
0.999792,1.0,0.8833578488297076,0.9380669156297401
0.9997921,1.0,0.8830481794018219,0.9378922795197665
0.9997923,1.0,0.8830223736161648,0.9378777239178694
0.99979234,1.0,0.8829965678305076,0.9378631679170136
0.9997925,1.0,0.8829707620448505,0.9378486115171829
0.9997926,1.0,0.8829449562591933,0.937834054718361
0.99979264,1.0,0.8829191504735362,0.9378194975205314
0.99979275,1.0,0.8828933446878791,0.9378049399236776
0.9997928,1.0,0.8828675389022219,0.9377903819277832
0.9997935,1.0,0.8827643157595934,0.9377321459534728
0.99979377,1.0,0.8827385099739361,0.9377175859621296
0.9997938,1.0,0.882712704188279,0.9377030255716476
0.999794,1.0,0.8826610926169647,0.9376739035932011
0.99979407,1.0,0.8826352868313075,0.9376593420052036
0.99979436,1.0,0.8826094810456504,0.9376447800180017
0.99979454,1.0,0.8825578694743361,0.9376156548459179
0.9997949,1.0,0.8802869603365074,0.9363325643627324
0.9997955,1.0,0.8802611545508503,0.9363179659790759
0.99979573,1.0,0.8798998735516502,0.93611354652491
0.9997958,1.0,0.8798740677659931,0.9360989421287397
0.9997959,1.0,0.8798482619803359,0.936084337331603
0.999796,1.0,0.8798224561946788,0.9360697321334837
0.99979603,1.0,0.8797192330520502,0.9360113073308475
0.99979633,1.0,0.8796934272663931,0.9359967001275662
0.9997964,1.0,0.8795902041237645,0.9359382673034566
0.9997965,1.0,0.8794611751954788,0.9358652172473655
0.9997968,1.0,0.8794353694098217,0.9358506060325213
0.9997969,1.0,0.8794095636241646,0.9358359944164302
0.999797,1.0,0.8793837578385074,0.9358213823990754
0.9997972,1.0,0.879306340481536,0.9357775439392633
0.9997974,1.0,0.8792805346958789,0.9357629303166883
0.99979776,1.0,0.8792031173389074,0.9357190870408193
0.9997979,1.0,0.8791256999819359,0.9356752401523866
0.999798,1.0,0.8790998941962788,0.9356606237200399
0.9997981,1.0,0.8790740884106216,0.9356460068862312
0.99979824,1.0,0.8789450594823359,0.9355729166946772
0.999799,1.0,0.8789192536966788,0.9355582974517485
0.9997991,1.0,0.8788160305540502,0.9354998164640891
0.99979913,1.0,0.8786611958401074,0.935412082932946
0.9997993,1.0,0.8786353900544502,0.9353974592717501
0.99979943,1.0,0.878583778483136,0.9353682107440617
0.9997995,1.0,0.8785321669118217,0.9353389606092013
0.99979955,1.0,0.8784805553405074,0.9353097088670358
0.9998001,1.0,0.878428943769193,0.9352804555174331
0.9998002,1.0,0.8783515264122216,0.9352365724787942
0.9998003,1.0,0.8782999148409073,0.9352073151100186
0.99980056,1.0,0.878248303269593,0.9351780561333418
0.9998016,1.0,0.8782224974839359,0.9351634260419991
0.9998019,1.0,0.8781708859126216,0.9351341646532222
0.99980193,1.0,0.8781192743413073,0.9351049016562126
0.99980205,1.0,0.878067662769993,0.9350756370508381
0.99980223,1.0,0.8780418569843359,0.9350610041449724
0.99980253,1.0,0.8780160511986788,0.9350463708369657
0.9998026,1.0,0.8779902454130216,0.9350317371268015
0.9998029,1.0,0.8779644396273645,0.9350171030144632
0.99980307,1.0,0.8779386338417073,0.935002468499934
0.99980325,1.0,0.8779128280560502,0.9349878335831976
0.9998033,1.0,0.8772934892002787,0.9346364748762014
0.9998034,1.0,0.8772676834146216,0.9346218298988906
0.9998035,1.0,0.8772418776289644,0.9346071845189412
0.99980384,1.0,0.8772160718433073,0.9345925387363363
0.9998039,1.0,0.8771902660576502,0.9345778925510595
0.999804,1.0,0.877164460271993,0.9345632459630943
0.9998042,1.0,0.8769838197723929,0.9344607085706624
0.99980444,1.0,0.8769322082010786,0.934431408547681
0.99980474,1.0,0.8768805966297644,0.934402106913281
0.9998053,1.0,0.8768547908441072,0.9343874554917574
0.99980533,1.0,0.8768289850584501,0.9343728036673293
0.9998057,1.0,0.8767515677014787,0.9343288457764517
0.99980575,1.0,0.8753580552759929,0.933536983133051
0.9998059,1.0,0.8753322494903357,0.9335223079116948
0.999806,1.0,0.8752290263477072,0.9334636029872366
0.9998066,1.0,0.8751774147763929,0.9334342481013541
0.99980694,1.0,0.8751516089907357,0.9334195700524411
0.999807,1.0,0.8751258032050786,0.9334048915995249
0.9998071,1.0,0.8750999974194215,0.9333902127425885
0.99980724,1.0,0.8750741916337643,0.9333755334816153
0.9998073,1.0,0.87502258006245,0.9333461737474921
0.9998075,1.0,0.8749967742767929,0.9333314932743086
0.9998078,1.0,0.8749709684911358,0.9333168123970217
0.99980813,1.0,0.8749193569198215,0.9332874494300707
0.99980867,1.0,0.8748677453485071,0.9332580848465055
0.9998088,1.0,0.87484193956285,0.9332434019484508
0.9998094,1.0,0.8748161337771928,0.9332287186461926
0.99980944,1.0,0.8747903279915357,0.9332140349397141
0.99980986,1.0,0.8747645222058785,0.9331993508289986
0.99981016,1.0,0.8747129106345642,0.9331699813947898
0.9998104,1.0,0.87466129906325,0.933140610343433
0.9998111,1.0,0.8746354932775928,0.933125924211282
0.9998113,1.0,0.8746096874919357,0.933111237674794
0.999812,1.0,0.8745322701349643,0.9330671756391402
0.9998122,1.0,0.8745064643493071,0.9330524874851365
0.9998123,1.0,0.8744032412066786,0.9329937308247483
0.9998126,1.0,0.8743774354210214,0.9329790406484745
0.99981266,1.0,0.8743516296353643,0.9329643500676964
0.99981284,1.0,0.8743258238497071,0.9329496590823974
0.9998131,1.0,0.87430001806405,0.9329349676925606
0.99981314,1.0,0.8742226007070786,0.932890891095658
0.9998132,1.0,0.8741193775644499,0.9328321166352477
0.9998134,1.0,0.8740935717787928,0.9328174220085086
0.9998137,1.0,0.8740419602074785,0.9327880315409497
0.9998138,1.0,0.8740161544218213,0.9327733357000966
0.9998139,1.0,0.8739903486361642,0.932758639454505
0.999814,1.0,0.8739645428505071,0.9327439428041586
0.99981433,1.0,0.8739387370648499,0.9327292457490407
0.99981445,1.0,0.8738097081365642,0.9326557544012914
0.9998145,1.0,0.8737580965652499,0.9326263550282049
0.9998146,1.0,0.8737322907795928,0.932611654734312
0.9998147,1.0,0.8737064849939357,0.9325969540354969
0.99981487,1.0,0.8736548734226214,0.9325675514230332
0.9998152,1.0,0.8736290676369642,0.9325528495093512
0.9998155,1.0,0.87357745606565,0.9325234444670033
0.9998157,1.0,0.8735258444943357,0.9324940378045652
0.99981576,1.0,0.8733452039947356,0.9323911017258881
0.999816,1.0,0.8732935924234213,0.932361687771387
0.99981606,1.0,0.8732677866377642,0.9323469801863348
0.99981624,1.0,0.8732161750664499,0.932317563800543
0.99981636,1.0,0.8731903692807927,0.9323028549997703
0.9998164,1.0,0.8731645634951356,0.9322881457937238
0.9998168,1.0,0.8731387577094785,0.9322734361823867
0.9998171,1.0,0.873061340352507,0.9322293049164657
0.9998172,1.0,0.8730355345668499,0.9322145936837993
0.99981743,1.0,0.8729839229955356,0.9321851700023275
0.99981785,1.0,0.8729065056385642,0.9321410314395198
0.999818,1.0,0.8728290882815928,0.9320968892275903
0.9998183,1.0,0.8728032824959356,0.9320821743459529
0.9998189,1.0,0.8727774767102785,0.9320674590587905
0.99981904,1.0,0.8727258651389641,0.9320380272678235
0.9998191,1.0,0.872700059353307,0.9320233107639853
0.99981916,1.0,0.8726742535676498,0.932008593854555
0.9998193,1.0,0.8726226419963355,0.9319791588188513
0.9998195,1.0,0.8725968362106784,0.931964440692544
0.99982,1.0,0.8723903899254213,0.9318466810769477
0.9998201,1.0,0.8723645841397641,0.9318319592991041
0.9998202,1.0,0.8722871667827927,0.9317877915306454
0.99982053,1.0,0.8722355552114784,0.9317583443223985
0.9998206,1.0,0.8722097494258213,0.9317436201094422
0.99982077,1.0,0.8721839436401642,0.9317288954905751
0.9998209,1.0,0.872158137854507,0.9317141704657804
0.99982095,1.0,0.8721065262831927,0.9316847191983413
0.999821,1.0,0.8720549147118783,0.9316552663069898
0.9998211,1.0,0.8720291089262212,0.9316405392523052
0.9998212,1.0,0.8719000799979355,0.9315668978881209
0.9998213,1.0,0.871100100642564,0.9311100947382395
0.9998214,1.0,0.8710742948569069,0.9310953526493151
0.9998215,1.0,0.8710484890712498,0.9310806101537404
0.99982154,1.0,0.8710226832855926,0.9310658672514989
0.9998218,1.0,0.8709968774999355,0.9310511239425732
0.99982184,1.0,0.8709452659286212,0.9310216361046028
0.9998219,1.0,0.8709194601429641,0.9310068915755245
0.999822,1.0,0.8708936543573069,0.9309921466396949
0.9998222,1.0,0.8708162370003355,0.9309479093915304
0.9998227,1.0,0.8707904312146784,0.9309331628285274
0.99982274,1.0,0.8707646254290212,0.9309184158586891
0.9998229,1.0,0.8707388196433641,0.9309036684819986
0.9998231,1.0,0.8707130138577069,0.930888920698439
0.9998233,1.0,0.8706872080720498,0.9308741725079934
0.99982333,1.0,0.8706614022863927,0.9308594239106451
0.9998236,1.0,0.8706355965007355,0.9308446749063773
0.9998237,1.0,0.8705065675724497,0.9307709237806545
0.9998238,1.0,0.8704807617867926,0.9307561723345155
0.99982387,1.0,0.8704549560011354,0.9307414204813387
0.9998239,1.0,0.8704291502154783,0.9307266682211077
0.99982417,1.0,0.8703517328585069,0.9306824089979202
0.9998242,1.0,0.8703259270728497,0.9306676551093033
0.99982435,1.0,0.8702743155015354,0.930638146110637
0.9998245,1.0,0.8702485097158783,0.9306233910005537
0.99982524,1.0,0.8702227039302212,0.9306086354832813
0.9998254,1.0,0.870196898144564,0.930593879558803
0.9998255,1.0,0.8701710923589069,0.9305791232271018
0.99982554,1.0,0.8701452865732497,0.9305643664881607
0.99982566,1.0,0.8696807824314211,0.9302986755300054
0.9998257,1.0,0.8696291708601068,0.9302691461630285
0.99982584,1.0,0.8696033650744497,0.9302543808681573
0.9998262,1.0,0.8695775592887925,0.9302396151656753
0.9998264,1.0,0.8695517535031354,0.9302248490555657
0.99982655,1.0,0.8695001419318211,0.9301953156123959
0.99982667,1.0,0.869474336146164,0.9301805482793017
0.9998267,1.0,0.8694485303605068,0.9301657805385125
0.9998268,1.0,0.8693969187891926,0.9301362438337807
0.99982685,1.0,0.8693711130035354,0.9301214748698043
0.99982697,1.0,0.8693453072178783,0.9301067054980653
0.999827,1.0,0.8693195014322211,0.9300919357185466
0.9998272,1.0,0.869293695646564,0.9300771655312313
0.99982727,1.0,0.8692678898609069,0.9300623949361025
0.9998273,1.0,0.8692420840752497,0.9300476239331436
0.99982744,1.0,0.8691904725039353,0.9300180807036668
0.99982774,1.0,0.869138860932621,0.9299885358426659
0.9998278,1.0,0.8690614435756496,0.9299442154917618
0.99982786,1.0,0.8690356377899925,0.9299294412255518
0.99982834,1.0,0.8689840262186782,0.9298998914691681
0.9998284,1.0,0.8689582204330211,0.9298851159789603
0.9998285,1.0,0.8689324146473639,0.9298703400807194
0.99982893,1.0,0.8689066088617068,0.9298555637744287
0.9998291,1.0,0.8688808030760496,0.929840787060071
0.99982923,1.0,0.8688291915047354,0.9298112324070872
0.99982953,1.0,0.8687775799334211,0.9297816761216332
0.99982977,1.0,0.8687517741477639,0.9297668973666874
0.99982995,1.0,0.8687001625764497,0.9297373386322739
0.99983,1.0,0.8686743567907925,0.9297225586527725
0.9998301,1.0,0.8682098526489639,0.9294564491998941
0.9998302,1.0,0.8681840468633067,0.9294416614613374
0.99983025,1.0,0.8681582410776496,0.9294268733142402
0.99983084,1.0,0.8681066295063353,0.9293972957943565
0.9998312,1.0,0.8679259890067353,0.9292937616032463
0.99983186,1.0,0.8679001832210782,0.9292789693698121
0.999832,1.0,0.8678743774354211,0.929264176727651
0.9998321,1.0,0.8678227658641068,0.9292345902170809
0.99983215,1.0,0.8677969600784496,0.9292197963486376
0.9998322,1.0,0.8677711542927924,0.9292050020713998
0.99983245,1.0,0.867693736935821,0.9291606167867492
0.999833,1.0,0.8676679311501638,0.9291458208741634
0.99983305,1.0,0.8674356790792496,0.9290126392592871
0.9998334,1.0,0.8674098732935924,0.9289978392571451
0.99983364,1.0,0.8673840675079353,0.9289830388459542
0.9998338,1.0,0.8673582617222781,0.9289682380256975
0.9998339,1.0,0.867332455936621,0.9289534367963579
0.99983484,1.0,0.8673066501509639,0.9289386351579186
0.9998349,1.0,0.8672808443653067,0.9289238331103626
0.9998353,1.0,0.8672550385796496,0.9289090306536729
0.9998354,1.0,0.8672292327939924,0.9288942277878325
0.99983543,1.0,0.8672034270083353,0.9288794245128246
0.99983555,1.0,0.8671776212226782,0.9288646208286322
0.9998358,1.0,0.867151815437021,0.928849816735238
0.99983585,1.0,0.8671260096513639,0.9288350122326254
0.999836,1.0,0.8670485922943924,0.9287905962693069
0.9998361,1.0,0.8670227865087352,0.9287757901296506
0.99983615,1.0,0.8669969807230781,0.9287609835806909
0.9998362,1.0,0.8669711749374209,0.928746176622411
0.99983627,1.0,0.8669453691517638,0.9287313692547938
0.9998364,1.0,0.8668421460091352,0.9286721356906121
0.99983656,1.0,0.8668163402234781,0.9286573262760537
0.9998367,1.0,0.866790534437821,0.9286425164520561
0.99983674,1.0,0.8667389228665067,0.9286128955756756
0.999837,1.0,0.8667131170808495,0.9285980845232586
0.9998371,1.0,0.8666873112951924,0.9285832730613345
0.99983716,1.0,0.8666615055095352,0.9285684611898865
0.9998372,1.0,0.8666356997238781,0.9285536489088974
0.9998374,1.0,0.866609893938221,0.9285388362183501
0.9998375,1.0,0.8665582823669067,0.9285092096085136
0.9998377,1.0,0.8665324765812495,0.9284943956891905
0.999838,1.0,0.8665066707955924,0.9284795813602411
0.9998382,1.0,0.8664808650099353,0.9284647666216489
0.99983823,1.0,0.8664550592242781,0.9284499514733967
0.99983853,1.0,0.866429253438621,0.9284351359154676
0.99983865,1.0,0.8661711955820495,0.9282869578002035
0.99983895,1.0,0.8661453897963923,0.928272137734706
0.99983907,1.0,0.8661195840107352,0.9282573172593275
0.9998391,1.0,0.8660163608681066,0.9281980312586638
0.99983925,1.0,0.8659905550824495,0.9281832087336256
0.99983937,1.0,0.8659647492967923,0.9281683857986042
0.9998395,1.0,0.8659131377254781,0.9281387386985446
0.9998396,1.0,0.8658615261541638,0.9281090899583487
0.99983966,1.0,0.8658099145828495,0.9280794395778809
0.9998397,1.0,0.8657583030115352,0.9280497875570046
0.9998398,1.0,0.8654486335836494,0.9278718409755476
0.99984,1.0,0.8654228277979923,0.9278570094269527
0.99984014,1.0,0.8653196046553637,0.9277976791288287
0.9998405,1.0,0.8652937988697066,0.9277828455282763
0.9998407,1.0,0.8652679930840494,0.9277680115172815
0.9998411,1.0,0.8652421872983923,0.9277531770958269
0.9998412,1.0,0.865190575727078,0.9277235070214708
0.9998413,1.0,0.8651131583701066,0.9276789988310635
0.99984133,1.0,0.865009935227478,0.9276196488292415
0.9998416,1.0,0.8649841294418209,0.9276048103022535
0.99984187,1.0,0.8649583236561638,0.9275899713646185
0.9998419,1.0,0.8649325178705066,0.9275751320163194
0.99984205,1.0,0.8649067120848494,0.9275602922573389
0.9998423,1.0,0.8648809062991922,0.9275454520876604
0.9998424,1.0,0.8648551005135351,0.9275306115072665
0.99984264,1.0,0.864829294727878,0.9275157705161403
0.9998427,1.0,0.8648034889422208,0.9275009291142648
0.9998429,1.0,0.8647518773709065,0.9274712450781973
0.9998432,1.0,0.8646228484426208,0.9273970277987209
0.99984336,1.0,0.8645970426569637,0.9273821831102365
0.9998435,1.0,0.8645712368713065,0.927367338010849
0.99984384,1.0,0.8645454310856494,0.9273524925005416
0.999844,1.0,0.8645196252999923,0.9273376465792973
0.9998441,1.0,0.8644938195143351,0.927322800247099
0.9998442,1.0,0.8644422079430208,0.9272931063497716
0.99984425,1.0,0.8643647905860494,0.9272485624211986
0.9998443,1.0,0.8643131790147351,0.9272188644135627
0.9998444,1.0,0.864287373229078,0.9272040147931174
0.99984443,1.0,0.8642615674434209,0.9271891647615643
0.9998446,1.0,0.8642099558721065,0.927159463465067
0.99984473,1.0,0.8640551211581636,0.927070349707215
0.9998448,1.0,0.8640293153725065,0.9270554959749245
0.9998451,1.0,0.8639777038011922,0.9270257872764912
0.99984515,1.0,0.8639002864442208,0.926981221143954
0.9998453,1.0,0.8638486748729065,0.9269515083321384
0.9998454,1.0,0.8637970633015922,0.9269217938747305
0.99984545,1.0,0.8636164228019922,0.9268177803127913
0.99984556,1.0,0.8635906170163351,0.9268029195864435
0.9998456,1.0,0.863564811230678,0.9267880584485269
0.9998458,1.0,0.8635390054450208,0.9267731968990242
0.99984586,1.0,0.8634873938737064,0.9267434725651919
0.99984604,1.0,0.8634615880880493,0.9267286097808283
0.9998462,1.0,0.8634357823023922,0.9267137465848103
0.9998464,1.0,0.863409976516735,0.9266988829771209
0.9998466,1.0,0.8633841707310779,0.9266840189577426
0.9998467,1.0,0.8633325591597636,0.9266542896838518
0.99984694,1.0,0.8633067533741065,0.9266394244293049
0.999847,1.0,0.8632551418027922,0.9266096926849228
0.9998471,1.0,0.8632035302314779,0.9265799592933756
0.9998472,1.0,0.8630745013031922,0.9265056186072609
0.99984723,1.0,0.863048695517535,0.9264907492343731
0.9998474,1.0,0.8629970839462208,0.926461009252796
0.9998477,1.0,0.8629712781605636,0.9264461386440722
0.9998482,1.0,0.8628938608035922,0.9264015243459551
0.9998483,1.0,0.8628680550179351,0.9263866520892103
0.9998486,1.0,0.862326133519135,0.9260742394880898
0.99984866,1.0,0.8622229103765064,0.9260147117104339
0.9998488,1.0,0.8621971045908493,0.9259998287348716
0.9998489,1.0,0.8621712988051922,0.9259849453468159
0.99984926,1.0,0.862145493019535,0.9259700615462493
0.99984956,1.0,0.8620938814482207,0.9259402927075151
0.9998496,1.0,0.8620680756625635,0.9259254076693133
0.9998497,1.0,0.8619906583055921,0.9258807500791634
0.9998499,1.0,0.8619648525199349,0.9258658633905411
0.99985,1.0,0.8619390467342778,0.9258509762892712
0.9998501,1.0,0.8618874351629635,0.9258212008487183
0.99985015,1.0,0.8618358235916492,0.9257914237573678
0.99985033,1.0,0.8618100178059921,0.9257765345926003
0.99985045,1.0,0.861784212020335,0.925761645015082
0.99985063,1.0,0.8617584062346778,0.9257467550247955
0.99985075,1.0,0.8617067946633635,0.9257169738058498
0.99985087,1.0,0.8616809888777064,0.925702082577156
0.999851,1.0,0.8616551830920492,0.9256871909356255
0.99985105,1.0,0.8616293773063921,0.925672298881241
0.99985117,1.0,0.8615777657350778,0.9256425135338417
0.9998513,1.0,0.8615519599494207,0.9256276202407924
0.9998516,1.0,0.8614745425924493,0.9255829378840402
0.99985164,1.0,0.8613197078785063,0.9254935620197702
0.99985176,1.0,0.8612939020928492,0.9254786645967219
0.9998518,1.0,0.861268096307192,0.9254637667605793
0.99985194,1.0,0.8612422905215349,0.9254488685113249
0.999852,1.0,0.8612164847358778,0.9254339698489418
0.9998521,1.0,0.8611906789502206,0.9254190707734129
0.9998522,1.0,0.8611648731645635,0.9254041712847209
0.9998524,1.0,0.8607261748083921,0.9251508167463395
0.9998531,1.0,0.860700369022735,0.9251359098177713
0.99985343,1.0,0.8606745632370778,0.9251210024757134
0.99985355,1.0,0.8606487574514206,0.9251060947201484
0.99985373,1.0,0.8605971458801063,0.9250762779684285
0.9998538,1.0,0.8605713400944491,0.9250613689722391
0.999854,1.0,0.8605197285231349,0.9250315497391157
0.9998541,1.0,0.8604939227374777,0.9250166395021472
0.99985415,1.0,0.8604165053805063,0.9249719063094078
0.99985427,1.0,0.860364893809192,0.9249420821125479
0.9998544,1.0,0.8602616706665634,0.9248824287541277
0.9998545,1.0,0.8602358648809063,0.9248675143801097
0.9998546,1.0,0.8602100590952492,0.924852599592292
0.99985474,1.0,0.8601326417382777,0.9248078527458687
0.999855,1.0,0.8598487780960491,0.9246437491042347
0.9998554,1.0,0.859822972310392,0.924628828107355
0.9998556,1.0,0.8597971665247348,0.9246139066964002
0.9998557,1.0,0.8597713607390777,0.9245989848713528
0.9998559,1.0,0.8596939433821063,0.9245542169114827
0.9998561,1.0,0.859642331810792,0.9245243695341238
0.9998562,1.0,0.8595907202394777,0.924494520499981
0.99985623,1.0,0.8595649144538205,0.9244795953615725
0.99985635,1.0,0.8595391086681634,0.9244646698089163
0.9998568,1.0,0.8594874970968491,0.9244348174607917
0.99985695,1.0,0.8594358855255348,0.9244049634554692
0.99985707,1.0,0.8594100797398777,0.9243900358313156
0.9998575,1.0,0.8593584681685634,0.9243601793399377
0.99985754,1.0,0.8593326623829063,0.9243452504726788
0.9998576,1.0,0.8593068565972491,0.9243303211910168
0.99985766,1.0,0.8592552450259349,0.924300461384415
0.9998577,1.0,0.8592294392402776,0.9242855308594407
0.9998578,1.0,0.8592036334546205,0.9242705999199942
0.99985784,1.0,0.8591520218833062,0.9242407367976163
0.99985796,1.0,0.859126216097649,0.9242258046146504
0.999858,1.0,0.8591004103119919,0.9242108720171434
0.99985814,1.0,0.8590746045263348,0.924195939005078
0.9998584,1.0,0.8590229929550205,0.9241660717372036
0.9998585,1.0,0.8589971871693634,0.9241511374813598
0.9998586,1.0,0.8589713813837062,0.9241362028108885
0.9998587,1.0,0.8589455755980491,0.9241212677257727
0.99985874,1.0,0.8589197698123919,0.9241063322259951
0.99985886,1.0,0.8588939640267348,0.9240913963115382
0.99985904,1.0,0.8588681582410777,0.9240764599823849
0.9998591,1.0,0.8588423524554205,0.9240615232385179
0.99985915,1.0,0.8588165466697634,0.92404658607992
0.9998593,1.0,0.8587649350984491,0.9240167105184618
0.99985933,1.0,0.8586617119558205,0.9239569544180137
0.9998594,1.0,0.8586359061701634,0.9239420143558152
0.9998596,1.0,0.8586101003845062,0.9239270738787474
0.9998598,1.0,0.8585842945988491,0.9239121329867931
0.9998599,1.0,0.8585326830275348,0.9238822499581559
0.99986,1.0,0.8584552656705633,0.9238374223031196
0.99986017,1.0,0.858403654099249,0.9238075351248398
0.9998603,1.0,0.8583778483135919,0.9237925909131716
0.99986047,1.0,0.8583262367422776,0.9237627012446913
0.9998605,1.0,0.8583004309566205,0.9237477557878451
0.99986076,1.0,0.8582746251709633,0.9237328099159048
0.9998612,1.0,0.8582488193853062,0.9237178636288532
0.99986124,1.0,0.8581972078139919,0.9236879698093474
0.9998614,1.0,0.8581714020283348,0.9236730222768585
0.99986196,1.0,0.8581197904570205,0.923643125966322
0.99986213,1.0,0.8580939846713633,0.9236281771882401
0.9998622,1.0,0.8580165673143919,0.9235833283625309
0.9998624,1.0,0.8579391499574205,0.923538475799264
0.9998625,1.0,0.8579133441717633,0.9235235241141925
0.99986255,1.0,0.8578875383861062,0.9235085720137676
0.99986285,1.0,0.8578617326004491,0.923493619497972
0.999863,1.0,0.8578359268147919,0.9234786665667882
0.9998634,1.0,0.8577843152434775,0.9234487594581874
0.99986345,1.0,0.8577585094578204,0.9234338052807357
0.9998635,1.0,0.8577327036721633,0.9234188506878268
0.9998637,1.0,0.8577068978865061,0.9234038956794431
0.99986374,1.0,0.8576294805295347,0.9233590281612718
0.99986386,1.0,0.8574488400299347,0.9232543227406946
0.99986404,1.0,0.8573714226729633,0.9232094427543884
0.9998641,1.0,0.8573456168873062,0.923194481927542
0.99986416,1.0,0.857319811101649,0.9231795206849612
0.9998643,1.0,0.857139170602049,0.9230747803448753
0.9998644,1.0,0.8571133648163919,0.9230598157757952
0.99986446,1.0,0.8570875590307346,0.9230448507908245
0.9998645,1.0,0.8570617532450775,0.9230298853899461
0.9998646,1.0,0.8569843358881061,0.9229849866916912
0.9998649,1.0,0.8569585301024489,0.9229700196270083
0.999865,1.0,0.8569069185311347,0.922940084249642
0.99986506,1.0,0.8568811127454775,0.9229251159369238
0.9998652,1.0,0.8568553069598204,0.9229101472081591
0.99986523,1.0,0.8568036953885061,0.9228802085024209
0.9998655,1.0,0.856777889602849,0.9228652385254127
0.99986553,1.0,0.8567520838171918,0.9228502681322885
0.9998656,1.0,0.8565198317462775,0.9227155158660937
0.9998661,1.0,0.8564682201749633,0.9226855663393123
0.9998662,1.0,0.8564424143893061,0.9226705909514439
0.9998663,1.0,0.856416608603649,0.922655615147234
0.9998664,1.0,0.8563908028179918,0.9226406389266654
0.9998665,1.0,0.8562875796753632,0.9225807298804546
0.9998666,1.0,0.8562101623183918,0.9225357937231775
0.99986666,1.0,0.8561843565327346,0.9225208141711125
0.9998667,1.0,0.8561327449614203,0.9224908538174201
0.9998669,1.0,0.856081133390106,0.9224608917975277
0.9998671,1.0,0.8560037160331346,0.9224159456432608
0.9998672,1.0,0.8559779102474775,0.922400962758588
0.99986726,1.0,0.8559521044618204,0.922385979457261
0.9998674,1.0,0.8557714639622204,0.9222810846801949
0.99986744,1.0,0.8557456581765632,0.9222660980450087
0.99986756,1.0,0.8556166292482774,0.9221911586165701
0.9998678,1.0,0.8555908234626203,0.9221761694802592
0.9998679,1.0,0.8555650176769631,0.9221611799270332
0.99986804,1.0,0.855539211891306,0.9221461899568748
0.9998681,1.0,0.8555134061056489,0.9221311995697667
0.99986845,1.0,0.8554359887486774,0.9220862259065697
0.9998685,1.0,0.8554101829630203,0.9220712338514886
0.9998686,1.0,0.8552553482490775,0.92198127276262
0.99986863,1.0,0.8552037366777632,0.9219512823960532
0.99986887,1.0,0.855177930892106,0.9219362865870145
0.9998689,1.0,0.8551521251064489,0.9219212903607824
0.999869,1.0,0.8550230961781632,0.9218463029711109
0.99986905,1.0,0.854997290392506,0.9218313042413527
0.99986935,1.0,0.8549714846068489,0.9218163050942791
0.9998694,1.0,0.8549456788211917,0.9218013055298727
0.9998696,1.0,0.8548682614642202,0.921756304332483
0.99986964,1.0,0.8547650383215917,0.9216962968922485
0.9998697,1.0,0.8547392325359345,0.9216812939885533
0.99986976,1.0,0.8546876209646203,0.9216512869286765
0.9998698,1.0,0.8546618151789631,0.9216362827724603
0.9998699,1.0,0.8545585920363346,0.9215762619720033
0.99986994,1.0,0.8544037573223917,0.9214862182426229
0.9998703,1.0,0.8543779515367346,0.921471209492488
0.9998705,1.0,0.8543005341797631,0.9214261807356121
0.99987066,1.0,0.8542489226084489,0.921396159475461
0.9998707,1.0,0.8541973110371345,0.9213661365440268
0.99987084,1.0,0.8541715052514773,0.9213511244515348
0.9998709,1.0,0.8540682821088488,0.9212910719026611
0.999871,1.0,0.8539650589662202,0.9212310126667006
0.99987113,1.0,0.8538102242522774,0.9211409112720281
0.9998712,1.0,0.8537844184666202,0.9211258929096068
0.99987125,1.0,0.853732806895306,0.9210958549303414
0.9998713,1.0,0.8535779721813631,0.9210057309559097
0.9998714,1.0,0.853552166395706,0.9209907088296447
0.9998715,1.0,0.8535263606100487,0.9209756862850877
0.99987155,1.0,0.8534489432530773,0.9209306161414892
0.9998717,1.0,0.853397331681763,0.920900567287309
0.9998718,1.0,0.8531908853965059,0.9207803551333101
0.99987185,1.0,0.8531650796108488,0.9207653267308281
0.9998719,1.0,0.8531392738251916,0.9207502979097918
0.99987197,1.0,0.8531134680395345,0.9207352686701835
0.9998722,1.0,0.8530876622538773,0.920720239011986
0.9998725,1.0,0.8530618564682202,0.9207052089351817
0.99987257,1.0,0.853036050682563,0.9206901784397532
0.9998727,1.0,0.852674769683363,0.9204797075384078
0.9998728,1.0,0.8526231581120487,0.9204496335657194
0.99987286,1.0,0.8525457407550773,0.9204045194647301
0.9998729,1.0,0.8524683233981059,0.9203594015929725
0.999873,1.0,0.8524167118267916,0.920329320916696
0.99987304,1.0,0.8522360713271916,0.9202240253483615
0.9998731,1.0,0.8522102655415345,0.9202089814477161
0.9998732,1.0,0.852132848184563,0.920163847230498
0.9998733,1.0,0.8521070423989059,0.9201488016529398
0.99987334,1.0,0.8520812366132486,0.9201337556561093
0.9998734,1.0,0.8520554308275915,0.9201187092399895
0.99987346,1.0,0.8520296250419344,0.9201036624045623
0.9998735,1.0,0.8520038192562772,0.9200886151498106
0.9998736,1.0,0.8519780134706201,0.9200735674757168
0.9998737,1.0,0.851771567185363,0.9199531709845445
0.99987376,1.0,0.8517199556140487,0.9199230676671026
0.9998738,1.0,0.8516683440427344,0.9198929626715204
0.99987394,1.0,0.8516425382570773,0.9198779095443831
0.9998741,1.0,0.8516167324714201,0.9198628559976578
0.9998742,1.0,0.8515651209001058,0.9198327476453745
0.99987423,1.0,0.8515135093287916,0.9198026376145297
0.99987435,1.0,0.8514877035431344,0.9197875819696031
0.9998745,1.0,0.8514618977574773,0.9197725259049836
0.99987453,1.0,0.8513844804005057,0.9197273551927917
0.9998746,1.0,0.8513328688291915,0.9196972392858773
0.9998747,1.0,0.8512038399009058,0.9196219421718148
0.99987507,1.0,0.8511264225439343,0.9195767588648852
0.9998751,1.0,0.85107481097262,0.9195466345606013
0.99987525,1.0,0.8509199762586772,0.9194562515678147
0.9998753,1.0,0.8508941704730201,0.9194411862655087
0.99987537,1.0,0.8508425589017058,0.9194110544005887
0.9998755,1.0,0.8508167531160487,0.9193959878379395
0.99987555,1.0,0.8505586952594771,0.9192452991003229
0.9998756,1.0,0.8504296663311914,0.9191699389704133
0.99987566,1.0,0.8504038605455343,0.9191548656832619
0.9998758,1.0,0.8503780547598772,0.9191397919756797
0.99987584,1.0,0.8502232200459343,0.9190493409001533
0.9998759,1.0,0.8491135712626771,0.9184006649097838
0.999876,1.0,0.8490361539057056,0.9183553793910583
0.9998761,1.0,0.8490103481200485,0.9183402833754443
0.99987614,1.0,0.8489071249774199,0.9182798950989902
0.9998763,1.0,0.8488813191917628,0.9182647969762892
0.9998764,1.0,0.8488297076204485,0.9182345994664579
0.99987644,1.0,0.8488039018347914,0.9182195000792926
0.9998766,1.0,0.8487780960491342,0.918204400270604
0.9998767,1.0,0.8483393976929627,0.9179476390127206
0.99987674,1.0,0.8482877861216485,0.917917423792606
0.9998768,1.0,0.8482619803359913,0.9179023155497427
0.9998769,1.0,0.8482361745503342,0.9178872068849853
0.9998772,1.0,0.848210368764677,0.9178720977983159
0.9998773,1.0,0.8480039224794199,0.9177512099140122
0.99987733,1.0,0.8479523109081056,0.9177209837225798
0.9998775,1.0,0.8479265051224485,0.9177058699937131
0.9998777,1.0,0.8478490877654771,0.9176605262742978
0.99987775,1.0,0.8477200588371913,0.9175849449648281
0.9998778,1.0,0.8476942530515341,0.9175698274362083
0.99987787,1.0,0.847668447265877,0.9175547094853054
0.9998779,1.0,0.8476426414802198,0.9175395911121014
0.999878,1.0,0.8475394183375913,0.9174791133959225
0.9998781,1.0,0.8475136125519341,0.9174639929109484
0.9998782,1.0,0.847487806766277,0.9174488720035673
0.9998783,1.0,0.8474361951949627,0.9174186289215129
0.9998784,1.0,0.8474103894093056,0.9174035067468042
0.9998786,1.0,0.8473845836236484,0.9173883841496177
0.99987864,1.0,0.8472297489097056,0.9172976396934703
0.9998787,1.0,0.8471781373383913,0.9172673881607952
0.999879,1.0,0.8468684679105055,0.9170858434582504
0.99987906,1.0,0.8468426621248484,0.9170707119849362
0.9998793,1.0,0.8468168563391912,0.9170555800887544
0.99987936,1.0,0.8467910505535341,0.9170404477696871
0.9998795,1.0,0.846765244767877,0.9170253150277167
0.9998796,1.0,0.8467394389822198,0.9170101818628256
0.99987966,1.0,0.8463781579830197,0.9167982731377309
0.9998798,1.0,0.8462749348403912,0.9167377125551048
0.9998799,1.0,0.8456555959846197,0.9163742068049361
0.99987996,1.0,0.8455523728419911,0.916313598793564
0.99988,1.0,0.8455007612706769,0.9162832922454179
0.9998802,1.0,0.8454749554850197,0.9162681383356676
0.99988043,1.0,0.8454491496993626,0.9162529840021089
0.9998805,1.0,0.8452427034141055,0.9161317340743975
0.9998808,1.0,0.8452168976284483,0.9161165759257618
0.9998809,1.0,0.8451136744858198,0.9160559390911772
0.99988097,1.0,0.8450620629145055,0.9160256181296108
0.999881,1.0,0.8450362571288483,0.9160104570126969
0.99988115,1.0,0.843720162060334,0.9152366772854553
0.9998813,1.0,0.8436943562746768,0.9152214940911544
0.9998815,1.0,0.8436685504890197,0.9152063104718158
0.99988157,1.0,0.8436427447033625,0.9151911264274217
0.99988186,1.0,0.8435911331320483,0.9151607570633958
0.999882,1.0,0.8435653273463911,0.9151455717437281
0.99988204,1.0,0.8435137157750767,0.9151151998289945
0.9998821,1.0,0.8434879099894196,0.9151000132338928
0.99988216,1.0,0.8434621042037624,0.9150848262136105
0.9998822,1.0,0.8434362984181053,0.91506963876813
0.9998823,1.0,0.8434104926324482,0.9150544508974333
0.9998824,1.0,0.8432814637041625,0.9149785051650826
0.99988246,1.0,0.8432556579185053,0.9149633147427139
0.9998827,1.0,0.8432298521328482,0.914948123895004
0.99988276,1.0,0.843204046347191,0.9149329326219352
0.9998829,1.0,0.8431524347758768,0.9149025487996488
0.99988294,1.0,0.8430750174189053,0.9148569698755797
0.99988323,1.0,0.842481484348791,0.9145074042076702
0.9998833,1.0,0.8424556785631339,0.9144922005914132
0.9998834,1.0,0.8424040669918196,0.9144617920811949
0.9998835,1.0,0.8423782612061624,0.9144465871871978
0.9998836,1.0,0.8423524554205053,0.9144313818672517
0.99988365,1.0,0.8423266496348482,0.9144161761213384
0.9998837,1.0,0.842300843849191,0.9144009699494402
0.9998838,1.0,0.8422492322778767,0.9143705563276173
0.99988383,1.0,0.8422234264922196,0.9143553488776568
0.9998839,1.0,0.8421976207065625,0.9143401410016397
0.99988395,1.0,0.8421460091352482,0.9143097239713643
0.999884,1.0,0.8421202033495909,0.9142945148170701
0.99988407,1.0,0.8420943975639338,0.9142793052366478
0.9998841,1.0,0.8391009264277051,0.9125120974138443
0.99988425,1.0,0.8390751206420479,0.9124968378525293
0.9998843,1.0,0.8390493148563908,0.9124815778629658
0.99988455,1.0,0.8389718974994194,0.9124357953246051
0.9998846,1.0,0.8389460917137622,0.9124205336218677
0.99988467,1.0,0.8389202859281051,0.912405271490792
0.9998847,1.0,0.8388944801424479,0.9123900089313596
0.9998848,1.0,0.8388686743567908,0.9123747459435525
0.9998849,1.0,0.8387912569998194,0.9123289544097034
0.99988496,1.0,0.8387654512141622,0.9123136897082175
0.9998851,1.0,0.838713839642848,0.9122831590198333
0.9998852,1.0,0.8386880338571908,0.9122678930328989
0.99988526,1.0,0.8386364222858765,0.9122373597734551
0.9998853,1.0,0.8386106165002194,0.9122220925009098
0.9998854,1.0,0.8385848107145623,0.9122068247997914
0.99988556,1.0,0.8385331991432479,0.9121762881117632
0.9998856,1.0,0.8384815875719336,0.9121457497092261
0.99988574,1.0,0.8384299760006193,0.912115209592036
0.9998859,1.0,0.838378364429305,0.9120846677600482
0.9998861,1.0,0.8383525586436479,0.9120693962009601
0.99988633,1.0,0.8382751412866765,0.9120235789511019
0.99988645,1.0,0.8381203065727336,0.911931932873089
0.9998866,1.0,0.8380945007870765,0.9119166570256525
0.99988663,1.0,0.8380686950014193,0.9119013807492818
0.9998867,1.0,0.8379138602874765,0.9118097140824283
0.9998869,1.0,0.837836442930505,0.9117638749569263
0.99988693,1.0,0.8377332197878764,0.911702750115231
0.999887,1.0,0.8376816082165621,0.9116721851193326
0.99988705,1.0,0.8376299966452478,0.9116416184065407
0.99988717,1.0,0.8375525792882764,0.9115957651178609
0.9998872,1.0,0.8375267735026193,0.9115804798296976
0.99988735,1.0,0.837475161931305,0.9115499079653573
0.99988765,1.0,0.8374235503599907,0.9115193343835446
0.9998877,1.0,0.8373977445743336,0.911504046948541
0.99988776,1.0,0.8371654925034193,0.9113664407073322
0.9998878,1.0,0.8371396867177622,0.9113511489772909
0.9998879,1.0,0.8371138809321049,0.9113358568176463
0.99988794,1.0,0.8370364635751335,0.9112899777609117
0.999888,1.0,0.8370106577894764,0.9112746838826727
0.9998882,1.0,0.8369848520038192,0.9112593895747401
0.99988824,1.0,0.8369332404325049,0.9112287996697207
0.9998884,1.0,0.8368816288611907,0.9111982080457086
0.99988854,1.0,0.8368558230755335,0.9111829115890351
0.99988866,1.0,0.8368300172898764,0.9111676147025589
0.9998887,1.0,0.8367784057185621,0.9111370196401266
0.99988896,1.0,0.8366493767902764,0.911060524461234
0.999889,1.0,0.8365977652189621,0.9110299233801713
0.99988914,1.0,0.836571959433305,0.9110146221946737
0.9998892,1.0,0.8365203478619907,0.9109840185336544
0.9998893,1.0,0.8364687362906764,0.9109534131524829
0.99988943,1.0,0.836417124719362,0.910922806051014
0.9998897,1.0,0.8363913189337049,0.9109075018551226
0.99988973,1.0,0.8363655131480477,0.9108921972291024
0.9998898,1.0,0.8362880957910763,0.9108462807700886
0.9998899,1.0,0.8361848726484478,0.9107850528018339
0.99988997,1.0,0.8361590668627906,0.9107697447341309
0.99989,1.0,0.8361332610771335,0.9107544362361361
0.9998901,1.0,0.8361074552914763,0.910739127307831
0.99989015,1.0,0.8360300379345049,0.9106931979408737
0.99989027,1.0,0.8359010090062192,0.9106166403880488
0.9998903,1.0,0.8358493974349049,0.9105860143537315
0.9998904,1.0,0.8358235916492478,0.9105707006908175
0.99989045,1.0,0.8357977858635907,0.9105553865973754
0.9998906,1.0,0.8357461742922764,0.9105247571188348
0.99989074,1.0,0.8357203685066192,0.9105094417337001
0.99989104,1.0,0.8351268354365049,0.910157068993082
0.9998913,1.0,0.8350752238651906,0.9101264171129209
0.99989134,1.0,0.8348945833655905,0.9100191219531741
0.9998914,1.0,0.8348687775799334,0.910003792348627
0.99989146,1.0,0.8348429717942762,0.9099884623128797
0.9998916,1.0,0.8348171660086191,0.9099731318459138
0.99989164,1.0,0.834791360222962,0.9099578009477111
0.99989176,1.0,0.8347397486516477,0.9099271378575225
0.9998918,1.0,0.8345591081520477,0.9098198034552296
0.9998919,1.0,0.8345074965807334,0.9097891326006502
0.9998921,1.0,0.8344816907950763,0.9097737965261867
0.9998922,1.0,0.8344558850094191,0.9097584600202498
0.99989235,1.0,0.8344042734381049,0.9097277857138832
0.9998924,1.0,0.8343526618667906,0.9096971096814045
0.9998925,1.0,0.8341978271528476,0.9096050712258388
0.99989253,1.0,0.8341720213671905,0.9095897299724927
0.9998926,1.0,0.8341462155815333,0.9095743882874545
0.9998927,1.0,0.8341204097958762,0.9095590461707062
0.9998928,1.0,0.8340946040102191,0.9095437036222296
0.99989295,1.0,0.8340687982245619,0.9095283606420063
0.99989325,1.0,0.8340429924389048,0.909513017230018
0.9998933,1.0,0.8339655750819334,0.9094669844032821
0.99989337,1.0,0.8338365461536477,0.9093902543883904
0.9998935,1.0,0.8337849345823334,0.9093595593590589
0.99989355,1.0,0.8337591287966762,0.9093442111964541
0.9998936,1.0,0.8336817114397048,0.9092981641166651
0.9998937,1.0,0.8336300998683905,0.909267463903311
0.99989384,1.0,0.833552682511419,0.9092214103426731
0.9998941,1.0,0.8335268767257619,0.9092060582915591
0.9998942,1.0,0.8335010709401047,0.9091907058082971
0.99989426,1.0,0.8334752651544476,0.9091753528928691
0.9998943,1.0,0.8333978477974762,0.9091292915534064
0.9998945,1.0,0.8331397899409048,0.9089757256568898
0.99989474,1.0,0.8330107610126191,0.9088989264939615
0.9998949,1.0,0.8329849552269619,0.9088835653639101
0.999895,1.0,0.8329591494413048,0.9088682038013274
0.99989516,1.0,0.8329075378699905,0.9088374793784955
0.9998953,1.0,0.832830120513019,0.9087913894998063
0.99989533,1.0,0.8327785089417047,0.90876066075084
0.9998954,1.0,0.8327268973703904,0.9087299302711639
0.99989545,1.0,0.8327010915847333,0.9087145643822642
0.99989563,1.0,0.8326752857990761,0.9086991980606323
0.99989575,1.0,0.832649480013419,0.9086838313062496
0.9998959,1.0,0.8326236742277618,0.9086684641190983
0.99989593,1.0,0.8325204510851333,0.9086069910424394
0.999896,1.0,0.8324946452994761,0.9085916216911698
0.99989605,1.0,0.8323398105855333,0.9084993964924639
0.99989617,1.0,0.8323140047998762,0.9084840241106608
0.9998964,1.0,0.8320817527289618,0.9083456531869424
0.99989647,1.0,0.8320559469433046,0.9083302764742505
0.9998965,1.0,0.8320043353719904,0.9082995217492795
0.9998966,1.0,0.8319785295863332,0.908284143736964
0.99989665,1.0,0.831926918015019,0.9082533864125814
0.9998967,1.0,0.8319011122293618,0.9082380071004774
0.99989676,1.0,0.8318753064437047,0.9082226273550741
0.9998969,1.0,0.8318495006580475,0.9082072471763533
0.99989694,1.0,0.8317720833010761,0.908161104040101
0.999897,1.0,0.831746277515419,0.9081457221279261
0.9998971,1.0,0.8316688601584475,0.9080995737908724
0.9998973,1.0,0.8312559675879332,0.9078533834279517
0.9998975,1.0,0.831230161802276,0.9078379928441095
0.99989754,1.0,0.8312043560166189,0.9078226018264915
0.9998976,1.0,0.8311011328739903,0.9077610334178943
0.9998977,1.0,0.8310495213026761,0.9077302466104638
0.9998981,1.0,0.8309462981600475,0.9076686677886051
0.99989814,1.0,0.8308946865887332,0.9076378757738833
0.9998982,1.0,0.8308430750174189,0.9076070820231044
0.9998985,1.0,0.8307398518747904,0.907545489312787
0.9998988,1.0,0.8307140460891331,0.9075300900499425
0.99989885,1.0,0.830688240303476,0.907514690352955
0.9998989,1.0,0.8304559882325617,0.9073760735406121
0.9998991,1.0,0.8304301824469046,0.9073606695011867
0.99989915,1.0,0.8304043766612474,0.9073452650274163
0.9998992,1.0,0.8303785708755903,0.9073298601192827
0.9998993,1.0,0.8303527650899332,0.9073144547767676
0.9998995,1.0,0.8302237361616475,0.9072374215478256
0.99989974,1.0,0.8301979303759903,0.9072220135986351
0.9998998,1.0,0.8301721245903332,0.9072066052149345
0.99989986,1.0,0.8301205130190189,0.9071757871439292
0.9998999,1.0,0.8300689014477046,0.9071449673346624
0.9999,1.0,0.8300430956620475,0.9071295567781351
0.99990004,1.0,0.8299914840907331,0.9070987343612005
0.9999001,1.0,0.829965678305076,0.9070833225007564
0.9999003,1.0,0.8299140667337617,0.9070524974758231
0.9999005,1.0,0.8298366493767902,0.9070062566780336
0.99990076,1.0,0.8298108435911331,0.9069908422092597
0.9999011,1.0,0.8296560088771903,0.9068983462654663
0.9999013,1.0,0.8296302030915331,0.9068829287528039
0.99990135,1.0,0.8295785915202188,0.9068520924227165
0.9999014,1.0,0.8290624758070759,0.9065436334081842
0.99990153,1.0,0.8290366700214188,0.9065282058878235
0.9999016,1.0,0.8290108642357616,0.9065127779321243
0.99990165,1.0,0.8289592526644474,0.9064819207146372
0.9999018,1.0,0.8289334468787902,0.9064664914528124
0.99990183,1.0,0.8287786121648474,0.9063739067375653
0.9999019,1.0,0.8287528063791902,0.9063584744274692
0.99990195,1.0,0.8286753890222188,0.90631217488386
0.9999021,1.0,0.8286237774509045,0.9062813063435026
0.9999022,1.0,0.8285979716652474,0.9062658714198831
0.99990225,1.0,0.8284431369513044,0.906173252728834
0.9999024,1.0,0.8284173311656473,0.9061578147552649
0.99990255,1.0,0.8283915253799902,0.906142376345915
0.99990267,1.0,0.8282624964517045,0.9060651777618062
0.9999028,1.0,0.8282366906660473,0.9060497367373834
0.9999029,1.0,0.8282108848803902,0.9060342952770506
0.99990296,1.0,0.8281592733090759,0.906003411048581
0.999903,1.0,0.8281076617377616,0.9059725250762495
0.9999031,1.0,0.8280818559521045,0.9059570814360894
0.99990314,1.0,0.8279270212381616,0.905864410438045
0.9999033,1.0,0.8278496038811901,0.905818069051495
0.9999034,1.0,0.8277979923098758,0.9057871726128903
0.99990344,1.0,0.8277205749529044,0.9057408246832572
0.9999035,1.0,0.8276689633815901,0.9057099238821352
0.9999036,1.0,0.8276173518102758,0.9056790213357477
0.9999037,1.0,0.8275399344533044,0.9056326642434699
0.9999039,1.0,0.8275141286676473,0.9056172110065841
0.999904,1.0,0.8274883228819901,0.9056017573332711
0.99990404,1.0,0.827462517096333,0.9055863032235124
0.99990416,1.0,0.8274109055250187,0.9055553936945835
0.9999042,1.0,0.8272302650254187,0.9054471965925709
0.99990433,1.0,0.8271528476684472,0.9054008198569025
0.99990445,1.0,0.8270754303114758,0.9053544391910581
0.9999046,1.0,0.8264818972413616,0.9049987234635615
0.99990463,1.0,0.8264560914557044,0.9049832523179838
0.99990475,1.0,0.82640447988439,0.9049523087152516
0.9999049,1.0,0.8263528683130758,0.9049213633636264
0.99990493,1.0,0.8263012567417615,0.9048904162629595
0.99990505,1.0,0.8262754509561043,0.9048749420566894
0.9999051,1.0,0.82622383938479,0.9048439923321827
0.9999052,1.0,0.8261722278134758,0.9048130408582639
0.9999054,1.0,0.8261464220278186,0.9047975644652286
0.99990547,1.0,0.8260690046708472,0.9047511326615965
0.9999055,1.0,0.8260431988851901,0.9047356545188153
0.99990565,1.0,0.8260173930995329,0.9047201759385513
0.99990577,1.0,0.8259915873138758,0.9047046969207858
0.99990594,1.0,0.8259399757425615,0.9046737375726768
0.999906,1.0,0.8258883641712472,0.9046427764743393
0.99990606,1.0,0.8258367525999329,0.9046118136256256
0.9999061,1.0,0.8257851410286187,0.9045808490263866
0.9999062,1.0,0.8254496658150757,0.9043795364520326
0.99990624,1.0,0.8254238600294186,0.904364047804542
0.9999063,1.0,0.8253722484581043,0.9043330691957573
0.99990636,1.0,0.82532063688679,0.9043020888351109
0.9999065,1.0,0.8252690253154757,0.9042711067224541
0.99990654,1.0,0.8252174137441615,0.9042401228576386
0.99990666,1.0,0.8251658021728472,0.9042091372405152
0.9999067,1.0,0.8250367732445615,0.9041316655303857
0.9999068,1.0,0.8250109674589042,0.9041161698738132
0.9999069,1.0,0.82495935588759,0.9040851772459729
0.99990714,1.0,0.8249077443162757,0.9040541828650814
0.9999073,1.0,0.8248045211736471,0.9039921888435505
0.9999075,1.0,0.82477871538799,0.9039766892422785
0.99990755,1.0,0.8245722691027328,0.9038526766483941
0.9999076,1.0,0.8245464633170757,0.903837173100916
0.9999077,1.0,0.8244948517457614,0.90380616469026
0.99990773,1.0,0.8244432401744471,0.9037751545252138
0.99990785,1.0,0.82441743438879,0.9037596487847478
0.9999079,1.0,0.8243658228174757,0.9037286359878369
0.999908,1.0,0.8243142112461614,0.9036976214361635
0.99990803,1.0,0.8241593765322185,0.9036045672510779
0.9999081,1.0,0.8241077649609042,0.9035735456788646
0.99990815,1.0,0.8240819591752471,0.9035580342344518
0.9999082,1.0,0.8240303476039328,0.9035270100289213
0.9999083,1.0,0.8240045418182756,0.9035114972677664
0.99990845,1.0,0.8237980955330185,0.9033873793747116
0.9999085,1.0,0.82369487239039,0.9033253098903695
0.99990857,1.0,0.8236432608190757,0.9032942725132229
0.9999086,1.0,0.8236174550334185,0.9032787531658406
0.9999087,1.0,0.8235916492477613,0.9032632333792271
0.99990875,1.0,0.8235658434621042,0.9032477131533643
0.9999089,1.0,0.823540037676447,0.9032321924882329
0.999909,1.0,0.8234626203194756,0.9031856278570434
0.99990904,1.0,0.8234110087481613,0.9031545825729004
0.9999091,1.0,0.8233852029625042,0.903139059271768
0.99990916,1.0,0.8231529508915899,0.902999329786391
0.9999093,1.0,0.8231013393202756,0.902968273954885
0.99990934,1.0,0.8229465046063328,0.902875095909272
0.9999094,1.0,0.8229206988206756,0.9028595646961055
0.99990946,1.0,0.8228948930350185,0.9028440330432043
0.9999095,1.0,0.822817475678047,0.9027974354459053
0.9999096,1.0,0.8227658641067327,0.9027663681820228
0.99990964,1.0,0.8226884467497613,0.9027197639873011
0.9999097,1.0,0.822636835178447,0.9026886923246699
0.99990976,1.0,0.8225852236071327,0.9026576189022775
0.9999099,1.0,0.8225594178214756,0.902642081531124
0.99990994,1.0,0.8224820004645041,0.9025954667776112
0.99991006,1.0,0.822275554179247,0.9024711414045657
0.9999101,1.0,0.8221207194653041,0.902377878886821
0.99991024,1.0,0.8219916905370184,0.902300148013564
0.99991035,1.0,0.8219400789657041,0.9022690525815377
0.9999104,1.0,0.821914273180047,0.9022535042048659
0.9999105,1.0,0.8218626616087327,0.9022224061301123
0.9999106,1.0,0.8217852442517612,0.9021757557141746
0.9999107,1.0,0.8216820211091327,0.9021135489916985
0.9999108,1.0,0.8216304095378184,0.9020824429867408
0.99991083,1.0,0.8215271863951898,0.9020202256886373
0.9999109,1.0,0.8214755748238756,0.9019891143951916
0.99991095,1.0,0.821398157466904,0.9019424441491093
0.999911,1.0,0.8213723516812469,0.9019268865187632
0.99991107,1.0,0.8212433227529612,0.9018490917538003
0.9999111,1.0,0.8209336533250755,0.9016623393364346
0.99991125,1.0,0.8208820417537612,0.9016312077579526
0.9999113,1.0,0.8208562359681041,0.9016156413069009
0.99991137,1.0,0.820830430182447,0.901600074414617
0.9999115,1.0,0.8207272070398183,0.9015378024327841
0.99991155,1.0,0.8206239838971897,0.9014755233897354
0.9999116,1.0,0.8205723723258754,0.9014443812198797
0.99991167,1.0,0.8205207607545612,0.9014132372842694
0.99991184,1.0,0.820494954968904,0.9013976646542595
0.9999119,1.0,0.8203401202549612,0.9013042196021492
0.99991196,1.0,0.8202885086836469,0.9012730677187852
0.999912,1.0,0.820133673969704,0.9011796014686085
0.99991214,1.0,0.8201078681840469,0.9011640222142027
0.9999122,1.0,0.8200304508270755,0.9011172818002502
0.99991226,1.0,0.8197465871848468,0.9009458662574198
0.9999124,1.0,0.8197207813991897,0.9009302803743904
0.99991244,1.0,0.8196691698278754,0.9008991072821366
0.9999125,1.0,0.819591752470904,0.9008523443279872
0.99991256,1.0,0.8195659466852468,0.9008367557923238
0.9999127,1.0,0.8195143351139326,0.9008055773944635
0.99991274,1.0,0.8194885293282754,0.900789987532229
0.9999128,1.0,0.8192046656860468,0.9006184698564648
0.99991286,1.0,0.8191788599003896,0.9006028746862527
0.9999129,1.0,0.8190240251864468,0.9005092943727907
0.999913,1.0,0.8188949962581611,0.900431298607824
0.9999131,1.0,0.8188433846868468,0.9004000972033421
0.99991316,1.0,0.8187659673298754,0.900353291776332
0.9999132,1.0,0.8187401615442182,0.9003376890818432
0.99991333,1.0,0.8187143557585611,0.9003220859445803
0.9999134,1.0,0.8186111326159325,0.9002596689674113
0.9999135,1.0,0.8185853268302753,0.9002440636159953
0.99991363,1.0,0.8185079094733039,0.9001972449043489
0.9999137,1.0,0.8184562979019896,0.9001660302152307
0.99991375,1.0,0.8183272689737039,0.9000879857399294
0.9999138,1.0,0.818172434259761,0.8999943177478597
0.9999139,1.0,0.8180434053314753,0.8999162489002777
0.99991393,1.0,0.8179143764031896,0.8998381689706118
0.999914,1.0,0.8178885706175324,0.8998225516546209
0.99991405,1.0,0.8178627648318753,0.8998069338952333
0.9999141,1.0,0.8178369590462181,0.8997913156924302
0.99991417,1.0,0.817811153260561,0.8997756970461929
0.9999143,1.0,0.8177853474749038,0.8997600779565023
0.99991435,1.0,0.8177337359035896,0.8997288384466854
0.9999144,1.0,0.8175272896183324,0.8996038626655096
0.99991447,1.0,0.8175014838326753,0.8995882386965862
0.9999145,1.0,0.8173982606900467,0.8995257383839035
0.9999146,1.0,0.8173724549043896,0.8995101121963911
0.99991465,1.0,0.8173466491187324,0.8994944855651041
0.99991477,1.0,0.8172434259761039,0.8994319746018336
0.9999148,1.0,0.8171918144047896,0.8994007164570598
0.9999149,1.0,0.8170885912621609,0.8993381948404785
0.99991494,1.0,0.8169595623338752,0.8992600328300039
0.99991506,1.0,0.816907950762561,0.8992287649174069
0.9999151,1.0,0.8168305334055895,0.8991818597176019
0.9999152,1.0,0.8167531160486181,0.8991349505202514
0.99991524,1.0,0.8166240871203324,0.8990567596398449
0.9999153,1.0,0.8164176408350752,0.898931631125405
0.9999155,1.0,0.8163402234781038,0.8988847005991786
0.9999156,1.0,0.8160305540502181,0.8986969384813203
0.99991566,1.0,0.8160047482645609,0.8986812887476839
0.9999157,1.0,0.8159273309075895,0.8986343368780316
0.99991584,1.0,0.8158499135506181,0.8985873810048661
0.9999159,1.0,0.815824107764961,0.8985717281573861
0.9999161,1.0,0.8157466904079894,0.8985247669454062
0.99991614,1.0,0.8156950788366751,0.8984934572459465
0.9999162,1.0,0.815669273051018,0.8984778017287179
0.9999164,1.0,0.8155402441227323,0.8983995174668279
0.99991643,1.0,0.8154370209801037,0.8983368820452805
0.9999166,1.0,0.8153596036231323,0.8982899008046353
0.99991673,1.0,0.8152821862661609,0.8982429155567196
0.9999168,1.0,0.8151789631235323,0.8981802623250805
0.99991685,1.0,0.815127351552218,0.8981489330370257
0.9999169,1.0,0.8149983226239322,0.8980706020216493
0.999917,1.0,0.8146886531960466,0.8978825621373634
0.99991703,1.0,0.8146628474103894,0.8978668892501082
0.9999171,1.0,0.8146370416247323,0.8978512159170875
0.99991727,1.0,0.8144564011251323,0.8977414901029156
0.9999174,1.0,0.8143273721968466,0.8976631011442185
0.99991745,1.0,0.8142757606255322,0.8976317424387842
0.9999175,1.0,0.8141983432685608,0.8975847010352045
0.99991757,1.0,0.8141209259115894,0.8975376556166543
0.9999176,1.0,0.8140435085546179,0.8974906061826196
0.9999178,1.0,0.813862868055018,0.8973808085512095
0.99991786,1.0,0.8138112564837037,0.8973494337824651
0.9999179,1.0,0.8137854506980465,0.8973337457285121
0.999918,1.0,0.8137596449123894,0.8973180572281466
0.99991804,1.0,0.8137080333410751,0.8972866788881015
0.99991816,1.0,0.8136048101984464,0.8972239168502222
0.9999182,1.0,0.8134499754845036,0.8971297603966423
0.9999183,1.0,0.8134241696988465,0.8971140660911789
0.99991834,1.0,0.8133725581275322,0.8970826761401949
0.9999184,1.0,0.813346752341875,0.897066980494636
0.99991846,1.0,0.8132951407705608,0.8970355878632892
0.9999185,1.0,0.813166111842275,0.8969570984660294
0.9999186,1.0,0.8130628886996465,0.8968942989046726
0.99991864,1.0,0.8130370829139894,0.8968785978970149
0.9999187,1.0,0.8129854713426751,0.8968471945407835
0.99991876,1.0,0.8129596655570179,0.8968314921921717
0.9999188,1.0,0.8129080539857036,0.8968000861538604
0.9999189,1.0,0.8128822482000464,0.8967843824641227
0.99991894,1.0,0.8128564424143893,0.896768678327305
0.999919,1.0,0.8126758019147893,0.8966587368497327
0.99991906,1.0,0.8125725787721607,0.8965959033095591
0.9999191,1.0,0.8124951614151893,0.896548773457748
0.9999192,1.0,0.8123403267012465,0.8964545016747105
0.99991924,1.0,0.8123145209155893,0.8964387881447978
0.9999193,1.0,0.8122887151299322,0.8964230741673848
0.9999194,1.0,0.812262909344275,0.8964073597424521
0.99991953,1.0,0.8118500167737607,0.8961558680652695
0.9999196,1.0,0.8115661531315321,0.8959829010370038
0.99991965,1.0,0.8113597068462749,0.8958570727838846
0.9999197,1.0,0.8112822894893035,0.895809879794052
0.9999198,1.0,0.8112564837036463,0.8957941479009348
0.99991995,1.0,0.8111532605610178,0.8957312158454235
0.99992007,1.0,0.8111274547753606,0.8957154817106892
0.9999201,1.0,0.8110500374183892,0.8956682766161241
0.9999202,1.0,0.8109468142757607,0.8956053302118101
0.99992025,1.0,0.8109210084901035,0.8955895924894917
0.99992037,1.0,0.8108693969187892,0.895558115699233
0.9999205,1.0,0.8107661737761607,0.8954951567356907
0.99992055,1.0,0.8107145622048463,0.8954636745621001
0.99992067,1.0,0.8105855332765606,0.8953849612757528
0.9999207,1.0,0.8104306985626177,0.8952904905220649
0.9999208,1.0,0.8103790869913035,0.8952589966798499
0.99992085,1.0,0.8103532812056463,0.8952432490853461
0.9999209,1.0,0.810301669634332,0.8952117525494505
0.99992096,1.0,0.8102242522773606,0.8951645043780978
0.999921,1.0,0.8101726407060463,0.8951330033519661
0.9999211,1.0,0.8101468349203892,0.8951172521652736
0.99992114,1.0,0.8100952233490749,0.8950857484445395
0.9999212,1.0,0.8100436117777605,0.8950542429272114
0.99992126,1.0,0.8099920002064462,0.895022735613136
0.9999213,1.0,0.809940388635132,0.8949912265021593
0.9999214,1.0,0.8099145828494748,0.8949754712727851
0.99992144,1.0,0.8098371654925034,0.8949282028888879
0.99992156,1.0,0.8098113597068463,0.8949124458622665
0.9999217,1.0,0.809759748135532,0.8948809304609253
0.99992174,1.0,0.8096565249929034,0.8948178942653099
0.9999218,1.0,0.8096049134215891,0.894786373470728
0.99992186,1.0,0.8095016902789606,0.8947233264872471
0.9999219,1.0,0.8094500787076463,0.8946918002980403
0.999922,1.0,0.809398467136332,0.8946602723103172
0.99992216,1.0,0.8093726613506749,0.8946445076419641
0.9999222,1.0,0.8091920208510748,0.8945341423711856
0.9999223,1.0,0.8091662150654176,0.8945183741047995
0.99992234,1.0,0.8090887977084462,0.8944710666065205
0.9999224,1.0,0.8089855745658177,0.8944079836434803
0.99992245,1.0,0.8089597687801605,0.8943922117778296
0.9999225,1.0,0.8088307398518748,0.8943133456992701
0.9999227,1.0,0.8087275167092463,0.8942502447348993
0.9999228,1.0,0.8086500993522748,0.8942029142849235
0.9999229,1.0,0.808521070423989,0.8941240211968551
0.99992293,1.0,0.8084694588526747,0.8940924608095068
0.999923,1.0,0.8082630125674176,0.893966201244137
0.99992305,1.0,0.8082372067817605,0.8939504167713501
0.9999231,1.0,0.8081855952104462,0.8939188464741542
0.99992317,1.0,0.8076694794973033,0.8936030443506672
0.9999233,1.0,0.8076436737116461,0.893587249510707
0.99992335,1.0,0.807617867925989,0.8935714542197686
0.9999234,1.0,0.8075920621403319,0.8935556584778324
0.99992347,1.0,0.8075662563546747,0.8935398622848792
0.99992377,1.0,0.8074114216407319,0.8934450756547224
0.9999238,1.0,0.8071533637841604,0.8932870618435552
0.9999239,1.0,0.8070759464271889,0.8932396488998473
0.99992394,1.0,0.8069985290702175,0.8931922318935076
0.999924,1.0,0.8069211117132461,0.8931448108240139
0.99992406,1.0,0.8068178885706175,0.8930815764099914
0.9999242,1.0,0.8067920827849604,0.8930657666775418
0.99992424,1.0,0.8067662769993033,0.8930499564934758
0.99992436,1.0,0.8067404712136461,0.8930341458577742
0.9999244,1.0,0.8066888596423318,0.8930025232313864
0.99992454,1.0,0.8066372480710176,0.8929708987982238
0.9999246,1.0,0.8066114422853604,0.8929550859040535
0.9999247,1.0,0.8065082191427319,0.8928918298096608
0.9999248,1.0,0.806379190214446,0.8928127495253665
0.99992484,1.0,0.8063533844287889,0.892796932112807
0.9999249,1.0,0.8061469381435318,0.8926703765406673
0.99992496,1.0,0.8060953265722175,0.8926387331270156
0.9999251,1.0,0.8060437150009032,0.8926070879048071
0.99992514,1.0,0.8059662976439318,0.8925596166801112
0.99992526,1.0,0.8058372687156461,0.8924804889273041
0.9999254,1.0,0.805811462929989,0.8924646620198212
0.99992543,1.0,0.8057856571443318,0.8924488346599857
0.9999255,1.0,0.8057340455730174,0.8924171785831797
0.9999256,1.0,0.8056824340017031,0.8923855206967314
0.9999257,1.0,0.8055275992877603,0.8922905361779792
0.99992573,1.0,0.8054501819307889,0.8922430378092263
0.9999258,1.0,0.8052179298598746,0.8921005182591721
0.99992585,1.0,0.8051663182885603,0.892068842267761
0.99992603,1.0,0.8051405125029032,0.8920530035928085
0.99992627,1.0,0.8050889009315889,0.8920213248843132
0.9999263,1.0,0.8050372893602745,0.8919896443642343
0.9999264,1.0,0.804934066217646,0.8919262778887044
0.99992645,1.0,0.8047276199323888,0.8917995231918034
0.9999265,1.0,0.8046760083610746,0.8917678299862876
0.99992657,1.0,0.8044953678614746,0.8916568894899471
0.9999267,1.0,0.8041082810766174,0.8914190850447883
0.99992675,1.0,0.8040566695053031,0.891387370075076
0.9999268,1.0,0.8037728058630745,0.8912129052998097
0.9999269,1.0,0.8036953885061031,0.8911653144669079
0.9999272,1.0,0.803669582720446,0.891149449948074
0.9999273,1.0,0.8032566901499316,0.8908955558941164
0.99992734,1.0,0.8031792727929602,0.8908479378144903
0.9999274,1.0,0.8030244380790174,0.8907526893876316
0.9999275,1.0,0.8029728265077031,0.8907209362765931
0.99992764,1.0,0.8028437975794173,0.8906415455450387
0.9999277,1.0,0.802792186008103,0.8906097860704238
0.9999279,1.0,0.8027405744367887,0.8905780247772926
0.99992794,1.0,0.8026889628654744,0.8905462616654893
0.99992806,1.0,0.8026373512941601,0.8905144967348574
0.99992836,1.0,0.8025599339371887,0.8904668459282644
0.9999284,1.0,0.8024567107945602,0.8904033051521156
0.9999285,1.0,0.802430905008903,0.8903874188209199
0.9999286,1.0,0.8023792934375887,0.8903556447938018
0.99992865,1.0,0.8023534876519316,0.8903397570978401
0.9999287,1.0,0.8021470413666744,0.8902126391499062
0.9999288,1.0,0.8020954297953601,0.8901808551121392
0.99992883,1.0,0.8020438182240458,0.890149069253746
0.999929,1.0,0.8019664008670744,0.8901013870521397
0.99992913,1.0,0.8018631777244458,0.8900378044096794
0.9999292,1.0,0.8018373719387887,0.8900219076107818
0.9999293,1.0,0.8017857603674744,0.8899901126469104
0.99992937,1.0,0.8017599545818173,0.8899742144818976
0.9999294,1.0,0.8016051198678744,0.8898788159275083
0.9999295,1.0,0.8015018967252459,0.8898152077809441
0.99992955,1.0,0.8014760909395886,0.8897993046053356
0.9999296,1.0,0.8014502851539315,0.8897834009741008
0.99992967,1.0,0.80137286779696,0.889735687346444
0.9999297,1.0,0.8013470620113029,0.8897197818925088
0.99992985,1.0,0.8010890041547315,0.889560702285101
0.9999299,1.0,0.8008309462981601,0.8894015770856929
0.99992996,1.0,0.8007793347268457,0.8893697465730465
0.99993,1.0,0.80065030579856,0.8892901623083705
0.99993056,1.0,0.8005470826559314,0.889226486684188
0.9999308,1.0,0.8004954710846172,0.8891946461341844
0.9999309,1.0,0.8004438595133029,0.8891628037586969
0.99993104,1.0,0.8004180537276457,0.8891468818863475
0.99993134,1.0,0.8003922479419886,0.8891309595575682
0.99993145,1.0,0.8003148305850172,0.8890831898324548
0.9999315,1.0,0.8001858016567315,0.8890035644935024
0.9999317,1.0,0.8001599958710743,0.8889876380559707
0.9999318,1.0,0.79938582230136,0.8885096325105215
0.9999319,1.0,0.7990503470878171,0.8883023690134685
0.99993205,1.0,0.7989987355165028,0.8882704754606215
0.99993217,1.0,0.7987922892312457,0.8881428829472169
0.9999322,1.0,0.7987664834455885,0.8881269318237395
0.9999324,1.0,0.79866326030296,0.8880631227527498
0.99993247,1.0,0.7986374545173027,0.8880471693406339
0.9999327,1.0,0.7985858429459884,0.888015261143022
0.9999329,1.0,0.7985342313746742,0.8879833511141053
0.999933,1.0,0.798508425589017,0.8879673954128585
0.99993306,1.0,0.7984310082320456,0.8879195255617268
0.9999332,1.0,0.7984052024463885,0.8879035680288204
0.99993324,1.0,0.7983793966607313,0.8878876100379497
0.9999334,1.0,0.798327785089417,0.8878556926822369
0.9999335,1.0,0.7982503677324456,0.8878078132134435
0.99993354,1.0,0.7982245619467885,0.8877918524743736
0.9999336,1.0,0.7981987561611313,0.8877758912772017
0.99993366,1.0,0.7981471445898171,0.8877439675084721
0.9999337,1.0,0.7980697272328456,0.8876960784191181
0.9999338,1.0,0.7980181156615314,0.8876641500684789
0.99993384,1.0,0.7979665040902171,0.8876322198847996
0.9999339,1.0,0.7979406983045599,0.8876162541055205
0.999934,1.0,0.7978890867332455,0.887584321171985
0.99993414,1.0,0.7977600578049598,0.887504480816524
0.9999342,1.0,0.7977342520193027,0.8874885113701385
0.99993426,1.0,0.7975794173053599,0.887392685063115
0.9999343,1.0,0.7974503883770742,0.8873128171960636
0.9999344,1.0,0.7973213594487885,0.8872329378616525
0.9999345,1.0,0.7972697478774742,0.8872009829164741
0.9999346,1.0,0.797243942091817,0.8871850047556458
0.9999347,1.0,0.7971149131635312,0.8871051070683215
0.99993485,1.0,0.7970891073778741,0.8870891261540816
0.9999349,1.0,0.7970633015922169,0.8870731447808708
0.999935,1.0,0.7970374958065598,0.8870571629486692
0.99993503,1.0,0.7970116900209027,0.8870411806574571
0.9999351,1.0,0.7969858842352455,0.8870251979072142
0.99993515,1.0,0.7969084668782741,0.8869772469021061
0.9999352,1.0,0.796882661092617,0.886961262315544
0.9999354,1.0,0.7967278263786741,0.8868653451537639
0.99993557,1.0,0.796702020593017,0.8868493573528814
0.99993575,1.0,0.7966762148073598,0.8868333690927309
0.99993587,1.0,0.7965729916647313,0.8867694114590555
0.9999359,1.0,0.796521380093417,0.8867374298860965
0.999936,1.0,0.7964955743077597,0.8867214384105173
0.99993604,1.0,0.7963923511651312,0.8866574679137413
0.9999361,1.0,0.7962633222368455,0.8865774944537527
0.9999362,1.0,0.7959020412376455,0.8863535076304966
0.99993634,1.0,0.7958762354519884,0.8863375051232233
0.9999364,1.0,0.7955407602384454,0.8861294306704032
0.99993646,1.0,0.795463342881474,0.886081402446743
0.9999365,1.0,0.7954117313101597,0.8860493813299078
0.9999366,1.0,0.7953601197388455,0.8860173583720378
0.99993664,1.0,0.7953085081675312,0.8859853335729744
0.9999367,1.0,0.7951794792392455,0.8859052635190521
0.9999368,1.0,0.7951536734535883,0.885889248127035
0.99993694,1.0,0.7950762560966168,0.8858411991881612
0.999937,1.0,0.7949472271683311,0.8857611084127712
0.99993706,1.0,0.7944569172408454,0.885456658424676
0.9999371,1.0,0.794379499883874,0.8854085721646292
0.9999372,1.0,0.7943278883125596,0.8853765123526973
0.99993724,1.0,0.7941988593842739,0.8852963547533881
0.99993736,1.0,0.7941730535986168,0.8852803218500276
0.9999374,1.0,0.7941472478129596,0.8852642884854547
0.9999375,1.0,0.7940956362416454,0.8852322203725913
0.99993765,1.0,0.7939666073133597,0.8851520420178188
0.9999377,1.0,0.7937343552424454,0.8850076919111292
0.9999378,1.0,0.793656937885474,0.8849595669016965
0.99993783,1.0,0.7936053263141596,0.8849274812540537
0.999938,1.0,0.7935795205285024,0.8849114377377664
0.9999381,1.0,0.7935537147428453,0.8848953937598082
0.99993813,1.0,0.7934246858145596,0.8848151669442605
0.9999382,1.0,0.7931666279579882,0.8846546786764067
0.99993825,1.0,0.7931150163866739,0.8846225754795985
0.9999383,1.0,0.7930117932440454,0.8845583635414688
0.99993837,1.0,0.7929343758870738,0.8845101997357935
0.9999384,1.0,0.7928569585301024,0.8844620317705955
0.9999385,1.0,0.792598900673531,0.8843014418386864
0.99993855,1.0,0.7925730948878739,0.8842853803024671
0.99993867,1.0,0.7924956775309024,0.8842371929190372
0.9999387,1.0,0.7908957188201595,0.8832403875810245
0.9999388,1.0,0.7908441072488452,0.8832082029158032
0.99993885,1.0,0.7907924956775308,0.8831760163954242
0.9999389,1.0,0.7906118551779309,0.883063348962416
0.99993896,1.0,0.7904054088926737,0.8829345583432406
0.999939,1.0,0.7903279915357023,0.8828862542034499
0.9999391,1.0,0.7901989626074166,0.8828057380197191
0.9999392,1.0,0.7900957394647881,0.882741316715617
0.99993926,1.0,0.7900441278934737,0.8827091032774184
0.9999394,1.0,0.7900183221078165,0.8826929958617118
0.9999395,1.0,0.7899409047508451,0.8826446708279226
0.99993956,1.0,0.7896312353229594,0.8824513288830755
0.9999396,1.0,0.7896054295373023,0.8824352140340529
0.9999397,1.0,0.789553817965988,0.8824029829417281
0.99993974,1.0,0.7893989832520452,0.8823062785090711
0.9999398,1.0,0.7892699543237593,0.8822256786969068
0.99993986,1.0,0.7890635080385022,0.8820966948156403
0.9999399,1.0,0.7885215865397022,0.8817579704547877
0.99994,1.0,0.788495780754045,0.8817418356032121
0.9999401,1.0,0.7884441691827307,0.8817095645031849
0.99994016,1.0,0.7883925576114165,0.8816772915405217
0.9999402,1.0,0.7881344997548451,0.8815158987820207
0.9999403,1.0,0.7875409666847307,0.8811445185948648
0.99994034,1.0,0.7875151608990736,0.8811283660356001
0.99994045,1.0,0.787411937756445,0.8810637511344853
0.9999405,1.0,0.7870764625429021,0.8808537011546459
0.9999406,1.0,0.7870248509715878,0.8808213787733095
0.9999407,1.0,0.7867925989006735,0.880675904949874
0.99994075,1.0,0.7867409873293593,0.8806435722976085
0.9999408,1.0,0.7865603468297593,0.8805303933033709
0.9999409,1.0,0.7864571236871306,0.8804657093158844
0.99994093,1.0,0.786353900544502,0.880401017852965
0.999941,1.0,0.7859668137596449,0.8801583582668165
0.99994105,1.0,0.7859410079739878,0.880142177221034
0.9999411,1.0,0.7855797269747877,0.8799155934707833
0.9999413,1.0,0.785450698046502,0.8798346484803041
0.99994135,1.0,0.7853216691182163,0.8797536917896976
0.9999414,1.0,0.7850378054759877,0.8795755458734124
0.99994147,1.0,0.784908776547702,0.879494551725347
0.9999415,1.0,0.7832572062656448,0.8784567914502873
0.99994165,1.0,0.7832314004799876,0.8784405611935328
0.9999417,1.0,0.7832055946943305,0.8784243304670235
0.99994177,1.0,0.7831023715517019,0.8783594028630325
0.9999418,1.0,0.7814508012696446,0.877319537902596
0.9999419,1.0,0.7809862971278161,0.877026728394456
0.99994195,1.0,0.7809088797708447,0.8769779119596923
0.99994206,1.0,0.7807540450569017,0.8768802663565506
0.9999421,1.0,0.7803411524863875,0.8766197950471237
0.9999422,1.0,0.7803153467007303,0.8766035115787645
0.99994224,1.0,0.7799798714871874,0.8763917835245509
0.9999423,1.0,0.7798508425589017,0.8763103284049961
0.9999424,1.0,0.7791540863461588,0.8758702666017567
0.9999425,1.0,0.778483135919073,0.8754461774972555
0.99994254,1.0,0.7780960491342159,0.8752013651198166
0.99994266,1.0,0.7780186317772445,0.875152389852971
0.9999427,1.0,0.7776573507780444,0.8749237822047773
0.99994284,1.0,0.777399292921473,0.8747604341283116
0.9999429,1.0,0.7771928466362158,0.8746297215117651
0.99994296,1.0,0.7762122267812444,0.8740084216375563
0.999943,1.0,0.7744574333565586,0.8728949079687109
0.99994314,1.0,0.7734510077159299,0.8722552807938007
0.9999432,1.0,0.7725478052179299,0.8716806379893873
0.99994326,1.0,0.7723671647183299,0.8715656391470654
0.9999433,1.0,0.7717736316482156,0.8711876207056146
0.99994344,1.0,0.7712833217207298,0.8708751535209891
0.9999435,1.0,0.7711800985781012,0.8708093489116729
0.9999436,1.0,0.7710252638641584,0.8707106276150159
0.9999437,1.0,0.7708446233645583,0.8705954309497765
0.99994385,1.0,0.7708188175789011,0.8705789723647562
0.9999439,1.0,0.7707414002219297,0.8705295937313982
0.999944,1.0,0.7706897886506154,0.8704966722437016
0.99994403,1.0,0.7680317927279297,0.8687986172453673
0.99994415,1.0,0.7679543753709581,0.8687490828105539
0.9999442,1.0,0.767928569585301,0.8687325703682354
0.99994427,1.0,0.7675930943717582,0.8685178647430601
0.9999443,1.0,0.767567288586101,0.868501345549997
0.9999444,1.0,0.7670511728729581,0.8681708603661936
0.99994445,1.0,0.766509251374158,0.8678236430845482
0.9999445,1.0,0.7664576398028438,0.8677905636609957
0.99994457,1.0,0.7626125777399293,0.8653206984272958
0.9999446,1.0,0.7624061314546722,0.8651877833623411
0.9999447,1.0,0.7623029083120436,0.8651213141520383
0.99994475,1.0,0.7622771025263864,0.8651046956327907
0.9999448,1.0,0.7557224329694717,0.8608677709801448
0.99994487,1.0,0.753632164331243,0.859509964931665
0.9999449,1.0,0.7485742303424427,0.8562109781462195
0.999945,1.0,0.7484710071998142,0.8561434531508502
0.9999451,1.0,0.748445201414157,0.8561265706562327
0.99994516,1.0,0.7482903667002142,0.8560252652223188
0.9999452,1.0,0.7482645609145571,0.8560083792387588
0.9999453,1.0,0.7482387551288999,0.8559914927566902
0.99994534,1.0,0.7480581146292999,0.8558732734221136
0.9999454,1.0,0.7480323088436427,0.8558563829511809
0.99994546,1.0,0.7479806972723284,0.8558226005131715
0.9999455,1.0,0.7478516683440427,0.8557381356896092
0.9999456,1.0,0.7478258625583856,0.855721241228399
0.99994564,1.0,0.7478000567727284,0.8557043462683046
0.9999457,1.0,0.7477484452014141,0.8556705548513756
0.99994576,1.0,0.747722639415757,0.8556536583944963
0.9999458,1.0,0.7476968336300999,0.8556367614386444
0.9999459,1.0,0.7473355526308999,0.8554001516522263
0.99994594,1.0,0.7471033005599855,0.8552479936867871
0.999946,1.0,0.7470516889886712,0.8552141753116094
0.99994606,1.0,0.746819436917757,0.8550619678931459
0.9999461,1.0,0.746096874919357,0.8545881747607782
0.9999462,1.0,0.7460710691336998,0.8545712463250436
0.99994624,1.0,0.7460452633480427,0.8545543173889192
0.9999463,1.0,0.7460194575623855,0.8545373879523828
0.99994636,1.0,0.7258651389641557,0.8411608976516057
0.9999464,1.0,0.7257619158215272,0.8410915839113062
0.9999465,1.0,0.7256070811075843,0.8409875977524548
0.99994653,1.0,0.7255812753219272,0.8409702649117009
0.9999466,1.0,0.72519418853707,0.840710210076083
0.99994665,1.0,0.7247296843952414,0.8403979901898314
0.9999467,1.0,0.72465226703827,0.8403459371911293
0.9999468,1.0,0.7246264612526129,0.8403285851530619
0.99994683,1.0,0.7242393744677557,0.8400682422543276
0.9999469,1.0,0.7241619571107842,0.8400161596468553
0.99994695,1.0,0.7241361513251271,0.8399987977383114
0.999947,1.0,0.7240845397538128,0.8399640723620047
0.9999471,1.0,0.7238006761115842,0.8397730456231313
0.99994713,1.0,0.7236974529689556,0.8397035657550186
0.9999472,1.0,0.723052308327527,0.8392691279732637
0.99994725,1.0,0.7230265025418698,0.8392517436951513
0.9999473,1.0,0.7227168331139842,0.8390430917336371
0.99994737,1.0,0.7226652215426699,0.839008309113563
0.9999474,1.0,0.7226394157570127,0.8389909170219407
0.9999475,1.0,0.7223813579004413,0.838816967442018
0.9999476,1.0,0.7223555521147841,0.8387995696171401
0.99994767,1.0,0.7220716884725555,0.8386081591295174
0.9999477,1.0,0.7218652421872984,0.8384689118620724
0.9999478,1.0,0.7216071843307269,0.838294805815157
0.99994785,1.0,0.7215813785450698,0.8382773923397108
0.99994797,1.0,0.7215555727594126,0.8382599783422153
0.9999481,1.0,0.7212200975458698,0.8380335488576084
0.99994814,1.0,0.720729787618384,0.8377024546398009
0.9999482,1.0,0.7204717297618126,0.8375281187258059
0.9999483,1.0,0.7202910892622126,0.8374060524653373
0.9999484,1.0,0.720007225619984,0.8372141822536628
0.99994844,1.0,0.7199298082630126,0.8371618430222721
0.9999485,1.0,0.7198523909060411,0.8371094990788899
0.99994856,1.0,0.7196201388351269,0.8369524389704303
0.9999486,1.0,0.7191298289076411,0.8366207282686526
0.99994874,1.0,0.7190782173363268,0.8365858003454821
0.9999488,1.0,0.7190266057650125,0.8365508703249793
0.9999489,1.0,0.7190007999793554,0.8365334045281693
0.999949,1.0,0.7186911305514696,0.836323774056188
0.99994904,1.0,0.7186137131944982,0.8362713546343207
0.9999491,1.0,0.7185621016231839,0.8362364057293235
0.99994916,1.0,0.7183040437666125,0.8360616297122182
0.9999492,1.0,0.7182524321952982,0.8360266682090488
0.9999493,1.0,0.7182008206239839,0.835991704605522
0.9999494,1.0,0.7180717916956981,0.8359042864063976
0.99994946,1.0,0.718045985910041,0.8358868011909022
0.9999495,1.0,0.7167040850558696,0.8349768455961477
0.9999496,1.0,0.7166524734845552,0.834941818893775
0.99994963,1.0,0.7165750561275838,0.8348892748909644
0.99994975,1.0,0.7161879693427267,0.8346264837690048
0.9999498,1.0,0.7160847462000981,0.8345563861143016
0.9999499,1.0,0.7160073288431267,0.8345038073389992
0.99994993,1.0,0.7159815230574695,0.8344862800262907
0.99995005,1.0,0.7159557172718123,0.8344687521864051
0.9999501,1.0,0.7158008825578694,0.8343635740750466
0.9999502,1.0,0.715723465200898,0.8343109779005529
0.99995023,1.0,0.7141751180614694,0.833258056741399
0.9999503,1.0,0.7140718949188408,0.8331877943622805
0.9999504,1.0,0.7139686717762123,0.8331175235201095
0.99995047,1.0,0.7138912544192408,0.833064814833683
0.9999506,1.0,0.7138654486335837,0.8330472442133565
0.99995065,1.0,0.7136848081339836,0.8329242350540385
0.9999507,1.0,0.7131170808495265,0.8325374659544085
0.99995077,1.0,0.7116719568527263,0.8315518050591048
0.9999508,1.0,0.7112074527108978,0.8312346319296688
0.9999509,1.0,0.7104074733555263,0.830687985487328
0.99995106,1.0,0.7103300559985549,0.8306350570804444
0.9999511,1.0,0.710175221284612,0.8305291858906857
0.9999512,1.0,0.7101236097132977,0.8304938912338395
0.99995124,1.0,0.7098655518567263,0.8303173859889783
0.9999513,1.0,0.7097881344997549,0.8302644240259635
0.99995136,1.0,0.7097107171427834,0.8302114572666107
0.9999514,1.0,0.7094784650718691,0.8300525282040085
0.9999515,1.0,0.7091171840726691,0.8298052193634634
0.99995154,1.0,0.7088591262160977,0.8296285061689922
0.9999516,1.0,0.7086526799308405,0.829487097181258
0.99995166,1.0,0.7086268741451833,0.8294694186550922
0.9999517,1.0,0.708575262573869,0.8294340600006949
0.9999518,1.0,0.7083946220742691,0.8293102878860755
0.99995184,1.0,0.7083688162886119,0.8292926040186829
0.9999519,1.0,0.7082397873603262,0.8292041766673983
0.99995196,1.0,0.705891460865526,0.8275924616791415
0.999952,1.0,0.7057882377228974,0.827521515246776
0.9999521,1.0,0.7057366261515832,0.8274860388105855
0.99995214,1.0,0.7056075972232975,0.8273973383268566
0.9999522,1.0,0.7054527625093546,0.8272908800299074
0.99995244,1.0,0.7054269567236975,0.8272731351010545
0.9999525,1.0,0.7054011509380403,0.8272553896351763
0.9999526,1.0,0.7045495600113545,0.8266694878303379
0.99995273,1.0,0.7042915021547831,0.8264918262302765
0.9999528,1.0,0.7040592500838688,0.8263318847834167
0.99995285,1.0,0.7040076385125545,0.8262963363187834
0.9999529,1.0,0.7016593120177543,0.8246765999974154
0.999953,1.0,0.7014786715181544,0.824551819705735
0.99995303,1.0,0.7012722252328972,0.8244091812112551
0.9999531,1.0,0.7009367500193543,0.8241773198097955
0.9999532,1.0,0.70088513844804,0.8241416407069665
0.99995327,1.0,0.7006528863771257,0.823981057945117
0.9999533,1.0,0.7005754690201543,0.8239275206106291
0.9999534,1.0,0.7004464400918686,0.8238382808867944
0.99995345,1.0,0.7003948285205543,0.8238025812051276
0.9999535,1.0,0.7002916053779258,0.8237311753399091
0.99995357,1.0,0.6998271012360971,0.8234097416262409
0.9999536,1.0,0.69980129545044,0.8233918790467051
0.9999537,1.0,0.6997754896647829,0.8233740159247942
0.99995387,1.0,0.6996722665221543,0.8233025580129059
0.9999539,1.0,0.6996464607364972,0.8232846921787491
0.999954,1.0,0.6995690433795256,0.8232310914210403
0.99995404,1.0,0.6995432375938685,0.8232132234166424
0.99995416,1.0,0.6984077830249542,0.8224264936762367
0.9999542,1.0,0.6983561714536399,0.8223907082387276
0.99995434,1.0,0.6983045598823256,0.8223549206261757
0.99995446,1.0,0.6978916673118113,0.8220685414004136
0.9999545,1.0,0.697840055740497,0.822032734203549
0.9999546,1.0,0.697478774741297,0.8217820228576179
0.9999547,1.0,0.6961626796727827,0.8208678140504125
0.9999548,1.0,0.6961368738871255,0.8208498742056153
0.99995494,1.0,0.6957239813166112,0.8205627624297869
0.999955,1.0,0.695698175530954,0.8205448133013344
0.99995536,1.0,0.6954659234600398,0.8203832465577889
0.9999555,1.0,0.6949498077468969,0.8200240508249339
0.9999558,1.0,0.6948465846042683,0.8199521854265623
0.99995583,1.0,0.6946917498903254,0.8198443709141342
0.999956,1.0,0.6934530721787825,0.8189811450655505
0.99995613,1.0,0.6932208201078682,0.8188191496128783
0.99995625,1.0,0.693169208536554,0.8187831445880837
0.9999565,1.0,0.6929627622512967,0.8186391025359606
0.99995667,1.0,0.6929369564656396,0.8186210948093249
0.9999568,1.0,0.6929111506799824,0.8186030865336898
0.99995685,1.0,0.6919821423963253,0.8179544227653736
0.9999572,1.0,0.6919563366106681,0.8179363941591012
0.99995726,1.0,0.6917756961110682,0.8178101785150612
0.9999573,1.0,0.6915950556114681,0.8176839359146206
0.9999574,1.0,0.6915692498258109,0.8176658990563888
0.9999575,1.0,0.6915176382544966,0.8176298236889039
0.9999577,1.0,0.6914918324688395,0.8176117851796003
0.99995774,1.0,0.6914402208975252,0.8175757065097451
0.99995804,1.0,0.6911821630409538,0.8173952801289565
0.9999581,1.0,0.6907176588991252,0.8170703738476587
0.99995816,1.0,0.6906402415421538,0.8170162054430816
0.9999584,1.0,0.6903305721142681,0.816799482206376
0.99995875,1.0,0.6901757374003251,0.8166910908074391
0.9999589,1.0,0.690149931614668,0.8166730236435
0.99995905,1.0,0.6900725142576966,0.8166188188412636
0.9999592,1.0,0.6898660679724394,0.8164742484211115
0.99995935,1.0,0.6871564604784393,0.8145734820713781
0.9999594,1.0,0.6871306546927821,0.8145553501843382
0.99995947,1.0,0.6869758199788393,0.8144465472127794
0.9999595,1.0,0.6868984026218679,0.814392138237007
0.99995965,1.0,0.6816598281334675,0.8106988258577494
0.9999601,1.0,0.6815824107764961,0.8106440723396301
0.9999602,1.0,0.6815566049908389,0.8106258200465669
0.99996036,1.0,0.6815307992051818,0.8106075671932822
0.9999605,1.0,0.6815049934195246,0.8105893137797503
0.99996066,1.0,0.6809888777063817,0.8102241278174708
0.9999607,1.0,0.6809630719207246,0.8102058626327872
0.9999608,1.0,0.6807566256354675,0.8100597209638076
0.99996084,1.0,0.6793631132099817,0.8090723248840048
0.99996096,1.0,0.6787437743542102,0.8086329559996717
0.99996114,1.0,0.6786921627828959,0.8085963272918301
0.99996126,1.0,0.6783050759980388,0.80832154017417
0.99996156,1.0,0.6780986297127816,0.8081749352098193
0.99996173,1.0,0.6780728239271244,0.8081566070529353
0.99996185,1.0,0.6764728652163815,0.8070191593515278
0.999962,1.0,0.6750277412195814,0.805989919543836
0.99996203,1.0,0.6750019354339243,0.8059715241214946
0.9999621,1.0,0.67404712136461,0.8052904947964712
0.99996215,1.0,0.670305282444324,0.8026140915393971
0.99996233,1.0,0.6699181956594669,0.8023365376688132
0.9999624,1.0,0.669763360945524,0.8022254800885497
0.99996257,1.0,0.6664860261670666,0.7998699199424325
0.99996275,1.0,0.6638280302443808,0.7979526900470779
0.99996305,1.0,0.663699001316095,0.7978594647250113
0.99996316,1.0,0.6590023483264948,0.7944561923242329
0.9999632,1.0,0.6589765425408377,0.7944374397957216
0.99996334,1.0,0.6587700962555805,0.7942873985626051
0.9999635,1.0,0.6402415421537508,0.7806673856214279
0.9999636,1.0,0.6374545173027792,0.7785920239907933
0.9999637,1.0,0.6261257773992929,0.770082833998559
0.99996376,1.0,0.6246032360455214,0.7689301834966542
0.99996406,1.0,0.6245774302598642,0.7689106284277321
0.9999643,1.0,0.6170937524192924,0.7632133235070728
0.99996454,1.0,0.6162421614926067,0.7625616660200178
0.9999646,1.0,0.6157002399938066,0.7621466172282474
0.99996483,1.0,0.3921189130603081,0.5633411148500294
0.9999649,1.0,0.0019870454956001137,0.003966209911997889
0.999967,1.0,0.00010322314262857732,0.0002064249753582314
0.9999699,1.0,7.7417356971433e-05,0.00015482272642835954
0.9999711,1.0,5.161157131428866e-05,0.00010321781436281229
